Type,SKU,"GTIN, UPC, EAN, or ISBN",Name,Published,"Is featured?","Visibility in catalog","Short description",Description,"Tax status","Tax class","In stock?",Stock,"Low stock amount","Backorders allowed?","Sold individually?","Weight (kg)","Length (cm)","Width (cm)","Height (cm)","Allow customer reviews?","Purchase note","Sale price","Regular price",Categories,Tags,"Shipping class",Images,"Download limit","Download expiry days",Parent,"Grouped products",Upsells,Cross-sells,"External URL","Button text",Position,Brands,"Attribute 1 name","Attribute 1 value(s)","Attribute 1 visible","Attribute 1 global","Attribute 1 default","Attribute 2 name","Attribute 2 value(s)","Attribute 2 visible","Attribute 2 global","Attribute 2 default","Attribute 3 name","Attribute 3 value(s)","Attribute 3 visible","Attribute 3 global","Attribute 3 default",meta:specialk9_internal_id,meta:specialk9_source_url,meta:specialk9_seo_title,meta:specialk9_seo_description
simple,644622021144,,"1900x HandFree",1,1,visible,,"<details><summary>Descirpción</summary><section><p>El <strong>Dogtra 1900X Handsfree</strong> es un sistema avanzado de adiestramiento remoto que combina potencia, durabilidad y comodidad. Su innovador control <strong>Handsfree Square</strong> permite entrenar sin necesidad de sostener el transmisor en la mano, dándole al guía total libertad de movimiento.</p><p> Se pueden vincular hasta <strong>14 “Squares”</strong> (botones inalámbricos) y asignarlos a diferentes funciones: tono, luz, vibración o estimulación, e incluso a distintos perros.</p><p> Diseñado para perros grandes (más de 16 kg / 35 lbs), cuenta con un alcance de <strong>1,2 km (¾ de milla)</strong>, <strong>vibración XPP</strong>, <strong>luz LED</strong> para visibilidad, y construcción <strong>resistente IPX9K a prueba de agua</strong>.</p><p> Entrenamiento profesional, rediseñado.</p></section></details><details><summary>Características principales</summary><section><ul><li>Sistema de adiestramiento remoto <strong>Handsfree</strong></li><li> <strong>Botón central de comando</strong></li><li> Luz LED integrada en el collar</li><li> <strong>Tono audible</strong></li><li> <strong>Expansible hasta 3 perros</strong></li><li> Función <strong>Boost</strong> y <strong>Bloqueo de niveles</strong></li><li> Compatible con controles <strong>Handsfree Squares adicionales</strong></li><li> Carcasa doble reforzada para mayor durabilidad</li><li> Estimulación <strong>Nick</strong>, <strong>Continua</strong> y <strong>Vibración XPP</strong></li><li> Alcance de <strong>¾ de milla (aprox. 1,2 km)</strong></li><li> <strong>100 niveles de intensidad ajustable</strong></li><li> Clasificación <strong>IPX9K impermeable</strong></li></ul><ul><li> Incluye configuración para <strong>1 perro</strong> (modo programable)</li></ul></section></details><details><summary>Garantia</summary><section><p>Un mes de garantía por defectos de fábrica. Importante el mantenimiento y manejo correcto del producto para el cuál fue diseñado. Uso del cargador debe de ser exclusivo para este producto así como le expresa el manual instrucciones. Mordeduras, cortes y golpes no serán contemplados dentro de la garantía.</p><p>No se hacen reembolsos, se hacen cambios por productos disponibles, completando el mismo monto cancelado.El producto debe estar en su estado original (caja y accesorios).<br></p><p>Se recomienda a los clientes registrar el producto en la pagina oficial de Dogtra lo más pronto posible después de hacer la compra.<strong>En caso de no registrar el producto necesitara mostrar el recibo u otra prueba de la compra para aplicar la garantía.</strong></p><p>Link para proceder con el registro de los productos: <a href=""https://dogtra.com/pages/product-registration"">https://dogtra.com/pages/product-registration</a></p></section></details>",taxable,,1,1,1,0,0,1.5,0.0,0.0,0.0,1,,,270000.00,E-Collars,,,"https://d2j6dbq0eux0bg.cloudfront.net/images/104219285/products/795068062/5358870626.webp, https://d2j6dbq0eux0bg.cloudfront.net/images/104219285/products/795068062/5358870632.webp, https://d2j6dbq0eux0bg.cloudfront.net/images/104219285/products/795068062/5358840205.webp, https://d2j6dbq0eux0bg.cloudfront.net/images/104219285/products/795068062/5358840211.webp, https://d2j6dbq0eux0bg.cloudfront.net/images/104219285/products/795068062/5358840217.webp",,,,,,,,,17,,,,,,,,,,,,,,,,,795068062,https://www.specialk9.com/1900x-HandFree-p795068062,"1900x HandFree","Descirpción El Dogtra 1900X Handsfree es un sistema avanzado de adiestramiento remoto que combina potencia, durabilidad y comodidad. Su innovador control Handsfree Square permite entrenar sin necesidad de sostener el transmisor en la mano, dándole al guía total libertad de movimiento. Se pueden…"
simple,MLT-MGN-ACC,,"Accesorio de caja magnética para entrenamiento de olores",1,0,visible,,"<details><summary>Descripción</summary><section><p>El Accesorio Magnético para Impresión/Enfoque cuenta con un orificio para la nariz de 5 cm, ideal para imprimir olores y enfocar la mirada. Incluye una placa frontal con agujero de 5 cm y un divisor de olores para mayor seguridad, impidiendo que el perro alcance la fuente del olor. Este accesorio reemplaza la placa frontal original de la K9 OPS BOX, lo que le brinda dos usos versátiles. Los imanes han sido probados con 20 kg.</p><p>NOTA: Accesorio de orificio nasal funciona solo para caja magnética para entrenamiento de olores con medidas de 12 cm de largo x 12 cm de ancho x 5,7 cm de profundidad.</p></section></details><details><summary>Garantía</summary><section><div>Garantía por defectos de fábrica. Golpes no serán contemplados dentro de la garantía.</div><div><strong>Devoluciones</strong></div><div>Se realiza cambio si el producto presenta defecto de fábrica. </div><p>No se hacen reembolsos, se hacen cambios por productos disponibles, completando el mismo monto cancelado.</p></section></details><p><br></p>",taxable,,1,1,1,0,0,0.1,0.0,0.0,0.0,1,,,24500.00,"Detección, Todos los Productos",,,"https://d2j6dbq0eux0bg.cloudfront.net/images/104219285/products/780693720/5160775817.jpg, https://d2j6dbq0eux0bg.cloudfront.net/images/104219285/products/780693720/5160775812.jpg, https://d2j6dbq0eux0bg.cloudfront.net/images/104219285/products/780693720/5160758988.jpg",,,,,"SD-46-47-48,R08C,A71",,,,,"K9 OPSBOX",,,,,,,,,,,,,,,,780693720,https://www.specialk9.com/Accesorio-de-caja-magnetica-para-entrenamiento-de-olores-p780693720,"Accesorio de caja magnética para entrenamiento de olores","Descripción El Accesorio Magnético para Impresión/Enfoque cuenta con un orificio para la nariz de 5 cm, ideal para imprimir olores y enfocar la mirada. Incluye una placa frontal con agujero de 5 cm y un divisor de olores para mayor seguridad, impidiendo que el perro alcance la fuente del olor. Este…"
variable,031,,"Agarre extraíble para arnés",1,0,visible,,"<details><summary>Descripción</summary><section><p>Agarre extraíble para arnés. El agarre extraíble tiene un accesorio incorporado en la parte posterior del mango para Luz Guardian K-9. El agarre se fija de forma fácil y segura al arnés.</p></section></details><details><summary>Garantía</summary><section><div>Garantía por defectos de fábrica. Cortes y mordeduras no serán contemplados dentro de la garantía.</div><div><strong>Devoluciones</strong></div><div>Se realiza cambio si el producto presenta defecto de fábrica. </div><p>No se hacen reembolsos, se hacen cambios por productos disponibles, completando el mismo monto cancelado.</p></section></details><p><br></p>",taxable,,,,,,0,0.075,0.0,0.0,0.0,1,,,,"Collares > Collar Nylon, Pecheras, Todos los Productos",,,"https://d2j6dbq0eux0bg.cloudfront.net/images/104219285/4553259128.jpg, https://d2j6dbq0eux0bg.cloudfront.net/images/104219285/4553258820.jpg, https://d2j6dbq0eux0bg.cloudfront.net/images/104219285/4566666744.jpg, https://d2j6dbq0eux0bg.cloudfront.net/images/104219285/4566672965.jpg",,,,,"IDC,51541 57,51663 06 55,C05,16IDC-MM-,51112 57",,,,,"Elite K9",Color,"Coyote, Negro",1,0,,,,,,,,,,,,697533500,https://www.specialk9.com/Agarre-extraible-para-arnes-p697533500,"Agarre extraíble para arnés","Descripción Agarre extraíble para arnés. El agarre extraíble tiene un accesorio incorporado en la parte posterior del mango para Luz Guardian K-9. El agarre se fija de forma fácil y segura al arnés. Garantía Garantía por defectos de fábrica. Cortes y mordeduras no serán contemplados dentro de la…"
variation,H031,,"Agarre extraíble para arnés - Negro",1,,visible,,,taxable,parent,1,1,1,0,0,,,,,,,,16600.00,,,,,,,031,,,,,,,,Color,Negro,1,0,,,,,,,,,,,,697533500,,,
variation,MH0031,,"Agarre extraíble para arnés - Coyote",1,,visible,,,taxable,parent,1,1,1,0,0,,,,,,,,16600.00,,,,,,,031,,,,,,,,Color,Coyote,1,0,,,,,,,,,,,,697533500,,,
simple,INUK/INUPF-20,,"Alimento de Alto Rendimiento para Perros Inukshuk 32/32 – 20 kg",1,1,visible,,"<p>Alimento seco de alto rendimiento formulado para perros con altos niveles de actividad. Su fórmula 32/32 (32% proteína y 32% grasa) proporciona una fuente de energía concentrada, ideal para perros de trabajo, deporte o entrenamiento intensivo.</p><p>Elaborado con ingredientes de alta calidad como pollo y pescado, ofrece una nutrición completa, altamente digestible y rica en ácidos grasos Omega, contribuyendo al desarrollo muscular, resistencia y salud general del perro. </p><p>Su alta densidad calórica permite menores raciones sin comprometer el rendimiento, siendo una opción eficiente para condiciones exigentes. </p>",taxable,,1,,,0,0,20.0,0.0,0.0,0.0,1,,,67500.00,"Todos los Productos, Alimentos & Suplementos, Alimentos & Suplementos > Alimentación",,,"https://d2j6dbq0eux0bg.cloudfront.net/images/104219285/products/823851693/5658650668.webp, https://d2j6dbq0eux0bg.cloudfront.net/images/104219285/products/823851693/5658730474.jpg, https://d2j6dbq0eux0bg.cloudfront.net/images/104219285/products/823851693/5658730187.jpg, https://d2j6dbq0eux0bg.cloudfront.net/images/104219285/products/823851693/5658665506.webp",,,,,,,,,36,Inukshuk,,,,,,,,,,,,,,,,823851693,https://www.specialk9.com/Alimento-de-Alto-Rendimiento-para-Perros-Inukshuk-32-32-20-kg-p823851693,"Alimento de Alto Rendimiento para Perros Inukshuk 32/32 – 20 kg","Alimento seco de alto rendimiento formulado para perros con altos niveles de actividad. Su fórmula 32/32 (32% proteína y 32% grasa) proporciona una fuente de energía concentrada, ideal para perros de trabajo, deporte o entrenamiento intensivo. Elaborado con ingredientes de alta calidad como pollo y…"
variable,SD6,,"Almacenamiento Magnético",1,0,visible,,"<details><summary>Descripción</summary><section><p>La caja de almacenamiento magnética se utiliza para entrenar los olores. Llene la caja con el aroma de entrenamiento de su elección y fíjela en cualquier lugar sobre o debajo de un vehículo o cualquier otra cosa hecha de metal. Ahora cuentan con un acabado en powder coat.</p></section></details><details><summary>Garantía</summary><section><div>Garantía por defectos de fábrica. Golpes no serán contemplados dentro de la garantía.</div><div><strong>Devoluciones</strong></div><div>Se realiza cambio si el producto presenta defecto de fábrica. </div><p>No se hacen reembolsos, se hacen cambios por productos disponibles, completando el mismo monto cancelado.</p></section></details><p><br></p>",taxable,,,,,,0,0.0,0.0,0.0,0.0,1,,,,"Detección, Todos los Productos",,,"https://d2j6dbq0eux0bg.cloudfront.net/images/104219285/products/695799509/4541171719.jpg, https://d2j6dbq0eux0bg.cloudfront.net/images/104219285/products/695799509/4595096037.jpg, https://d2j6dbq0eux0bg.cloudfront.net/images/104219285/products/695799509/4595094337.jpg",,,,,"SD-46-47-48,R08C,A71",,,,,"Elite K9",Tamaño,"5- 3/4"" Largo x 1-7/8"" Ancho x 1-1/4"" Profundo, 11-1/2"" Largo x 1-7/8"" Ancho x 1-1/4"" Profundo, 4.5"" Largo x 4.5"" Ancho x 2"" Profundo",1,0,,,,,,,,,,,,695799509,https://www.specialk9.com/Almacenamiento-Magnetico-p695799509,"Almacenamiento Magnético","Descripción La caja de almacenamiento magnética se utiliza para entrenar los olores. Llene la caja con el aroma de entrenamiento de su elección y fíjela en cualquier lugar sobre o debajo de un vehículo o cualquier otra cosa hecha de metal. Ahora cuentan con un acabado en powder coat. Garantía…"
variation,SD64,,"Almacenamiento Magnético - 4.5"" Largo x 4.5"" Ancho x 2"" Profundo",1,,visible,,,taxable,parent,1,0,1,1,0,,,,,,,,427000.00,,,,,,,SD6,,,,,,,,Tamaño,"4.5"" Largo x 4.5"" Ancho x 2"" Profundo",1,0,,,,,,,,,,,,695799509,,,
variation,SD68,,"Almacenamiento Magnético - 11-1/2"" Largo x 1-7/8"" Ancho x 1-1/4"" Profundo",1,,visible,,,taxable,parent,1,3,1,1,0,,,,,,,,42700.00,,,,,,,SD6,,,,,,,,Tamaño,"11-1/2"" Largo x 1-7/8"" Ancho x 1-1/4"" Profundo",1,0,,,,,,,,,,,,695799509,,,
variation,SD58,,"Almacenamiento Magnético - 5- 3/4"" Largo x 1-7/8"" Ancho x 1-1/4"" Profundo",1,,visible,,,taxable,parent,1,1,1,1,0,,,,,,,,35000.00,,,,,,,SD6,,,,,,,,Tamaño,"5- 3/4"" Largo x 1-7/8"" Ancho x 1-1/4"" Profundo",1,0,,,,,,,,,,,,695799509,,,
variable,"LH LS",,"Almohadón de mordida",1,0,visible,,"<details><summary>Descripción</summary><section><div>Esta almohadilla de cuero para morder está hecha de cuero y duradero con asas resistentes y fuertes.  La almohadilla para morder es ideal para cualquier sesión de entrenamiento o como recompensa rápida. Rendimiento resistente, ya sea para el entrenamiento de mordida o simplemente para una sesión de juego. Con el uso adecuado, obtendrá horas y horas de uso de esta almohadilla para morder.</div><div>NO deje a su perro sin supervisión para que muerda la almohadilla para morder. La almohadilla para morder de cuero NO es un juguete para masticar. Esta es una herramienta de entrenamiento.</div><div>Los tirones no tienen garantía bajo ninguna circunstancia.</div><div></div></section></details><details><summary>Garantía</summary><section><div>Garantía por defectos de fábrica. Cortes y mordeduras no serán contemplados dentro de la garantía.</div><div><strong>Devoluciones</strong></div><div>Se realiza cambio si el producto presenta defecto de fábrica. </div><p>No se hacen reembolsos, se hacen cambios por productos disponibles, completando el mismo monto cancelado.</p><p><br></p></section></details>",taxable,,,,,,0,0.64,0.0,0.0,0.0,1,,,,"Formadores, Todos los Productos",,,"https://d2j6dbq0eux0bg.cloudfront.net/images/104219285/4596528639.png, https://d2j6dbq0eux0bg.cloudfront.net/images/104219285/4596528649.jpg, https://d2j6dbq0eux0bg.cloudfront.net/images/104219285/4596532049.jpg, https://d2j6dbq0eux0bg.cloudfront.net/images/104219285/4596545115.jpg",,,,,,,,,,"Julius K9",Tipo,"Soft, Hard",1,0,,,,,,,,,,,,703265179,https://www.specialk9.com/Almohadon-de-mordida-p703265179,"Almohadón de mordida","Descripción Esta almohadilla de cuero para morder está hecha de cuero y duradero con asas resistentes y fuertes. La almohadilla para morder es ideal para cualquier sesión de entrenamiento o como recompensa rápida. Rendimiento resistente, ya sea para el entrenamiento de mordida o simplemente para una…"
variation,144LH,,"Almohadón de mordida - Hard",1,,visible,,,taxable,parent,1,1,1,1,0,,,,,,,,32700.00,,,,,,,"LH LS",,,,,,,,Tipo,Hard,1,0,,,,,,,,,,,,703265179,,,
variation,LPILS,,"Almohadón de mordida - Soft",1,,visible,,,taxable,parent,1,1,1,1,0,,,,,,,,32700.00,,,,,,,"LH LS",,,,,,,,Tipo,Soft,1,0,,,,,,,,,,,,703265179,,,
variable,TSP-TJP,,"Almohadón de Mordida",1,0,visible,,"<details><summary>Descripción</summary><section><p>La almohada con funda sintética tiene tres asas. Genial para desarrollar la mordida de cachorros. Sirve como puente entre mordedor y un traje de mordida.</p></section></details><details><summary>Medidas</summary><section><p><strong>Nivel 1:</strong> 9"" de largo x 7"" de ancho x 1"" de espesor<br></p><p><strong>Nivel 2:</strong> 9"" de largo x 7"" de ancho x 2"" de espesor<br></p></section></details><details><summary>Garantía </summary><section><div>Garantía por defectos de fábrica. Cortes y mordeduras no serán contemplados dentro de la garantía.</div><div><strong>Devoluciones</strong></div><div>Se realiza cambio si el producto presenta defecto de fábrica. </div><p>No se hacen reembolsos, se hacen cambios por productos disponibles, completando el mismo monto cancelado.</p><p><br></p></section></details>",taxable,,,,,,0,0.0,0.0,0.0,0.0,1,,,,"Formadores, Todos los Productos",,,"https://d2j6dbq0eux0bg.cloudfront.net/images/104219285/4541089345.jpg, https://d2j6dbq0eux0bg.cloudfront.net/images/104219285/4541090559.jpg, https://d2j6dbq0eux0bg.cloudfront.net/images/104219285/4541086840.jpg, https://d2j6dbq0eux0bg.cloudfront.net/images/104219285/4541090554.jpg",,,,,"TL,TJ12,TS12,T08,TJ06 TS06",,,,,"Elite K9",Nivel,"1, 2",1,0,,Material,"Yute, Lino francés",1,0,,,,,,,695721389,https://www.specialk9.com/Almohadon-de-Mordida-p695721389,"Almohadón de Mordida","Descripción La almohada con funda sintética tiene tres asas. Genial para desarrollar la mordida de cachorros. Sirve como puente entre mordedor y un traje de mordida. Medidas Nivel 1: 9"" de largo x 7"" de ancho x 1"" de espesor Nivel 2: 9"" de largo x 7"" de ancho x 2"" de espesor Garantía Garantía por…"
variation,TSP1,,"Almohadón de Mordida - 1 / Lino francés",1,,visible,,,taxable,parent,1,1,1,1,0,,,,,,,,39500.00,,,,,,,TSP-TJP,,,,,,,,Nivel,1,1,0,,Material,"Lino francés",1,0,,,,,,,695721389,,,
variation,TJP9,,"Almohadón de Mordida - 2 / Yute",1,,visible,,,taxable,parent,1,0,1,1,0,,,,,,,,41400.00,,,,,,,TSP-TJP,,,,,,,,Nivel,2,1,0,,Material,Yute,1,0,,,,,,,695721389,,,
variation,TSP9,,"Almohadón de Mordida - 2 / Lino francés",1,,visible,,,taxable,parent,1,1,1,1,0,,,,,,,,41400.00,,,,,,,TSP-TJP,,,,,,,,Nivel,2,1,0,,Material,"Lino francés",1,0,,,,,,,695721389,,,
variation,TJP1,,"Almohadón de Mordida - 1 / Yute",1,,visible,,,taxable,parent,1,2,1,1,0,,,,,,,,39500.00,,,,,,,TSP-TJP,,,,,,,,Nivel,1,1,0,,Material,Yute,1,0,,,,,,,695721389,,,
variable,TLP-TSP-TJP,,"Almohadón de Mordida",1,0,visible,,"<details><summary>Descripción</summary><section><p>La almohada cubierta de yute, cuero o lino francés de tiene tres asas. Excelente para desarrollar la mordida en su perro.</p><p>Tamaño: 8"" de alto x 14"" de ancho</p><p>Fabricado con costuras de alta calidad.</p></section></details><details><summary>Garantía</summary><section><div>Garantía por defectos de fábrica. Cortes y mordeduras no serán contemplados dentro de la garantía.</div><div><strong>Devoluciones</strong></div><div>Se realiza cambio si el producto presenta defecto de fábrica. </div><p>No se hacen reembolsos, se hacen cambios por productos disponibles, completando el mismo monto cancelado.</p><p><br></p></section></details>",taxable,,,,,,0,0.0,0.0,0.0,0.0,1,,,,"Formadores, Todos los Productos",,,"https://d2j6dbq0eux0bg.cloudfront.net/images/104219285/4541104465.jpg, https://d2j6dbq0eux0bg.cloudfront.net/images/104219285/4541104449.jpg, https://d2j6dbq0eux0bg.cloudfront.net/images/104219285/4541107786.jpg",,,,,"TSP-TJP,LH LS",,,,,"Elite K9",Material,"Cuero, Yute, Lino Francés",1,0,,,,,,,,,,,,695723437,https://www.specialk9.com/Almohadon-de-Mordida-p695723437,"Almohadón de Mordida","Descripción La almohada cubierta de yute, cuero o lino francés de tiene tres asas. Excelente para desarrollar la mordida en su perro. Tamaño: 8"" de alto x 14"" de ancho Fabricado con costuras de alta calidad. Garantía Garantía por defectos de fábrica. Cortes y mordeduras no serán contemplados dentro…"
variation,TSP,,"Almohadón de Mordida - Lino Francés",1,,visible,,,taxable,parent,1,2,1,1,0,,,,,,,,49600.00,,,,,,,TLP-TSP-TJP,,,,,,,,Material,"Lino Francés",1,0,,,,,,,,,,,,695723437,,,
variation,TJP,,"Almohadón de Mordida - Yute",1,,visible,,,taxable,parent,1,1,1,1,0,,,,,,,,49600.00,,,,,,,TLP-TSP-TJP,,,,,,,,Material,Yute,1,0,,,,,,,,,,,,695723437,,,
variation,TLP,,"Almohadón de Mordida - Cuero",1,,visible,,,taxable,parent,1,0,1,1,0,,,,,,,,51500.00,,,,,,,TLP-TSP-TJP,,,,,,,,Material,Cuero,1,0,,,,,,,,,,,,695723437,,,
simple,PBB10,PBB10,"Almohadón de Mordida",1,0,visible,,"<details><summary>Descripción</summary><section><p>Fabricada con lino francés resistente y muy duradero, esta almohadilla de mordida es un excelente dispositivo de entrenamiento para desarrollar la técnica de mordida en perros jóvenes y cachorros.</p></section></details><details><summary>Medidas</summary><section><p>13.5"" de largo<br>7"" de ancho <br>2"" de espesor</p></section></details><details><summary>Garantía </summary><section><div>Garantía por defectos de fábrica. Cortes y mordeduras no serán contemplados dentro de la garantía.</div><div><strong>Devoluciones</strong></div><div>Se realiza cambio si el producto presenta defecto de fábrica. </div><p>No se hacen reembolsos, se hacen cambios por productos disponibles, completando el mismo monto cancelado.</p><p><br></p></section></details>",taxable,,1,2,1,0,0,0.3,0.0,0.0,0.0,1,,,23000.00,"Formadores, Todos los Productos",,,"https://d2j6dbq0eux0bg.cloudfront.net/images/104219285/products/753234150/4936886501.jpg, https://d2j6dbq0eux0bg.cloudfront.net/images/104219285/products/753234150/4936876941.jpg, https://d2j6dbq0eux0bg.cloudfront.net/images/104219285/products/753234150/4936876946.jpg",,,,,"TL,TJ12,TS12,T08,TJ06 TS06",,,,,"For Dog Trainers",,,,,,,,,,,,,,,,753234150,https://www.specialk9.com/Almohadon-de-Mordida-p753234150,"Almohadón de Mordida","Descripción Fabricada con lino francés resistente y muy duradero, esta almohadilla de mordida es un excelente dispositivo de entrenamiento para desarrollar la técnica de mordida en perros jóvenes y cachorros. Medidas 13.5"" de largo 7"" de ancho 2"" de espesor Garantía Garantía por defectos de fábrica.…"
simple,A01,686644131050,"Anteojos para perro",1,0,visible,,"<details><summary>Descripción</summary><section><p>Protección ocular contra el viento, la arena y el sol.</p><p>100% protección UV, lentes antiniebla / antivaho.</p><p>Se adapta a la mayoría de los perros que pesan entre 50 y 95 libras.</p><p>Color negro.</p><p>Marca Doggles ILS</p></section></details><details><summary>Garantía</summary><section><div>Garantía por defectos de fábrica. Cortes y mordeduras no serán contemplados dentro de la garantía.</div><div><strong>Devoluciones</strong></div><div>Se realiza cambio si el producto presenta defecto de fábrica. </div><div>Muy respetuosamente pedimos que, al momento de solicitarnos un producto, tenga las medidas necesarias.</div><div>No se hacen reembolsos, se hacen cambios por productos disponibles, completando el mismo monto cancelado.</div></section></details><p><br></p>",taxable,,1,1,1,0,0,0.115,0.0,0.0,0.0,1,,,23000.00,"Seguridad y Protección Canina, Todos los Productos",,,"https://d2j6dbq0eux0bg.cloudfront.net/images/104219285/4553968264.png, https://d2j6dbq0eux0bg.cloudfront.net/images/104219285/4597645580.png",,,,,,,,,,Doggles,,,,,,,,,,,,,,,,697729763,https://www.specialk9.com/Anteojos-para-perro-p697729763,"Anteojos para perro","Descripción Protección ocular contra el viento, la arena y el sol. 100% protección UV, lentes antiniebla / antivaho. Se adapta a la mayoría de los perros que pesan entre 50 y 95 libras. Color negro. Marca Doggles ILS Garantía Garantía por defectos de fábrica. Cortes y mordeduras no serán…"
variable,"A170 A175",,"Anteojos tácticos",1,0,visible,,"<details><summary>Descripción</summary><section><p>Gafas tácticas para perros Elite K-9<br>Estas gafas tácticas permiten que su perro mantenga un mayor nivel de protección contra daños imprevistos a los ojos causados por la arena, el viento y el sol y cuando esté en el campo de tiro o haciendo entrenamiento de fuerza con balas de simunición o paintball.</p><p>Las gafas tienen un sistema de correa ajustable patentado que se adapta a la cabeza y el hocico de la mayoría de los caninos, lo que permite un movimiento superior en cualquier situación.<br>Además, viene con tres lentes intercambiables;</p><ul><li>(1) lente transparente,</li><li>(1) ahumada</li><li>(1) [amarilla] para condiciones de poca luz para operaciones nocturnas.</li></ul><p>Estas lentes se pueden cambiar con rapidez y facilidad. Las lentes están hechas de material de alto impacto de grado balístico de 2,0 mm con un revestimiento resistente a los arañazos en el exterior de las lentes. Las lentes proporcionan una protección del 400% contra los rayos UVA/UVB. También se incluye una bolsa de almacenamiento suave que también se puede usar para limpiar las lentes de suciedad y manchas.</p><p>Las gafas tácticas Elite K-9 cumplen y/o superan los estándares militares MIL-PRF-32432, ANSI Z87.1 2015 y EN166 CE y ofrecen el más alto nivel de protección sobre todas las demás gafas para perros del mercado.</p><p>TAMAÑO: LG | Las gafas se adaptarán a la mayoría de los caninos grandes que pesen entre 30 y 100 libras.</p><p>Las gafas tácticas para perros Elite K-9 vienen en dos colores: Coyote y Negro</p></section></details><details><summary>Garantía</summary><section><div>Garantía por defectos de fábrica. Cortes, golpes y mordeduras no serán contemplados dentro de la garantía.</div><div><strong>Devoluciones</strong></div><div>Se realiza cambio si el producto presenta defecto de fábrica. </div><div>Muy respetuosamente pedimos que, al momento de solicitarnos un producto, tenga las medidas necesarias.</div><div>No se hacen reembolsos, se hacen cambios por productos disponibles, completando el mismo monto cancelado.</div></section></details>",taxable,,,,,,0,0.26,0.0,0.0,0.0,1,,,,"Seguridad y Protección Canina, Todos los Productos",,,"https://d2j6dbq0eux0bg.cloudfront.net/images/104219285/4597600951.jpg, https://d2j6dbq0eux0bg.cloudfront.net/images/104219285/4541236048.jpg, https://d2j6dbq0eux0bg.cloudfront.net/images/104219285/4597600946.jpg, https://d2j6dbq0eux0bg.cloudfront.net/images/104219285/4541236043.jpg, https://d2j6dbq0eux0bg.cloudfront.net/images/104219285/4597601322.jpg, https://d2j6dbq0eux0bg.cloudfront.net/images/104219285/4597600696.jpg",,,,,,,,,,"Elite K9",Color,"Coyote, Negro",1,0,,,,,,,,,,,,695799564,https://www.specialk9.com/Anteojos-tacticos-p695799564,"Anteojos tácticos","Descripción Gafas tácticas para perros Elite K-9 Estas gafas tácticas permiten que su perro mantenga un mayor nivel de protección contra daños imprevistos a los ojos causados por la arena, el viento y el sol y cuando esté en el campo de tiro o haciendo entrenamiento de fuerza con balas de simunición…"
variation,A170,,"Anteojos tácticos - Negro",1,,visible,,,taxable,parent,1,2,0,1,0,,,,,,,,52000.00,,,,,,,"A170 A175",,,,,,,,Color,Negro,1,0,,,,,,,,,,,,695799564,,,
variation,A175,,"Anteojos tácticos - Coyote",1,,visible,,,taxable,parent,1,0,0,1,0,,,,,,,,52000.00,,,,,,,"A170 A175",,,,,,,,Color,Coyote,1,0,,,,,,,,,,,,695799564,,,
simple,644622050113,644622050113100852,"Antiladrido iQ Vibe",1,0,visible,,"<details><summary>Descripción</summary><section><p>El collar antiladridos Dogtra iQ VIBE es el primer collar antiladridos que solo vibra para perros sensibles con 3 niveles de duración de vibración, ya sea larga o corta. El iQ VIBE se activa a través del sensor de reconocimiento de sonido y proporciona una vibración cuatro veces más fuerte que la vibración de un teléfono celular. El sensor distingue los ladridos de los perros de los ruidos circundantes para ayudar a eliminar los ladridos no deseados. El iQ VIBE es un receptor recargable y ultracompacto que tiene un diseño ergonómico sin puntos de contacto para perros de 10 libras o más.</p></section></details><details><summary>Garantía</summary><section><div>Un mes de garantía por defectos de fábrica. Importante el mantenimiento y manejo correcto del producto para el cuál fue diseñado. Uso del cargador debe de ser exclusivo para este producto así como le expresa el manual instrucciones. Mordeduras, cortes y golpes no serán contemplados dentro de la garantía.</div><p>No se hacen reembolsos, se hacen cambios por productos disponibles, completando el mismo monto cancelado.El producto debe estar en su estado original (caja y accesorios).<br></p><p>Se recomienda a los clientes registrar el producto en la pagina oficial de Dogtra lo más pronto posible después de hacer la compra.<strong>En caso de no registrar el producto necesitara mostrar el recibo u otra prueba de la compra para aplicar la garantía.</strong></p><p>Link para proceder con el registro de los productos: <a href=""https://dogtra.com/pages/product-registration"">https://dogtra.com/pages/product-registration</a></p></section></details>",taxable,,1,1,1,0,0,0.31,0.0,0.0,0.0,1,,,49700.00,"E-Collars, Todos los Productos",,,"https://d2j6dbq0eux0bg.cloudfront.net/images/104219285/products/697534881/4553234706.jpg, https://d2j6dbq0eux0bg.cloudfront.net/images/104219285/products/697534881/4596218110.jpg, https://d2j6dbq0eux0bg.cloudfront.net/images/104219285/products/697534881/4596219042.jpg, https://d2j6dbq0eux0bg.cloudfront.net/images/104219285/products/697534881/4596219047.jpg",,,,,"744622020427,744622020571,744622342017",,,,,Dogtra,,,,,,,,,,,,,,,,697534881,https://www.specialk9.com/Antiladrido-iQ-Vibe-p697534881,"iQ Vibe","Descripción El collar antiladridos Dogtra iQ VIBE es el primer collar antiladridos que solo vibra para perros sensibles con 3 niveles de duración de vibración, ya sea larga o corta. El iQ VIBE se activa a través del sensor de reconocimiento de sonido y proporciona una vibración cuatro veces más…"
simple,744622050011,,"Antiladrido YS300",1,0,visible,,"<details><summary>Descripción</summary><section><p>Collar Antiladrido YS300</p><p>El Dogtra YS300 Antiladrido es una alternativa segura para detener los ladridos no deseados. El YS300 está activado por sonido de ladrido y está hecho para perros de 10 libras o más.</p><p>El sensor de reconocimiento de sonido utiliza un microprocesador para distinguir entre el ladrido del perro y el ruido ambiental circundante.<br>El Dogtra YS300 utiliza una advertencia patentada de vibración de buscapersonas no estimulante y estimulación media-baja en 1-6 niveles. Es completamente resistente al agua y viene con puntos de contacto de acero inoxidable quirúrgico de 5/8"", una batería y un cargador de carga rápida de 2 horas, una correa antimicrobiana para el collar.</p></section></details><details><summary>Garantía</summary><section><div>Un mes de garantía por defectos de fábrica. Importante el mantenimiento y manejo correcto del producto para el cuál fue diseñado. Uso del cargador debe de ser exclusivo para este producto así como le expresa el manual instrucciones. Mordeduras, cortes y golpes no serán contemplados dentro de la garantía.</div><p>No se hacen reembolsos, se hacen cambios por productos disponibles, completando el mismo monto cancelado. El producto debe estar en su estado original (caja y accesorios).<br><br>Se recomienda a los clientes registrar el producto en la pagina oficial de Dogtra lo más pronto posible después de hacer la compra.<span style=""background-color: initial;""><strong>En caso de no registrar el producto necesitara mostrar el recibo u otra prueba de la compra para aplicar la garantía.</strong></span></p><p>Link para proceder con el registro de los productos: <a href=""https://dogtra.com/pages/product-registration"">https://dogtra.com/pages/product-registration</a></p></section></details><p><br></p>",taxable,,0,0,1,0,0,0.33,0.0,0.0,0.0,1,,,66800.00,"E-Collars, Todos los Productos",,,"https://d2j6dbq0eux0bg.cloudfront.net/images/104219285/products/697533494/4553236660.png, https://d2j6dbq0eux0bg.cloudfront.net/images/104219285/products/697533494/4596207986.jpg, https://d2j6dbq0eux0bg.cloudfront.net/images/104219285/products/697533494/4596206232.png, https://d2j6dbq0eux0bg.cloudfront.net/images/104219285/products/697533494/4596203495.jpg, https://d2j6dbq0eux0bg.cloudfront.net/images/104219285/products/697533494/4596207991.jpg",,,,,,,,,,Dogtra,,,,,,,,,,,,,,,,697533494,https://www.specialk9.com/Antiladrido-YS300-p697533494,YS300,"Descripción Collar Antiladrido YS300 El Dogtra YS300 Antiladrido es una alternativa segura para detener los ladridos no deseados. El YS300 está activado por sonido de ladrido y está hecho para perros de 10 libras o más. El sensor de reconocimiento de sonido utiliza un microprocesador para distinguir…"
simple,744622050097,744622050097229774,"Antiladrido YS600",1,0,visible,,"<details><summary>Descripción</summary><section><p>El collar antiladridos Dogtra YS600 ofrece la última tecnología de vanguardia con un sensor de ladridos acelerómetro de alta precisión. El indicador de ladridos persistentes alerta a los dueños de perros sobre ladridos excesivos cada vez que se apaga la unidad.<br>El YS600 viene en un diseño duradero y elegante que es más pequeño y liviano que los collares antiladridos de alta potencia anteriores.</p><p>El YS600 emite estimulación baja a alta de 1 a 10 niveles, lo que facilita encontrar la estimulación adecuada para todas las razas y temperamentos, y cuenta con una vibración de buscapersonas de alto rendimiento (HPP) no estimulante que tiene una sensación más vibrante que un tradicional buscapersonas. El YS600 es totalmente resistente al agua y está equipado con puntos de contacto mejorados de 5/8"" protegidos con plástico.</p></section></details><details><summary>Garantía</summary><section><div>Un mes de garantía por defectos de fábrica. Importante el mantenimiento y manejo correcto del producto para el cuál fue diseñado. Uso del cargador debe de ser exclusivo para este producto así como le expresa el manual instrucciones. Mordeduras, cortes y golpes no serán contemplados dentro de la garantía.</div><p>No se hacen reembolsos, se hacen cambios por productos disponibles, completando el mismo monto cancelado. El producto debe estar en su estado original (caja y accesorios).<br></p><p>Se recomienda a los clientes registrar el producto en la pagina oficial de Dogtra lo más pronto posible después de hacer la compra.<strong>En caso de no registrar el producto necesitara mostrar el recibo u otra prueba de la compra para aplicar la garantía.</strong></p><p>Link para proceder con el registro de los productos: <a href=""https://dogtra.com/pages/product-registration"">https://dogtra.com/pages/product-registration</a></p></section></details>",taxable,,0,0,1,0,0,0.4,0.0,0.0,0.0,1,,,74900.00,"E-Collars, Todos los Productos",,,"https://d2j6dbq0eux0bg.cloudfront.net/images/104219285/products/697525706/4553242574.png, https://d2j6dbq0eux0bg.cloudfront.net/images/104219285/products/697525706/4595236586.jpg, https://d2j6dbq0eux0bg.cloudfront.net/images/104219285/products/697525706/4595235374.jpg, https://d2j6dbq0eux0bg.cloudfront.net/images/104219285/products/697525706/4595235556.jpg",,,,,,,,,,Dogtra,,,,,,,,,,,,,,,,697525706,https://www.specialk9.com/Antiladrido-YS600-p697525706,YS600,"Descripción El collar antiladridos Dogtra YS600 ofrece la última tecnología de vanguardia con un sensor de ladridos acelerómetro de alta precisión. El indicador de ladridos persistentes alerta a los dueños de perros sobre ladridos excesivos cada vez que se apaga la unidad. El YS600 viene en un…"
variable,HRN,,"Arnés Nylon",-1,1,hidden,,,taxable,,,,,,0,0.0,0.0,0.0,0.0,1,,,,,,,,,,,,,,,,83,,Color,"Rojo, Azul",1,0,,,,,,,,,,,,843918724,https://www.specialk9.com/Arnes-Nylon-p843918724,"Arnés Nylon",
variation,"HRN B",,"Arnés Nylon - Azul",-1,,visible,,,taxable,parent,1,0,1,1,0,,,,,,,,0.00,,,,,,,HRN,,,,,,,,Color,Azul,1,0,,,,,,,,,,,,843918724,,,
variation,"HRN R",,"Arnés Nylon - Rojo",-1,,visible,,,taxable,parent,1,0,1,1,0,,,,,,,,0.00,,,,,,,HRN,,,,,,,,Color,Rojo,1,0,,,,,,,,,,,,843918724,,,
variable,06345,,"Arnés Nylon Comfort Wrap para Perro Coastal Pet (16""-24"")",-1,0,hidden,,"<details><summary>Descripción</summary><section><p>El arnés de nylon Comfort Wrap de Coastal Pet está diseñado para brindar comodidad, seguridad y facilidad de uso durante los paseos diarios. Su diseño ajustable permite adaptarlo a diferentes tamaños de perro, proporcionando un ajuste firme y cómodo sin restringir el movimiento.</p><p>Cuenta con una hebilla curva de liberación rápida que facilita colocarlo y retirarlo, mientras que sus dos argollas metálicas en forma de D ofrecen mayor resistencia y control al sujetar la correa. Fabricado con nylon duradero de alta calidad, ayuda a resistir el desgaste y el deshilachado para una mayor vida útil. Además, está disponible en colores vivos y resistentes a la decoloración para mantener una apariencia atractiva por más tiempo.</p><p>Ideal para caminatas y uso diario, este arnés combina practicidad, confort y durabilidad para el manejo seguro de tu mascota.</p></section></details>",taxable,,,,,,0,0.0,0.0,0.0,0.0,1,,,,"Pecheras, Todos los Productos",,,"https://d2j6dbq0eux0bg.cloudfront.net/images/104219285/products/843919593/5840145790.webp, https://d2j6dbq0eux0bg.cloudfront.net/images/104219285/products/843919593/5840134963.webp",,,,,,,,,,,Color,"Azul, Negro",1,0,,,,,,,,,,,,843919593,https://www.specialk9.com/Arnes-Nylon-Comfort-Wrap-para-Perro-Coastal-Pet-16-24-p843919593,"Arnés Nylon Comfort Wrap para Perro Coastal Pet (16""-24"")","Descripción El arnés de nylon Comfort Wrap de Coastal Pet está diseñado para brindar comodidad, seguridad y facilidad de uso durante los paseos diarios. Su diseño ajustable permite adaptarlo a diferentes tamaños de perro, proporcionando un ajuste firme y cómodo sin restringir el movimiento. Cuenta…"
variation,"06345 BLK",,"Arnés Nylon Comfort Wrap para Perro Coastal Pet (16""-24"") - Negro",-1,,visible,,,taxable,parent,1,1,1,1,0,,,,,,,,0.00,,,,,,,06345,,,,,,,,Color,Negro,1,0,,,,,,,,,,,,843919593,,,
variation,"06345 BLU",,"Arnés Nylon Comfort Wrap para Perro Coastal Pet (16""-24"") - Azul",-1,,visible,,,taxable,parent,1,1,1,1,0,,,,,,,,0.00,,,,,,,06345,,,,,,,,Color,Azul,1,0,,,,,,,,,,,,843919593,,,
simple,TA1001073,,"Artículos de rastreo estándar",1,1,visible,,"<details><summary>Descripción</summary><section><div></div>Estos artículos de rastreo son perfectos para el entrenamiento de rastreo canino y el rastreo de Schutzhund. Este equipo profesional de adiestramiento canino está hecho de cuero, fieltro y madera. Los artículos cumplen con el estándar de tamaño para el rastreo en una prueba de Schutzhund.</section><section>Conjunto oficial de artículos WUSV</section><section><p>Medidas:<br>3,5 cm x 10 cm (1,4 pulgadas x 4 pulgadas)</p><p>Artículo de cuero: 5 mm de grosor.<br>Artículo de fieltro: 10 mm de grosor<br>Artículo de madera: 10 mm de grosor.</p></section><section></section></details><details><summary>Garantía</summary><section><div>Garantía por defectos de fábrica. Cortes y mordeduras no serán contemplados dentro de la garantía.</div><div><strong>Devoluciones</strong></div><div>Se realiza cambio si el producto presenta defecto de fábrica.</div></section></details><p><br></p>",taxable,,1,2,1,0,0,1.0,0.0,0.0,0.0,1,,,15000.00,"Todos los Productos, Disciplinas",,,https://d2j6dbq0eux0bg.cloudfront.net/images/104219285/products/752789398/4934323791.jpg,,,,,,,,,10,"For Dog Trainers",,,,,,,,,,,,,,,,752789398,https://www.specialk9.com/Articulos-de-rastreo-estandar-p752789398,"Artículos de rastreo estándar","Descripción Estos artículos de rastreo son perfectos para el entrenamiento de rastreo canino y el rastreo de Schutzhund. Este equipo profesional de adiestramiento canino está hecho de cuero, fieltro y madera. Los artículos cumplen con el estándar de tamaño para el rastreo en una prueba de Schutzhund…"
variable,AL01,,"ASAT Agarre",1,0,visible,,"<details><summary>Descripción</summary><section><p>Esta faja de agarre (9"" de largo x 1"" de ancho) se coloca en el cinturón para que pueda sujetarle una correa que tiene un anillo en el mango. Esto le permite sujetar su K-9 y liberar sus manos. Se adapta a cinturones de hasta 2 ¼"" de ancho. También se puede utilizar como correa corta de manejo.</p><p>Estos nuevos cables ASAT son la próxima generación en cables K-9. Se ven y se sienten como cuero y están aprobados por la policía, el ejército y Schutzhund para uso extremo. Nunca volverás al cuero.</p><ul><li>Resistente al estiramiento</li><li>Resistente al agua, al moho y a la putrefacción</li><li>Flexible hasta -20° F</li><li>No se ve afectado por el calor hasta 300° F</li><li>La resistencia a la rotura del cable de 1/2"" es de 500 lbs.</li><li>La resistencia a la rotura del cable de 3/4"" es de 750 libras.</li><li>No requieren mantenimiento para estos cables: se limpian fácilmente con un paño húmedo</li><li>Se recomienda el uso de cables de 3/4"" durante la agitación y el trabajo de mordida.</li></ul><p>NOTA: La mayoría de las longitudes están disponibles en anchos de 1/2"" y 3/4"".</p></section></details><details><summary>Garantía</summary><section><div>Garantía por defectos de fábrica. Cortes y mordeduras no serán contemplados dentro de la garantía.</div><div><strong>Devoluciones</strong></div><div>Se realiza cambio si el producto presenta defecto de fábrica. </div><div>Muy respetuosamente pedimos que, al momento de solicitarnos un producto, tenga las medidas necesarias.</div><div>No se hacen reembolsos, se hacen cambios por productos disponibles, completando el mismo monto cancelado.</div></section></details>",taxable,,,,,,0,0.14,0.0,0.0,0.0,1,,,,"Correas > Biothane, Todos los Productos",,,"https://d2j6dbq0eux0bg.cloudfront.net/images/104219285/4541409682.jpg, https://d2j6dbq0eux0bg.cloudfront.net/images/104219285/4576386156.jpg",,,,,"AL06PL 3/4,AL0,L13 L14,L15 L18,BL001-002,L0272",,,,,"Elite K9",Largo,"9"", 1'",1,0,,Ancho,"1/2"", 3/4"", 1""",1,0,,,,,,,695799448,https://www.specialk9.com/ASAT-Agarre-p695799448,"ASAT Agarre","Descripción Esta faja de agarre (9"" de largo x 1"" de ancho) se coloca en el cinturón para que pueda sujetarle una correa que tiene un anillo en el mango. Esto le permite sujetar su K-9 y liberar sus manos. Se adapta a cinturones de hasta 2 ¼"" de ancho. También se puede utilizar como correa corta de…"
variation,AL009,,"ASAT Agarre - 9"" / 1""",1,,visible,,,taxable,parent,1,0,1,1,0,,,,,,,,15800.00,,,,,,,AL01,,,,,,,,Largo,"9""",1,0,,Ancho,"1""",1,0,,,,,,,695799448,,,
variation,"AL01 3/4",,"ASAT Agarre - 1' / 3/4""",1,,visible,,,taxable,parent,1,0,1,1,0,,,,,,,,15500.00,,,,,,,AL01,,,,,,,,Largo,1',1,0,,Ancho,"3/4""",1,0,,,,,,,695799448,,,
variation,"AL01 1/2",,"ASAT Agarre - 1' / 1/2""",1,,visible,,,taxable,parent,1,0,1,1,0,,,,,,,,15500.00,,,,,,,AL01,,,,,,,,Largo,1',1,0,,Ancho,"1/2""",1,0,,,,,,,695799448,,,
variable,SS0225,,"Balde Plano con Ganchos",1,1,visible,,"<p>Estos baldes de acero inoxidable con lado plano y ganchos se cuelgan fácilmente en jaulas, cercas o paredes sin rodar ni volcarse. Están disponibles en varios tamaños para ajustarse a diferentes necesidades.</p><p>Fabricados en acero inoxidable de alta calidad, son duraderos, livianos y aptos para lavavajillas.</p>",taxable,,,,,,0,0.0,0.0,0.0,0.0,1,,,,"Todos los Productos, Alimentos & Suplementos",,,https://d2j6dbq0eux0bg.cloudfront.net/images/104219285/products/826940100/5686004343.png,,,,,,,,,50,"QT Dog",Tamaño,"1 Cuarto, 2 Cuartos, 4 Cuartos, 6 Cuartos, 9 Cuartos, 13 Cuartos",1,0,,,,,,,,,,,,826940100,https://www.specialk9.com/Balde-Plano-con-Ganchos-p826940100,"Balde Plano con Ganchos","Estos baldes de acero inoxidable con lado plano y ganchos se cuelgan fácilmente en jaulas, cercas o paredes sin rodar ni volcarse. Están disponibles en varios tamaños para ajustarse a diferentes necesidades. Fabricados en acero inoxidable de alta calidad, son duraderos, livianos y aptos para…"
variation,SS022513,,"Balde Plano con Ganchos - 13 Cuartos",1,,visible,,,taxable,parent,1,0,1,1,0,,,,,,,,41250.00,,,,,,,SS0225,,,,,,,,Tamaño,"13 Cuartos",1,0,,,,,,,,,,,,826940100,,,
variation,SS02259,,"Balde Plano con Ganchos - 9 Cuartos",1,,visible,,,taxable,parent,1,0,1,1,0,,,,,,,,41250.00,,,,,,,SS0225,,,,,,,,Tamaño,"9 Cuartos",1,0,,,,,,,,,,,,826940100,,,
variation,SS02256,,"Balde Plano con Ganchos - 6 Cuartos",1,,visible,,,taxable,parent,1,0,1,1,0,,,,,,,,41250.00,,,,,,,SS0225,,,,,,,,Tamaño,"6 Cuartos",1,0,,,,,,,,,,,,826940100,,,
variation,SS02254,,"Balde Plano con Ganchos - 4 Cuartos",1,,visible,,,taxable,parent,1,0,1,1,0,,,,,,,,41250.00,,,,,,,SS0225,,,,,,,,Tamaño,"4 Cuartos",1,0,,,,,,,,,,,,826940100,,,
variation,SS02252,,"Balde Plano con Ganchos - 2 Cuartos",1,,visible,,,taxable,parent,1,0,1,1,0,,,,,,,,41250.00,,,,,,,SS0225,,,,,,,,Tamaño,"2 Cuartos",1,0,,,,,,,,,,,,826940100,,,
variation,SS02251,,"Balde Plano con Ganchos - 1 Cuarto",1,,visible,,,taxable,parent,1,0,1,1,0,,,,,,,,41250.00,,,,,,,SS0225,,,,,,,,Tamaño,"1 Cuarto",1,0,,,,,,,,,,,,826940100,,,
variable,SC09,,"Banderas de Rastreo",1,0,visible,,"<details><summary>Descripción</summary><section><p>La bandera fluorescente tiene una estaca de alambre para que sea fácil de ver en la hierba alta. Úsela al colocar pistas para que el adiestrador sepa exactamente dónde se coloca la pista.<br></p></section></details><details><summary>Garantía  </summary><section><div>Garantía por defectos de fábrica. Cortes y mordeduras no serán contemplados dentro de la garantía.</div><div><strong>Devoluciones</strong></div><div>Se realiza cambio si el producto presenta defecto de fábrica. </div></section></details>",taxable,,,,,,0,0.0,0.0,0.0,0.0,1,,,,Detección,,,https://d2j6dbq0eux0bg.cloudfront.net/images/104219285/4686716642.jpg,,,,,,,,,,"Swanson Tool",Cantidad,"Paquete 50 unidades, Paquete 100 Unidades",1,0,,,,,,,,,,,,715442569,https://www.specialk9.com/Banderas-de-Rastreo-p715442569,"Banderas de Rastreo","Descripción La bandera fluorescente tiene una estaca de alambre para que sea fácil de ver en la hierba alta. Úsela al colocar pistas para que el adiestrador sepa exactamente dónde se coloca la pista. Garantía Garantía por defectos de fábrica. Cortes y mordeduras no serán contemplados dentro de la…"
variation,"SC09 100",,"Banderas de Rastreo - Paquete 100 Unidades",1,,visible,,,taxable,parent,1,1,1,1,0,,,,,,,,36000.00,,,,,,,SC09,,,,,,,,Cantidad,"Paquete 100 Unidades",1,0,,,,,,,,,,,,715442569,,,
variation,"SC09 50",,"Banderas de Rastreo - Paquete 50 unidades",1,,visible,,,taxable,parent,1,0,1,1,0,,,,,,,,29000.00,,,,,,,SC09,,,,,,,,Cantidad,"Paquete 50 unidades",1,0,,,,,,,,,,,,715442569,,,
simple,TE3011073,,"Barrera de Entrenamiento con Tope Giratorio",1,1,visible,,"<details><summary>Descripción</summary><section><p>Tela de polímero reforzado de alta densidad.<br>Construcción de aluminio y acero. <br>Pines para estabilizar la construcción en suelo blando.<br>Dimensiones estándar para competición, pruebas y entrenamiento.<br>Construcción de altura ajustable: de 70 a 120 cm.<br>Tope giratorio de 20 cm para evitar traumatismos durante el entrenamiento.<br>Alta calidad general de piezas y ensamblaje</p><div></div><p>Ancho: 150 cm<br>Altura: de 70 a 120 cm</p><p>Peso: 9 kg (20 lb)</p></section></details><details><summary>Garantía</summary><section><div>Garantía por defectos de fábrica. Cortes y mordeduras no serán contemplados dentro de la garantía.</div><div><strong>Devoluciones</strong></div><div>Se realiza cambio si el producto presenta defecto de fábrica.</div></section></details>",taxable,,1,0,1,1,0,9.5,0.0,0.0,0.0,1,,,380000.00,"Todos los Productos, Disciplinas",,,"https://d2j6dbq0eux0bg.cloudfront.net/images/104219285/4934378894.jpg, https://d2j6dbq0eux0bg.cloudfront.net/images/104219285/4934378899.jpg",,,,,,,,,9,"For Dog Trainers",,,,,,,,,,,,,,,,752781642,https://www.specialk9.com/Barrera-de-Entrenamiento-con-Tope-Giratorio-p752781642,"Barrera de Entrenamiento con Tope Giratorio","Descripción Tela de polímero reforzado de alta densidad. Construcción de aluminio y acero. Pines para estabilizar la construcción en suelo blando. Dimensiones estándar para competición, pruebas y entrenamiento. Construcción de altura ajustable: de 70 a 120 cm. Tope giratorio de 20 cm para evitar…"
simple,W07,,"Bastón de obediencia/seguimiento",1,0,visible,,"<details><summary>Descripción</summary><section><p>El bastón de  obediencia/seguimiento tiene un eje de plástico duradero de 23"" y un agarre de goma acolchado de 6"".</p></section></details><details><summary>Garantía</summary><section><p>Un mes de garantía por defectos de fábrica. Importante el mantenimiento y manejo correcto del producto para el cuál fue diseñado. Mordeduras, cortes no serán contemplados dentro de la garantía.</p></section></details><p><br></p>",taxable,,1,1,1,1,0,0.4,0.0,0.0,0.0,1,,,18000.00,"Chilillos, Obediencia, Todos los Productos",,,https://d2j6dbq0eux0bg.cloudfront.net/images/104219285/4998989861.jpg,,,,,"SC03-SC23,IDC,W04,51663,51541",,,,,"For Dog Trainers",,,,,,,,,,,,,,,,761574610,https://www.specialk9.com/Baston-de-obediencia-seguimiento-p761574610,"Bastón de obediencia/seguimiento","Descripción El bastón de obediencia/seguimiento tiene un eje de plástico duradero de 23"" y un agarre de goma acolchado de 6"". Garantía Un mes de garantía por defectos de fábrica. Importante el mantenimiento y manejo correcto del producto para el cuál fue diseñado. Mordeduras, cortes no serán…"
variable,BA01,,"Bola de trabajo",1,0,visible,,"<details><summary>Descripción</summary><section><p>Esta pelota amarilla está especialmente diseñada y construida para perros de trabajo. Esta es una pelota hueca que tiene una superficie protuberante suave y especial para ayudar a su perro a agarrar la pelota. Cuenta con una cuerda con mango en T, lo que hace que esta pelota sea ideal para tirar con su perro. No hay asa para enganchar la pata de su perro.</p></section></details><details><summary>Garantía</summary><section><div>Garantía por defectos de fábrica. Cortes y mordeduras no serán contemplados dentro de la garantía.</div><div><strong>Devoluciones</strong></div><div>Se realiza cambio si el producto presenta defecto de fábrica. </div><div>Muy respetuosamente pedimos que, al momento de solicitarnos un producto, tenga las medidas necesarias.</div><div>No se hacen reembolsos, se hacen cambios por productos disponibles, completando el mismo monto cancelado.</div></section></details><p><br></p>",taxable,,,,,,0,0.0,0.0,0.0,0.0,1,,,,"Recompensas > Bolas, Todos los Productos",,,"https://d2j6dbq0eux0bg.cloudfront.net/images/104219285/products/695633424/4540426407.jpg, https://d2j6dbq0eux0bg.cloudfront.net/images/104219285/products/695633424/4597655005.png",,,,,,,,,,"Elite K9",Tamaño,"2.5"", 3""",1,0,,,,,,,,,,,,695633424,https://www.specialk9.com/Bola-de-trabajo-p695633424,"Bola de trabajo","Descripción Esta pelota amarilla está especialmente diseñada y construida para perros de trabajo. Esta es una pelota hueca que tiene una superficie protuberante suave y especial para ayudar a su perro a agarrar la pelota. Cuenta con una cuerda con mango en T, lo que hace que esta pelota sea ideal…"
variation,"BA01 M",,"Bola de trabajo - 2.5""",1,,visible,,,taxable,parent,1,3,1,1,0,,,,,,,,17700.00,,,,,,,BA01,,,,,,,,Tamaño,"2.5""",1,0,,,,,,,,,,,,695633424,,,
variation,"BA01 L",,"Bola de trabajo - 3""",1,,visible,,,taxable,parent,1,0,1,1,0,,,,,,,,19400.00,,,,,,,BA01,,,,,,,,Tamaño,"3""",1,0,,,,,,,,,,,,695633424,,,
variable,BA50,873199000263,"Bola DuraFoam",1,0,visible,,"<details><summary>Descripción</summary><section><p>Pelota suave pero resistente con un gran rebote que también es ideal para jugar en interiores.</p><p>Flota en el agua para divertirse en el lago, piscina o en la playa.</p></section></details><details><summary>Garantía</summary><section><div>Garantía por defectos de fábrica. Cortes no serán contemplados dentro de la garantía.</div><div><strong>Devoluciones</strong></div><div>Se realiza cambio si el producto presenta defecto de fábrica. </div><div>Muy respetuosamente pedimos que, al momento de solicitarnos un producto, tenga las medidas necesarias.</div><div>No se hacen reembolsos, se hacen cambios por productos disponibles, completando el mismo monto cancelado.</div></section></details><p><br></p>",taxable,,,,,,0,0.0,0.0,0.0,0.0,1,,,,"Recompensas > Bolas, Recompensas, Todos los Productos",,,"https://d2j6dbq0eux0bg.cloudfront.net/images/104219285/4540433672.jpg, https://d2j6dbq0eux0bg.cloudfront.net/images/104219285/4597684680.png, https://d2j6dbq0eux0bg.cloudfront.net/images/104219285/4597687051.png",,,,,,,,,,StarMark,Tamaño,"Medium, Large",1,0,,,,,,,,,,,,695633425,https://www.specialk9.com/Bola-DuraFoam-p695633425,"Bola DuraFoam","Descripción Pelota suave pero resistente con un gran rebote que también es ideal para jugar en interiores. Flota en el agua para divertirse en el lago, piscina o en la playa. Garantía Garantía por defectos de fábrica. Cortes no serán contemplados dentro de la garantía. Devoluciones Se realiza cambio…"
variation,"BA502 P",,"Bola DuraFoam - Large",1,,visible,,,taxable,parent,1,1,1,1,0,,,,,,,,10500.00,,,,,,,BA50,,,,,,,,Tamaño,Large,1,0,,,,,,,,,,,,695633425,,,
variation,BA501,,"Bola DuraFoam - Medium",1,,visible,,,taxable,parent,1,0,1,1,0,,,,,,,,7500.00,,,,,,,BA50,,,,,,,,Tamaño,Medium,1,0,,,,,,,,,,,,695633425,,,
variable,"DF BF",,"Bola DuraFoam - Aroma Tocino",1,0,visible,,"<details><summary>Descripción</summary><section><p>Pelota suave pero resistente con un gran rebote que también es ideal para jugar en interiores.</p><p>Flota en el agua para divertirse en el lago, piscina o en la playa.</p><div>Aroma a tocino.</div><p>Seguro para dientes y encías.</p><div>Diseño único y duradero.</div></section></details><details><summary>Garantía</summary><section><div>Garantía por defectos de fábrica. Cortes no serán contemplados dentro de la garantía.</div><div><strong>Devoluciones</strong></div><div>Se realiza cambio si el producto presenta defecto de fábrica. </div><div>Muy respetuosamente pedimos que, al momento de solicitarnos un producto, tenga las medidas necesarias.</div><div>No se hacen reembolsos, se hacen cambios por productos disponibles, completando el mismo monto cancelado.</div></section></details><p><br></p>",taxable,,,,,,0,0.0,0.0,0.0,0.0,1,,,,"Recompensas > Bolas, Recompensas, Todos los Productos",,,"https://d2j6dbq0eux0bg.cloudfront.net/images/104219285/4864261920.jpg, https://d2j6dbq0eux0bg.cloudfront.net/images/104219285/4864266563.jpg, https://d2j6dbq0eux0bg.cloudfront.net/images/104219285/4864266661.png",,,,,,,,,,StarMark,Tamaño,"Medium 2.5"", Large 3.5""",1,0,,,,,,,,,,,,741761655,https://www.specialk9.com/Bola-DuraFoam-Aroma-Tocino-p741761655,"Bola DuraFoam - Aroma Tocino","Descripción Pelota suave pero resistente con un gran rebote que también es ideal para jugar en interiores. Flota en el agua para divertirse en el lago, piscina o en la playa. Aroma a tocino. Seguro para dientes y encías. Diseño único y duradero. Garantía Garantía por defectos de fábrica. Cortes no…"
variation,"DF BF L",,"Bola DuraFoam - Aroma Tocino - Large 3.5""",1,,visible,,,taxable,parent,1,-1,1,1,0,,,,,,,,18000.00,,,,,,,"DF BF",,,,,,,,Tamaño,"Large 3.5""",1,0,,,,,,,,,,,,741761655,,,
variation,"DF BF M",,"Bola DuraFoam - Aroma Tocino - Medium 2.5""",1,,visible,,,taxable,parent,1,1,1,1,0,,,,,,,,15000.00,,,,,,,"DF BF",,,,,,,,Tamaño,"Medium 2.5""",1,0,,,,,,,,,,,,741761655,,,
variable,"DF GC",873199004780,"Bola DuraFoam con cuerda",1,1,visible,,"<details><summary>Descripción</summary><section><p>Pelota suave pero resistente con un gran rebote que también es ideal para jugar en interiores.</p><p>Flota en el agua para divertirse en el lago, piscina o en la playa.</p><p>Seguro para dientes y encías.</p><div>Diseño único y duradero.</div></section></details><details><summary>Garantía</summary><section><div>Garantía por defectos de fábrica. Cortes no serán contemplados dentro de la garantía.</div><div><strong>Devoluciones</strong></div><div>Se realiza cambio si el producto presenta defecto de fábrica. </div><div>Muy respetuosamente pedimos que, al momento de solicitarnos un producto, tenga las medidas necesarias.</div><div>No se hacen reembolsos, se hacen cambios por productos disponibles, completando el mismo monto cancelado.</div></section></details><p><br></p>",taxable,,,,,,0,0.0,0.0,0.0,0.0,1,,,,"Recompensas > Bolas, Recompensas, Todos los Productos",,,"https://d2j6dbq0eux0bg.cloudfront.net/images/104219285/products/741789598/4864608431.jpg, https://d2j6dbq0eux0bg.cloudfront.net/images/104219285/products/741789598/4864611853.jpg, https://d2j6dbq0eux0bg.cloudfront.net/images/104219285/products/741789598/4864611858.jpg",,,,,,,,,2,StarMark,Tamaño,"Medium 2.5"", Large 3.5""",1,0,,,,,,,,,,,,741789598,https://www.specialk9.com/Bola-DuraFoam-con-cuerda-p741789598,"Bola DuraFoam con cuerda","Descripción Pelota suave pero resistente con un gran rebote que también es ideal para jugar en interiores. Flota en el agua para divertirse en el lago, piscina o en la playa. Seguro para dientes y encías. Diseño único y duradero. Garantía Garantía por defectos de fábrica. Cortes no serán…"
variation,GCDMC,,"Bola DuraFoam con cuerda - Medium 2.5""",1,,visible,,,taxable,parent,1,1,1,1,0,,,,,,,,15000.00,,,,,,,"DF GC",,,,,,,,Tamaño,"Medium 2.5""",1,0,,,,,,,,,,,,741789598,,,
variable,"RSB DG",,"Bola en espiral con agarre",1,0,visible,,"<details><summary>Descripción</summary><section>Fabricada con goma resistente, cuenta con agarre de Biothane impermeable para un agarre firme, perfecto para lanzarla con facilidad. Este juguete es ideal para jugar a la pelota en el parque o para utilizar en el agua. <br><br>Medida 2.75"" de diámetro<div></div></section></details><details><summary>Garantía</summary><section><div>Garantía por defectos de fábrica. Cortes no serán contemplados dentro de la garantía.</div><div><strong>Devoluciones</strong></div><div>Se realiza cambio si el producto presenta defecto de fábrica. </div><div>Muy respetuosamente pedimos que, al momento de solicitarnos un producto, tenga las medidas necesarias.</div><div>No se hacen reembolsos, se hacen cambios por productos disponibles, completando el mismo monto cancelado.</div></section></details><p><br></p>",taxable,,,,,,0,0.2,0.0,0.0,0.0,1,,,,"Recompensas > Bolas, Recompensas, Todos los Productos",,,"https://d2j6dbq0eux0bg.cloudfront.net/images/104219285/products/741793689/4864797708.jpg, https://d2j6dbq0eux0bg.cloudfront.net/images/104219285/products/741793689/4864797713.jpg, https://d2j6dbq0eux0bg.cloudfront.net/images/104219285/products/741793689/4864798241.jpg, https://d2j6dbq0eux0bg.cloudfront.net/images/104219285/products/741793689/4864798246.jpg, https://d2j6dbq0eux0bg.cloudfront.net/images/104219285/products/741793689/4864802501.jpg, https://d2j6dbq0eux0bg.cloudfront.net/images/104219285/products/741793689/4864802506.jpg",,,,,,,,,,DogLine,Color,"Rojo, Verde, Morado",1,0,,,,,,,,,,,,741793689,https://www.specialk9.com/Bola-en-espiral-con-agarre-p741793689,"Bola en espiral con agarre","Descripción Fabricada con goma resistente, cuenta con agarre de Biothane impermeable para un agarre firme, perfecto para lanzarla con facilidad. Este juguete es ideal para jugar a la pelota en el parque o para utilizar en el agua. Medida 2.75"" de diámetro Garantía Garantía por defectos de fábrica.…"
variation,RBS1027-9-7,,"Bola en espiral con agarre - Morado",1,,visible,,,taxable,parent,1,1,1,1,0,,,,,,,,23500.00,,,,,,,"RSB DG",,,,,,,,Color,Morado,1,0,,,,,,,,,,,,741793689,,,
variation,RBS1027-5-93,,"Bola en espiral con agarre - Verde",1,,visible,,,taxable,parent,1,1,1,1,0,,,,,,,,23500.00,,,,,,,"RSB DG",,,,,,,,Color,Verde,1,0,,,,,,,,,,,,741793689,,,
variation,RBS1027-3-1,,"Bola en espiral con agarre - Rojo",1,,visible,,,taxable,parent,1,0,1,1,0,,,,,,,,23500.00,,,,,,,"RSB DG",,,,,,,,Color,Rojo,1,0,,,,,,,,,,,,741793689,,,
simple,EB100,,"Bola Euro",1,0,visible,,"<details><summary>Descripción</summary><section><p>Bola hueca semidura</p><p>2-3/4"" de diámetro (un poco más grande que una pelota de tenis)</p><p>La cuerda mide 11"" de largo.</p></section></details><details><summary>Garantía</summary><section><div>Garantía por defectos de fábrica. Cortes y mordeduras no serán contemplados dentro de la garantía.</div><div><strong>Devoluciones</strong></div><div>Se realiza cambio si el producto presenta defecto de fábrica. </div><div>Muy respetuosamente pedimos que, al momento de solicitarnos un producto, tenga las medidas necesarias.</div><div>No se hacen reembolsos, se hacen cambios por productos disponibles, completando el mismo monto cancelado.</div></section></details><p><br></p>",taxable,,1,0,1,1,0,0.13,0.0,0.0,0.0,1,,,18700.00,"Recompensas > Bolas, Todos los Productos",,,https://d2j6dbq0eux0bg.cloudfront.net/images/104219285/4540416554.jpg,,,,,,,,,,"Elite K9",,,,,,,,,,,,,,,,695627946,https://www.specialk9.com/Bola-Euro-p695627946,"Bola Euro","Descripción Bola hueca semidura 2-3/4"" de diámetro (un poco más grande que una pelota de tenis) La cuerda mide 11"" de largo. Garantía Garantía por defectos de fábrica. Cortes y mordeduras no serán contemplados dentro de la garantía. Devoluciones Se realiza cambio si el producto presenta defecto de…"
simple,"FT DB L",,"Bola FloTek™",-1,0,hidden,,"<details><summary>Descripción</summary><section>El FloTek Tug cuenta con una pelota resistente fabricada con la fórmula patentada de caucho natural de PetKORE. Esta resistente pelota combina diversión al buscar con innovadoras características de seguridad, lo que la hace perfecta para perros activos y sus dueños.<br><br>Medida: 8,10 cm (3,19 pulgadas) de diámetro.<div></div></section></details><details><summary>Garantía</summary><section><div>Garantía por defectos de fábrica. Cortes no serán contemplados dentro de la garantía.</div><div><strong>Devoluciones</strong></div><div>Se realiza cambio si el producto presenta defecto de fábrica.</div><div>No se hacen reembolsos, se hacen cambios por productos disponibles, completando el mismo monto cancelado.</div></section></details><p><br></p>",taxable,,0,0,1,0,0,0.15,0.0,0.0,0.0,1,,,22000.00,"Recompensas > Bolas, Recompensas, Todos los Productos",,,"https://d2j6dbq0eux0bg.cloudfront.net/images/104219285/5164184538.jpg, https://d2j6dbq0eux0bg.cloudfront.net/images/104219285/5164174942.jpg, https://d2j6dbq0eux0bg.cloudfront.net/images/104219285/5164165731.jpg, https://d2j6dbq0eux0bg.cloudfront.net/images/104219285/5164184909.jpg",,,,,,,,,,PetKORE,,,,,,,,,,,,,,,,781358438,https://www.specialk9.com/Bola-FloTek-tm-p781358438,"Bola FloTek™","Descripción El FloTek Tug cuenta con una pelota resistente fabricada con la fórmula patentada de caucho natural de PetKORE. Esta resistente pelota combina diversión al buscar con innovadoras características de seguridad, lo que la hace perfecta para perros activos y sus dueños. Medida: 8,10 cm (3,19…"
simple,"FT PK M",810058780058,"Bola FloTek™ con cuerda",-1,0,hidden,,"<details><summary>Descripción</summary><section>El FloTek Tug cuenta con una pelota resistente fabricada con la fórmula patentada de caucho natural de PetKORE. Una correa de red resistente atraviesa el centro de la pelota, perfecta tanto para lanzar como para tirar. La correa está firmemente anudada en ambos extremos, lo que proporciona un agarre seguro para un juego interactivo.<br><br>Medida: 6,35 cm (2,5 pulgadas) de diámetro  <p><br></p>
<p><br></p>
<div></div></section></details><details><summary>Garantía</summary><section><div>Garantía por defectos de fábrica. Cortes no serán contemplados dentro de la garantía.</div><div><strong>Devoluciones</strong></div><div>Se realiza cambio si el producto presenta defecto de fábrica.</div><div>No se hacen reembolsos, se hacen cambios por productos disponibles, completando el mismo monto cancelado.</div></section></details><p><br></p>",taxable,,0,0,1,0,0,0.15,0.0,0.0,0.0,1,,,19500.00,"Recompensas > Bolas, Recompensas, Todos los Productos",,,"https://d2j6dbq0eux0bg.cloudfront.net/images/104219285/5164174839.jpg, https://d2j6dbq0eux0bg.cloudfront.net/images/104219285/5164138704.jpg, https://d2j6dbq0eux0bg.cloudfront.net/images/104219285/5164138709.jpg",,,,,,,,,,PetKORE,,,,,,,,,,,,,,,,781358434,https://www.specialk9.com/Bola-FloTek-tm-con-cuerda-p781358434,"Bola FloTek™ con cuerda","Descripción El FloTek Tug cuenta con una pelota resistente fabricada con la fórmula patentada de caucho natural de PetKORE. Una correa de red resistente atraviesa el centro de la pelota, perfecta tanto para lanzar como para tirar. La correa está firmemente anudada en ambos extremos, lo que…"
simple,242-BLL-60,5999053606961,"Bola fluorescente IDC® Neón",1,0,visible,,"<details><summary>Descripción</summary><section><p>La bola de neón angular IDC® con un diámetro de 60 mm es una presa impredecible que rebota constantemente y de la que su perro no se aburrirá.</p><p>La pelota es de silicón fluorescente, por lo que también puedes usarla al anochecer. (Es importante que la bola no sea fosforescente, para que no brille en la oscuridad).</p></section></details><details><summary>Garantía</summary><section><div>Garantía por defectos de fábrica. Cortes y mordeduras no serán contemplados dentro de la garantía.</div><div><strong>Devoluciones</strong></div><div>Se realiza cambio si el producto presenta defecto de fábrica. </div><div>Muy respetuosamente pedimos que, al momento de solicitarnos un producto, tenga las medidas necesarias.</div><div>No se hacen reembolsos, se hacen cambios por productos disponibles, completando el mismo monto cancelado.</div></section></details><p><br></p>",taxable,,1,1,1,0,0,0.13,0.0,0.0,0.0,1,,,13500.00,"Recompensas > Bolas, Todos los Productos",,,"https://d2j6dbq0eux0bg.cloudfront.net/images/104219285/4540407684.jpg, https://d2j6dbq0eux0bg.cloudfront.net/images/104219285/4597661737.jpg, https://d2j6dbq0eux0bg.cloudfront.net/images/104219285/4597665773.png",,,,,,,,,,"Julius K9",,,,,,,,,,,,,,,,695633412,https://www.specialk9.com/Bola-fluorescente-IDC-r-Neon-p695633412,"Bola fluorescente IDC® Neón","Descripción La bola de neón angular IDC® con un diámetro de 60 mm es una presa impredecible que rebota constantemente y de la que su perro no se aburrirá. La pelota es de silicón fluorescente, por lo que también puedes usarla al anochecer. (Es importante que la bola no sea fosforescente, para que no…"
simple,KG7865-P,,"Bola KONG Extreme",1,0,visible,,"<details><summary>Descripción</summary><section><p>Pelota de rebote extremo</p><p>La KONG™ Extreme Ball presenta un rebote extremo para el juego activo. Está construido duro y fuerte. Este producto tiene agujeros en cada extremo; Actualmente, KONG™ ya no produce bolas de goma sin agujeros.</p><p>Tamaño: 2,5"" de diámetro.</p></section></details><details><summary>Garantía</summary><section><div>Garantía por defectos de fábrica. Cortes y mordeduras no serán contemplados dentro de la garantía.</div><div><strong>Devoluciones</strong></div><div>Se realiza cambio si el producto presenta defecto de fábrica. </div><div>Muy respetuosamente pedimos que, al momento de solicitarnos un producto, tenga las medidas necesarias.</div><div>No se hacen reembolsos, se hacen cambios por productos disponibles, completando el mismo monto cancelado.</div></section></details><p><br></p>",taxable,,0,0,1,0,0,0.13,0.0,0.0,0.0,1,,,12500.00,"Recompensas > Kongs, Todos los Productos",,,https://d2j6dbq0eux0bg.cloudfront.net/images/104219285/products/697652698/4553963624.jpg,,,,,,,,,,Kong,,,,,,,,,,,,,,,,697652698,https://www.specialk9.com/Bola-KONG-Extreme-p697652698,"Bola KONG Extreme","Descripción Pelota de rebote extremo La KONG™ Extreme Ball presenta un rebote extremo para el juego activo. Está construido duro y fuerte. Este producto tiene agujeros en cada extremo; Actualmente, KONG™ ya no produce bolas de goma sin agujeros. Tamaño: 2,5"" de diámetro. Garantía Garantía por…"
simple,"KR Flex XL",810058780171,"Bola KORE Flex",1,0,visible,,"<details><summary>Descripción</summary><section>Hecha de con caucho natural para garantizar su flexibilidad y resistencia.Este juguete combina una pelota de goma resistente con dos colas, lo que la hace perfecta para emocionantes juegos de buscar y tirar de la cuerda.<br><br>Medida: 4.75"" (12.06 cm)  <br><br><div></div></section></details><details><summary>Garantía</summary><section><div>Garantía por defectos de fábrica. Cortes no serán contemplados dentro de la garantía.</div><div><strong>Devoluciones</strong></div><div>Se realiza cambio si el producto presenta defecto de fábrica. </div><div>Muy respetuosamente pedimos que, al momento de solicitarnos un producto, tenga las medidas necesarias.</div><div>No se hacen reembolsos, se hacen cambios por productos disponibles, completando el mismo monto cancelado.</div></section></details><p><br></p>",taxable,,1,1,1,0,0,0.34,0.0,0.0,0.0,1,,,23500.00,"Recompensas > Bolas, Recompensas, Todos los Productos",,,https://d2j6dbq0eux0bg.cloudfront.net/images/104219285/products/741795926/5823959829.webp,,,,,,,,,,PetKORE,,,,,,,,,,,,,,,,741795926,https://www.specialk9.com/Bola-KORE-Flex-p741795926,"Bola KORE Flex","Descripción Hecha de con caucho natural para garantizar su flexibilidad y resistencia.Este juguete combina una pelota de goma resistente con dos colas, lo que la hace perfecta para emocionantes juegos de buscar y tirar de la cuerda. Medida: 4.75"" (12.06 cm) Garantía Garantía por defectos de fábrica.…"
simple,09050248,,"Bolas de Algodón Jumbo 200 Unidades",-1,1,hidden,,"<p>Paquete de 200 unidades de Bolas de Algodón Jumbo</p>",taxable,,0,0,1,0,0,0.11,0.0,0.0,0.0,1,,,1000.00,"Todos los Productos, Limpieza",,,https://d2j6dbq0eux0bg.cloudfront.net/images/104219285/products/847174311/5879443346.png,,,,,,,,,87,Royal,,,,,,,,,,,,,,,,847174311,https://www.specialk9.com/Bolas-de-Algodon-Jumbo-200-Unidades-p847174311,"Bolas de Algodón Jumbo 200 Unidades","Paquete de 200 unidades de Bolas de Algodón Jumbo"
variable,TT51,193756197060,"Bola sólida para entrenamiento",1,0,visible,,"<details><summary>Descripción</summary><section><p>Diseñado para juego interactivo. <br>Goma y cuerda de alta calidad. <br>Cuerpo de goma sólida.<br>Conexión segura de cuerda a pelota.<br>Totalmente seguro para tu perro.</p></section></details><details><summary>Garantía</summary><section><div>Garantía por defectos de fábrica. Cortes y mordeduras no serán contemplados dentro de la garantía.</div><div><strong>Devoluciones</strong></div><div>Se realiza cambio si el producto presenta defecto de fábrica. </div><div>Muy respetuosamente pedimos que, al momento de solicitarnos un producto, tenga las medidas necesarias.</div><div>No se hacen reembolsos, se hacen cambios por productos disponibles, completando el mismo monto cancelado.</div></section></details><p><br></p>",taxable,,,,,,0,0.3,0.0,0.0,0.0,1,,,,"Recompensas > Bolas, Todos los Productos",,,"https://d2j6dbq0eux0bg.cloudfront.net/images/104219285/4891297366.jpg, https://d2j6dbq0eux0bg.cloudfront.net/images/104219285/4891297579.jpg, https://d2j6dbq0eux0bg.cloudfront.net/images/104219285/4891297584.jpg, https://d2j6dbq0eux0bg.cloudfront.net/images/104219285/products/746549870/5592911494.jpg, https://d2j6dbq0eux0bg.cloudfront.net/images/104219285/products/746549870/5592915110.jpg, https://d2j6dbq0eux0bg.cloudfront.net/images/104219285/products/746549870/5592911488.jpg, https://d2j6dbq0eux0bg.cloudfront.net/images/104219285/products/746549870/5592915116.jpg, https://d2j6dbq0eux0bg.cloudfront.net/images/104219285/products/746549870/5592905730.jpg, https://d2j6dbq0eux0bg.cloudfront.net/images/104219285/products/746549870/5592905736.jpg",,,,,,,,,,"For Dog Trainers",Tamaño,"2.75"" Multicolor, 2.33"" Roja, 2.75"" Naranja",1,0,,,,,,,,,,,,746549870,https://www.specialk9.com/Bola-solida-para-entrenamiento-p746549870,"Bola sólida para entrenamiento","Descripción Diseñado para juego interactivo. Goma y cuerda de alta calidad. Cuerpo de goma sólida. Conexión segura de cuerda a pelota. Totalmente seguro para tu perro. Garantía Garantía por defectos de fábrica. Cortes y mordeduras no serán contemplados dentro de la garantía. Devoluciones Se realiza…"
variation,TT14,,"Bola sólida para entrenamiento - 2.75"" Naranja",1,,visible,,,taxable,parent,1,3,1,1,0,,,,,,,,16400.00,,,,,,,TT51,,,,,,,,Tamaño,"2.75"" Naranja",1,0,,,,,,,,,,,,746549870,,,
variation,TT13,,"Bola sólida para entrenamiento - 2.33"" Roja",1,,visible,,,taxable,parent,1,2,1,1,0,,,,,,,,15500.00,,,,,,,TT51,,,,,,,,Tamaño,"2.33"" Roja",1,0,,,,,,,,,,,,746549870,,,
variation,TT5,,"Bola sólida para entrenamiento - 2.75"" Multicolor",1,,visible,,,taxable,parent,1,0,1,1,0,,,,,,,,15500.00,,,,,,,TT51,,,,,,,,Tamaño,"2.75"" Multicolor",1,0,,,,,,,,,,,,746549870,,,
variable,BA30,,"Bola Swing -N- Fling",1,0,visible,,"<details><summary>Descripción</summary><section><p>Diseñado para juego interactivo. Vuela lejos, es divertido para ti lanzarlo y fácil de recuperar para tu perro.</p><p>Diseño duradero único<br>Lo suficientemente fuerte para Malinois y pastores alemanes.</p></section></details><details><summary>Garantía</summary><section><div>Garantía por defectos de fábrica. Cortes y mordeduras no serán contemplados dentro de la garantía.</div><div><strong>Devoluciones</strong></div><div>Se realiza cambio si el producto presenta defecto de fábrica. </div><div>Muy respetuosamente pedimos que, al momento de solicitarnos un producto, tenga las medidas necesarias.</div><div>No se hacen reembolsos, se hacen cambios por productos disponibles, completando el mismo monto cancelado.</div></section></details><p><br></p>",taxable,,,,,,0,0.0,0.0,0.0,0.0,1,,,,"Recompensas > Bolas, Todos los Productos",,,"https://d2j6dbq0eux0bg.cloudfront.net/images/104219285/products/695627728/4540436012.jpg, https://d2j6dbq0eux0bg.cloudfront.net/images/104219285/products/695627728/4597678491.png, https://d2j6dbq0eux0bg.cloudfront.net/images/104219285/products/695627728/4597678700.png",,,,,,,,,,"Elite K9",Tamaño,"2.5"", 3""",1,0,,,,,,,,,,,,695627728,https://www.specialk9.com/Bola-Swing-N-Fling-p695627728,"Bola Swing -N- Fling","Descripción Diseñado para juego interactivo. Vuela lejos, es divertido para ti lanzarlo y fácil de recuperar para tu perro. Diseño duradero único Lo suficientemente fuerte para Malinois y pastores alemanes. Garantía Garantía por defectos de fábrica. Cortes y mordeduras no serán contemplados dentro…"
variation,"BA302 L",,"Bola Swing -N- Fling - 3""",1,,visible,,,taxable,parent,1,4,1,1,0,,,,,,,,17500.00,,,,,,,BA30,,,,,,,,Tamaño,"3""",1,0,,,,,,,,,,,,695627728,,,
variation,"BA302 M",,"Bola Swing -N- Fling - 2.5""",1,,visible,,,taxable,parent,1,0,1,1,0,,,,,,,,16200.00,,,,,,,BA30,,,,,,,,Tamaño,"2.5""",1,0,,,,,,,,,,,,695627728,,,
variable,H05-MH005,,"Bolsa con velcro",1,0,visible,,"<details><summary>Descripción</summary><section><p>Bolsa con velcro.</p><p>Tiene velcro de resistencia que permite sujetar al pechera o chaleco de entrenamiento. Cada bolsa cuenta con 2 cremalleras en la parte superior.</p><p>En el exterior del bolsillo para dos parches de 2"" x 6"".<br>La bolsa mide 6"" de ancho x 4"" de alto x 2"" de espesor.<br>Color coyote</p></section></details><details><summary>Garantía</summary><section><div>Garantía por defectos de fábrica. Cortes y mordeduras no serán contemplados dentro de la garantía.</div><div><strong>Devoluciones</strong></div><div>Se realiza cambio si el producto presenta defecto de fábrica. </div><p>No se hacen reembolsos, se hacen cambios por productos disponibles, completando el mismo monto cancelado.</p></section></details><p><br></p>",taxable,,,,,,0,0.09,0.0,0.0,0.0,1,,,,"Pecheras, Todos los Productos",,,https://d2j6dbq0eux0bg.cloudfront.net/images/104219285/4541528572.jpg,,,,,,,,,,"Elite K9",Color,"Negro, Coyote",1,0,,,,,,,,,,,,695816940,https://www.specialk9.com/Bolsa-con-velcro-p695816940,"Bolsa con velcro","Descripción Bolsa con velcro. Tiene velcro de resistencia que permite sujetar al pechera o chaleco de entrenamiento. Cada bolsa cuenta con 2 cremalleras en la parte superior. En el exterior del bolsillo para dos parches de 2"" x 6"". La bolsa mide 6"" de ancho x 4"" de alto x 2"" de espesor. Color coyote…"
variation,MH005,,"Bolsa con velcro - Coyote",1,,visible,,,taxable,parent,1,1,1,1,0,,,,,,,,21500.00,,,,,,,H05-MH005,,,,,,,,Color,Coyote,1,0,,,,,,,,,,,,695816940,,,
variation,H05,,"Bolsa con velcro - Negro",1,,visible,,,taxable,parent,1,0,1,1,0,,,,,,,,21500.00,,,,,,,H05-MH005,,,,,,,,Color,Negro,1,0,,,,,,,,,,,,695816940,,,
variable,A71,,"Bolsa mediana para juguetes/recompensa",1,0,visible,,"<details><summary>Descripción</summary><section><p>Bolsa mediana para juguetes y recompensas.</p><p>La bolsa contiene dos bolsillos separados:<br>Un pequeño bolsillo para guardar golosinas.<br>Un bolsillo grande para guardar las juguetes.</p><p>Cuenta con cierres de velcro y un clip para cinturón para una fácil fijación.</p><p>El tamaño mediano mide 6"" de alto x 5 3/4"" de ancho<br></p></section></details><details><summary>Garantía</summary><section><div>Garantía por defectos de fábrica. Cortes y mordeduras no serán contemplados dentro de la garantía.</div><div><strong>Devoluciones</strong></div><div>Se realiza cambio si el producto presenta defecto de fábrica. </div><p>No se hacen reembolsos, se hacen cambios por productos disponibles, completando el mismo monto cancelado.</p></section></details><p><br></p>",taxable,,,,,,0,0.11,0.0,0.0,0.0,1,,,,"Entrenamiento, Todos los Productos",,,"https://d2j6dbq0eux0bg.cloudfront.net/images/104219285/4541497977.jpg, https://d2j6dbq0eux0bg.cloudfront.net/images/104219285/4541501632.png, https://d2j6dbq0eux0bg.cloudfront.net/images/104219285/4596451439.jpg",,,,,,,,,,"Elite K9",Color,"Coyote, Negro",1,0,,,,,,,,,,,,695816936,https://www.specialk9.com/Bolsa-mediana-para-juguetes-recompensa-p695816936,"Bolsa mediana para juguetes/recompensa","Descripción Bolsa mediana para juguetes y recompensas. La bolsa contiene dos bolsillos separados: Un pequeño bolsillo para guardar golosinas. Un bolsillo grande para guardar las juguetes. Cuenta con cierres de velcro y un clip para cinturón para una fácil fijación. El tamaño mediano mide 6"" de alto…"
variation,"A71 B",,"Bolsa mediana para juguetes/recompensa - Negro",1,,visible,,,taxable,parent,1,1,1,1,0,,,,,,,,23500.00,,,,,,,A71,,,,,,,,Color,Negro,1,0,,,,,,,,,,,,695816936,,,
variation,"A71 C",,"Bolsa mediana para juguetes/recompensa - Coyote",1,,visible,,,taxable,parent,1,2,1,1,0,,,,,,,,23500.00,,,,,,,A71,,,,,,,,Color,Coyote,1,0,,,,,,,,,,,,695816936,,,
simple,TE80,TE80,"Bolsa para juguetes / recompensas",1,0,visible,,"<details><summary>Descripción</summary><section><div>Bolsa impermeable para juguetes / recompensas.<br>Fácil y rápida de colocar en el cinturón.<br>Material resistente al agua, las manchas y los desgarros.<br>Cierre rápido con cordón.</div><p>Medidas:</p><p>13 cm de alto<br>9 cm de largo<br>9 cm de profundidad (abierta)</p></section></details><details><summary>Garantía</summary><section><div>Garantía por defectos de fábrica. Cortes y mordeduras no serán contemplados dentro de la garantía.</div><div><strong>Devoluciones</strong></div><div>Se realiza cambio si el producto presenta defecto de fábrica.</div><p>No se hacen reembolsos, se hacen cambios por productos disponibles, completando el mismo monto cancelado.</p></section></details>",taxable,,1,1,1,1,0,0.3,0.0,0.0,0.0,1,,,23500.00,"Entrenamiento, Todos los Productos",,,"https://d2j6dbq0eux0bg.cloudfront.net/images/104219285/4939043134.jpg, https://d2j6dbq0eux0bg.cloudfront.net/images/104219285/4939040948.jpg, https://d2j6dbq0eux0bg.cloudfront.net/images/104219285/4939043124.jpg",,,,,,,,,,"For Dog Trainers",,,,,,,,,,,,,,,,753485492,https://www.specialk9.com/Bolsa-para-juguetes-recompensas-p753485492,"Bolsa para juguetes / recompensas","Descripción Bolsa impermeable para juguetes / recompensas. Fácil y rápida de colocar en el cinturón. Material resistente al agua, las manchas y los desgarros. Cierre rápido con cordón. Medidas: 13 cm de alto 9 cm de largo 9 cm de profundidad (abierta) Garantía Garantía por defectos de fábrica.…"
simple,R08C,022886261221,"Bolsa plegable para juguetes / recompensas",1,0,visible,,"<details><summary>Descripción</summary><section><p>La bolsa tiene una abertura de 9"" de ancho y 10"" de ancho x 11"" de profundidad.</p><p>Se dobla cuando no esté en uso para medir 10"" de ancho x 3"" de profundidad.<br>Cuenta con dos accesorios MOLLE/trabilla para cinturón de 3"" con cierres a presión y velcro.</p><p>Funciona muy bien para guardar juguetes o golosinas de recompensa.<br>Lo suficientemente grande como para albergar 3 Extreme Kongs XXL negros</p></section></details><details><summary>Garantía</summary><section><div>Garantía por defectos de fábrica. Cortes y mordeduras no serán contemplados dentro de la garantía.</div><div><strong>Devoluciones</strong></div><div>Se realiza cambio si el producto presenta defecto de fábrica. </div><p>No se hacen reembolsos, se hacen cambios por productos disponibles, completando el mismo monto cancelado.</p></section></details><p><br></p>",taxable,,1,1,1,1,0,0.19,0.0,0.0,0.0,1,,,22000.00,"Entrenamiento, Todos los Productos",,,"https://d2j6dbq0eux0bg.cloudfront.net/images/104219285/4541546445.jpg, https://d2j6dbq0eux0bg.cloudfront.net/images/104219285/4596454654.jpg, https://d2j6dbq0eux0bg.cloudfront.net/images/104219285/4596452962.jpg",,,,,,,,,,"Elite K9",,,,,,,,,,,,,,,,695816947,https://www.specialk9.com/Bolsa-plegable-para-juguetes-recompensas-p695816947,"Bolsa plegable para juguetes / recompensas","Descripción La bolsa tiene una abertura de 9"" de ancho y 10"" de ancho x 11"" de profundidad. Se dobla cuando no esté en uso para medir 10"" de ancho x 3"" de profundidad. Cuenta con dos accesorios MOLLE/trabilla para cinturón de 3"" con cierres a presión y velcro. Funciona muy bien para guardar juguetes…"
simple,4555-4,,"Bolso Organizador de Tiro Safariland Modelo 4555 Negro",-1,1,hidden,,"<p>La Safariland 4555 Shooters’ Range Bag ofrece una solución práctica y resistente para transportar equipo de tiro, municiones y accesorios. Su diseño incorpora un compartimento central removible con paneles acolchados y cierre para almacenar hasta 4 pistolas de forma segura y organizada.</p><p>Cuenta con divisores ajustables para personalizar el espacio interior, compartimentos para cargadores, bolsillos externos de gran capacidad y asas envolventes reforzadas que facilitan el transporte entre estaciones de tiro.</p><p>Fabricada con materiales duraderos tipo ballistic weave, esta bolsa brinda excelente resistencia al uso intensivo y protección para el equipo.</p> <h3>Características</h3> <ul> <li> Compartimento central removible con espacio acolchado para hasta 4 pistolas </li> <li> Divisores ajustables para organizar accesorios y equipo </li> <li> Espacios dedicados para cargadores adicionales </li> <li> Bolsillos exteriores amplios para protección auditiva, gafas, toallas y accesorios </li> <li> Cierre superior doble para acceso rápido y cobertura completa </li> <li> Asas reforzadas de transporte envolvente </li> <li> Interior completamente forrado para mayor protección </li> <li> Construcción resistente para uso intensivo en campo o polígono </li></ul>",taxable,,0,0,1,0,0,0.0,0.0,0.0,0.0,1,,,75700.00,"Todos los Productos, Indumentaria, Indumentaria > Entrenamiento",,,"https://d2j6dbq0eux0bg.cloudfront.net/images/104219285/products/836445400/5773851900.jpg, https://d2j6dbq0eux0bg.cloudfront.net/images/104219285/products/836445400/5773814716.jpg, https://d2j6dbq0eux0bg.cloudfront.net/images/104219285/products/836445400/5773920774.jpg",,,,,,,,,64,Safariland,,,,,,,,,,,,,,,,836445400,https://www.specialk9.com/Bolso-Organizador-de-Tiro-Safariland-Modelo-4555-Negro-p836445400,"Bolso Organizador de Tiro Safariland Modelo 4555 Negro","La Safariland 4555 Shooters’ Range Bag ofrece una solución práctica y resistente para transportar equipo de tiro, municiones y accesorios. Su diseño incorpora un compartimento central removible con paneles acolchados y cierre para almacenar hasta 4 pistolas de forma segura y organizada. Cuenta con…"
simple,PR-59012,,"Bolso Táctico de Patrulla Listo 40L",-1,1,hidden,,"<p>La bolsa <strong>5.11 Bolso Táctico de Patrulla Listo 40L </strong> ofrece el espacio y la organización ideales para transportar todo tu equipo de tiro de forma segura y práctica durante largas jornadas en el polígono.</p><h3>Características</h3><ul> <li> Amplio panel frontal de velcro para parches o identificación </li> <li> Construcción completamente acolchada con base reforzada de PE para mayor protección del equipo </li> <li> Compartimento lateral abatible con organizadores internos y cinta para nombre </li> <li> Panel MOLLE externo en el lateral derecho para añadir accesorios compatibles </li> <li> Dos bolsillos traseros con cierre para almacenamiento adicional </li> <li> Asa superior reforzada y correa de hombro removible </li> <li> Panel interno frontal de acceso rápido con elásticos para cargadores y accesorios </li> <li> Divisores internos removibles y bandas elásticas para personalizar la organización </li> <li> Bandas elásticas bajo la tapa para asegurar equipo adicional </li> <li> Cremalleras YKK compatibles con candado para mayor seguridad </li> <li> Fabricada en resistente poliéster 600D</li></ul><details><summary>Medidas</summary><section><div></div><div><div><section><div><div><div><div><div><div><ul><li>Compartimento principal: <ul> <li> <strong>12.5” alto × 18.5” largo × 8.5” profundidad</strong> </li> <li> Aproximadamente: <strong>31.7 × 47 × 21.6 cm</strong> </li> </ul> </li> <li> Bolsillos frontales: <ul> <li> <strong>10” × 4.75” × 1.5”</strong> </li> <li> Aproximadamente: <strong>25.4 × 12 × 3.8 cm</strong> </li> </ul> </li> <li> Bolsillos laterales: <ul> <li> <strong>10” × 8.5” × 1.5”</strong> </li> <li> Aproximadamente: <strong>25.4 × 21.6 × 3.8 cm</strong> </li> </ul> </li> <li> Capacidad total: <ul> <li> <strong>40 litros</strong> </li> </ul> </li> <li> Peso: <ul> <li> <strong>3.3 lb</strong> </li> <li> Aproximadamente: <strong>1.5 kg</strong>  </li> </ul> </li> </ul> </div></div></div></div><div></div><div><div></div></div></div></div></section></div></div></section></details>",taxable,,0,0,1,0,0,1.95,0.0,0.0,0.0,1,,,110000.00,"Todos los Productos, Indumentaria, Indumentaria > Entrenamiento",,,"https://d2j6dbq0eux0bg.cloudfront.net/images/104219285/products/836445421/5780858115.jpg, https://d2j6dbq0eux0bg.cloudfront.net/images/104219285/products/836445421/5780858121.jpg, https://d2j6dbq0eux0bg.cloudfront.net/images/104219285/products/836445421/5780876371.jpg, https://d2j6dbq0eux0bg.cloudfront.net/images/104219285/products/836445421/5780876377.jpg",,,,,,,,,65,5.11,,,,,,,,,,,,,,,,836445421,https://www.specialk9.com/Bolso-Tactico-de-Patrulla-Listo-40L-p836445421,"Bolso Táctico de Patrulla Listo 40L","La bolsa 5.11 Bolso Táctico de Patrulla Listo 40L ofrece el espacio y la organización ideales para transportar todo tu equipo de tiro de forma segura y práctica durante largas jornadas en el polígono. Características Amplio panel frontal de velcro para parches o identificación Construcción…"
variable,RW,,"​Botas para perros Ruffwear Grip Trex",1,0,visible,,"<details><summary>Descripción</summary><section><p>Botas para perros Ruffwear Grip Trex</p><p>Las botas para perros Ruffwear Grip Trex son botas para todo tipo de clima y todo terreno diseñadas para perros de trabajo.<br><br>Las suelas Vibram® que no dejan marcas tienen un diseño de tacos multidireccionales y flexibles que le brindan tracción a su perro en cualquier terreno.<br>Las partes superiores de malla de aire de tejido apretado evitan la entrada de suciedad, residuos y arena y brindan ventilación<br>Las correas de cierre ajustables garantizan un ajuste personalizado; los protectores contra el barro de una pieza mejoran el ajuste y la durabilidad<br>Los puños de agarre de piel de cerdo sintética ayudan a mantener las botas en las patas<br>Las botas para perros Ruff Wear Bark'n Boots Grip Tex cuentan con detalles reflectantes 3M que brindan visibilidad con poca luz desde múltiples ángulos.</p></section></details><details><summary>Garantía</summary><section><div>Garantía por defectos de fábrica. Cortes golpes y mordeduras no serán contemplados dentro de la garantía.</div><div><strong>Devoluciones</strong></div><div>Se realiza cambio si el producto presenta defecto de fábrica. </div><div>Muy respetuosamente pedimos que, al momento de solicitarnos un producto, tenga las medidas necesarias.</div><div>No se hacen reembolsos, se hacen cambios por productos disponibles, completando el mismo monto cancelado.</div></section></details>",taxable,,,,,,0,0.5,0.0,0.0,0.0,1,,,,"Seguridad y Protección Canina, Todos los Productos",,,"https://d2j6dbq0eux0bg.cloudfront.net/images/104219285/4541068988.jpg, https://d2j6dbq0eux0bg.cloudfront.net/images/104219285/4597569940.jpg, https://d2j6dbq0eux0bg.cloudfront.net/images/104219285/4597570388.jpg, https://d2j6dbq0eux0bg.cloudfront.net/images/104219285/4597569960.jpg, https://d2j6dbq0eux0bg.cloudfront.net/images/104219285/4597569975.jpg, https://d2j6dbq0eux0bg.cloudfront.net/images/104219285/4597576035.png",,,,,,,,,,Ruffwear,Tamaño,"2.5"", 2.75"", 3.0""",1,0,,,,,,,,,,,,695723380,https://www.specialk9.com/Botas-para-perros-Ruffwear-Grip-Trex-p695723380,"​Botas para perros Ruffwear Grip Trex","Descripción Botas para perros Ruffwear Grip Trex Las botas para perros Ruffwear Grip Trex son botas para todo tipo de clima y todo terreno diseñadas para perros de trabajo. Las suelas Vibram® que no dejan marcas tienen un diseño de tacos multidireccionales y flexibles que le brindan tracción a su…"
variation,"RW L",,"​Botas para perros Ruffwear Grip Trex - 3.0""",1,,visible,,,taxable,parent,1,0,1,1,0,,,,,,,,81000.00,,,,,,,RW,,,,,,,,Tamaño,"3.0""",1,0,,,,,,,,,,,,695723380,,,
variation,"RW M",,"​Botas para perros Ruffwear Grip Trex - 2.75""",1,,visible,,,taxable,parent,1,0,1,1,0,,,,,,,,81000.00,,,,,,,RW,,,,,,,,Tamaño,"2.75""",1,0,,,,,,,,,,,,695723380,,,
variation,"RW S",,"​Botas para perros Ruffwear Grip Trex - 2,5""",1,,visible,,,taxable,parent,1,2,1,1,0,,,,,,,,81000.00,,,,,,,RW,,,,,,,,Tamaño,"2.5""",1,0,,,,,,,,,,,,695723380,,,
variable,QUMYshoes,,"Botas Protectoras Antideslizantes para Canes (Paquete de 4 Botas)",1,0,visible,,"<p>Tipo de producto: Equipo de protección para extremidades caninas.  </p><div>Marca: QUMY</div><div>Botas protectoras diseñadas para canes de trabajo policial, militar, rescate o seguridad privada. Proporcionan protección contra superficies calientes, abrasivas, irregulares o contaminadas, mejorando la tracción, estabilidad y seguridad del animal durante operaciones en campo.                                                              </div><div><br></div><div>Material exterior: Tela impermeable y transpirable de alta resistencia al desgaste.</div><div>Forro interior: Material suave tipo terciopelo para mayor confort térmico.</div><div>Suela: Goma reforzada con diseño de tracción profunda, antideslizante y resistente al desgaste.</div><div>Costuras: Costuras reforzadas de alta durabilidad.</div><div>Sistema de cierre: Doble correa ajustable con material reflectivo.</div><div>Elementos reflectivos: Líneas reflectivas para visibilidad nocturna. </div><div>                                                                                                                                                                                                                                   </div><div>Tipo de suela: Antideslizante, resistente a la abrasión.</div><div>Protección térmica: Protección contra pavimento caliente.</div><div>Protección mecánica: Protección contra espinas, piedras y superficies abrasivas.</div><div>Resistencia al agua: Material impermeable (no diseñado para inmersión prolongada en agua profunda).</div><div>Sistema de ajuste: Ajuste seguro mediante doble correa reflectiva.</div><div>Lavado: Lavable a mano.</div><div>Diseño: Anatómico, permite movilidad natural del can.</div>",taxable,,,,,,0,0.0,0.0,0.0,0.0,1,,,,"Seguridad y Protección Canina, Todos los Productos",,,"https://d2j6dbq0eux0bg.cloudfront.net/images/104219285/products/819947527/5623431113.png, https://d2j6dbq0eux0bg.cloudfront.net/images/104219285/products/819947527/5623431125.png, https://d2j6dbq0eux0bg.cloudfront.net/images/104219285/products/819947527/5623427346.png, https://d2j6dbq0eux0bg.cloudfront.net/images/104219285/products/819947527/5623445754.png, https://d2j6dbq0eux0bg.cloudfront.net/images/104219285/products/819947527/5623441552.png, https://d2j6dbq0eux0bg.cloudfront.net/images/104219285/products/819947527/5623441618.png",,,,,,,,,,QUMY,Talla,"2, 3, 4, 5, 6, 7, 8",1,0,,,,,,,,,,,,819947527,https://www.specialk9.com/Botas-Protectoras-Antideslizantes-para-Canes-Paquete-de-4-Botas-p819947527,"Botas Protectoras Antideslizantes para Canes (Paquete de 4 Botas)","Tipo de producto: Equipo de protección para extremidades caninas. Marca: QUMY Botas protectoras diseñadas para canes de trabajo policial, militar, rescate o seguridad privada. Proporcionan protección contra superficies calientes, abrasivas, irregulares o contaminadas, mejorando la tracción,…"
variation,QUMYshoes-8,,"Botas Protectoras Antideslizantes para Canes (Paquete de 4 Botas) - 8",1,,visible,,,taxable,parent,1,3,1,1,0,,,,,,,,38000.00,,,,,,,QUMYshoes,,,,,,,,Talla,8,1,0,,,,,,,,,,,,819947527,,,
variation,QUMYshoes-7,,"Botas Protectoras Antideslizantes para Canes (Paquete de 4 Botas) - 7",1,,visible,,,taxable,parent,1,3,1,1,0,,,,,,,,38000.00,,,,,,,QUMYshoes,,,,,,,,Talla,7,1,0,,,,,,,,,,,,819947527,,,
variation,QUMYshoes-6,,"Botas Protectoras Antideslizantes para Canes (Paquete de 4 Botas) - 6",1,,visible,,,taxable,parent,1,3,1,1,0,,,,,,,,38000.00,,,,,,,QUMYshoes,,,,,,,,Talla,6,1,0,,,,,,,,,,,,819947527,,,
variation,QUMYshoes-5,,"Botas Protectoras Antideslizantes para Canes (Paquete de 4 Botas) - 5",1,,visible,,,taxable,parent,1,3,1,1,0,,,,,,,,38000.00,,,,,,,QUMYshoes,,,,,,,,Talla,5,1,0,,,,,,,,,,,,819947527,,,
variation,QUMYshoes-4,,"Botas Protectoras Antideslizantes para Canes (Paquete de 4 Botas) - 4",1,,visible,,,taxable,parent,1,3,1,1,0,,,,,,,,38000.00,,,,,,,QUMYshoes,,,,,,,,Talla,4,1,0,,,,,,,,,,,,819947527,,,
variation,QUMYshoes-3,,"Botas Protectoras Antideslizantes para Canes (Paquete de 4 Botas) - 3",1,,visible,,,taxable,parent,1,3,1,1,0,,,,,,,,38000.00,,,,,,,QUMYshoes,,,,,,,,Talla,3,1,0,,,,,,,,,,,,819947527,,,
variation,QUMYshoes-2,,"Botas Protectoras Antideslizantes para Canes (Paquete de 4 Botas) - 2",1,,visible,,,taxable,parent,1,3,1,1,0,,,,,,,,38000.00,,,,,,,QUMYshoes,,,,,,,,Talla,2,1,0,,,,,,,,,,,,819947527,,,
variable,"BT 25",850437003736,"Botella de Acero Inoxidable 25oz",1,0,visible,,"<details><summary>Descripción</summary><section><p>La botella de agua para perros KONG H2O de acero inoxidable está diseñada para satisfacer todas las necesidades de bebida de su perro cuando está fuera de casa. La tapa también sirve como cuenco de agua. Esta botella de acero inoxidable de alta calidad es 100% libre de toxinas y tiene una tapa de polipropileno.<br></p><p>Características del producto:</p><ul><li>¡La tapa de viaje también funciona como cuenco de agua!</li><li>Ideal para correr, hacer caminatas, parques para perros, viajes por carretera y mucho más.</li><li>Las botellas KONG H2O se adaptan a portavasos, mochilas y portabotellas para bicicletas y automóviles.</li><li>¡Mantiene el agua fresca! La boca de la botella es grande, por lo que también permite cubitos de hielo.</li><li>Disponible en varios colores.</li><li>Volumen: 740ml (25 Oz)</li></ul></section></details><details><summary>Garantía y devoluciones</summary><section><div>Garantía por defectos de fábrica. Se realiza cambio si el producto presenta defecto de fábrica. No se hacen reembolsos, se hacen cambios por productos disponibles, completando el mismo monto cancelado.</div></section></details><p><br></p>",taxable,,,,,,0,0.18,0.0,0.0,0.0,1,,,,"Accesorios, Todos los Productos, Alimentos & Suplementos, Alimentos & Suplementos > Hidratación",,,"https://d2j6dbq0eux0bg.cloudfront.net/images/104219285/products/698065056/4555759684.jpg, https://d2j6dbq0eux0bg.cloudfront.net/images/104219285/products/698065056/4555760810.jpg, https://d2j6dbq0eux0bg.cloudfront.net/images/104219285/products/698065056/4555760815.jpg, https://d2j6dbq0eux0bg.cloudfront.net/images/104219285/products/698065056/4555760820.jpg, https://d2j6dbq0eux0bg.cloudfront.net/images/104219285/products/698065056/4555760825.jpg, https://d2j6dbq0eux0bg.cloudfront.net/images/104219285/products/698065056/4555760830.jpg, https://d2j6dbq0eux0bg.cloudfront.net/images/104219285/products/698065056/4555760840.jpg, https://d2j6dbq0eux0bg.cloudfront.net/images/104219285/products/698065056/4555758421.jpg",,,,,,,,,,"Kong H2O",Color,"Rosado, Naranja, Verde, Azul, Rojo, Negro",1,0,,,,,,,,,,,,698065056,https://www.specialk9.com/Botella-de-Acero-Inoxidable-25oz-p698065056,"Botella de Acero Inoxidable 25oz","Descripción La botella de agua para perros KONG H2O de acero inoxidable está diseñada para satisfacer todas las necesidades de bebida de su perro cuando está fuera de casa. La tapa también sirve como cuenco de agua. Esta botella de acero inoxidable de alta calidad es 100% libre de toxinas y tiene…"
variation,"BT 25 RD",,"Botella de Acero Inoxidable 25oz - Rojo",1,,visible,,,taxable,parent,1,2,0,1,0,,,,,,,,10500.00,,,,,,,"BT 25",,,,,,,,Color,Rojo,1,0,,,,,,,,,,,,698065056,,,
variation,"BT 25 BLU",,"Botella de Acero Inoxidable 25oz - Azul",1,,visible,,,taxable,parent,1,7,0,1,0,,,,,,,,10500.00,,,,,,,"BT 25",,,,,,,,Color,Azul,1,0,,,,,,,,,,,,698065056,,,
variation,"BT 25 GR",,"Botella de Acero Inoxidable 25oz - Verde",1,,visible,,,taxable,parent,1,8,0,1,0,,,,,,,,10500.00,,,,,,,"BT 25",,,,,,,,Color,Verde,1,0,,,,,,,,,,,,698065056,,,
variation,"BT 25 OR",,"Botella de Acero Inoxidable 25oz - Naranja",1,,visible,,,taxable,parent,1,7,0,1,0,,,,,,,,10500.00,,,,,,,"BT 25",,,,,,,,Color,Naranja,1,0,,,,,,,,,,,,698065056,,,
variation,"BT 25 PNK",,"Botella de Acero Inoxidable 25oz - Rosado",1,,visible,,,taxable,parent,1,21,0,1,0,,,,,,,,10500.00,,,,,,,"BT 25",,,,,,,,Color,Rosado,1,0,,,,,,,,,,,,698065056,,,
variable,"BT 95",850437003798,"Botella de acero inoxidable9.5 Oz",1,0,visible,,"<details><summary>Descripción</summary><section><p>Es una botella conveniente para servirle agua a su perro cuando está fuera de casa.</p><p>La botella de 9.5 oz se adapta a la mayoría de portavasos y compartimentos para botellas. Esto lo hace conveniente para realizar paseos, vacaciones y otras actividades que usted y su perro disfruten juntos.<br>DISEÑADO PARA PERROS:</p><p>La tapa de viaje con tapa giratoria se diseñó para adaptarse al estilo natural de beber de un perro.<br>SEGURO PARA TU PERRO:</p><p>La tapa no contiene BPA y la botella es de acero inoxidable apto para uso alimentario.<br>DURABLE:</p><p>La tapa superior giratoria no tiene puntos de bisagra que puedan romperse si la botella se cae. Las botellas de acero inoxidable de están hechas para un uso fuerte.<br>Disponible en varios colores</p></section></details><details><summary>Garantía y Devoluciones</summary><section><p>Garantía por defectos de fábrica. Se realiza cambio si el producto presenta defecto de fábrica. No se hacen reembolsos, se hacen cambios por productos disponibles, completando el mismo monto cancelado.</p></section></details><p><br></p>",taxable,,,,,,0,0.12,0.0,0.0,0.0,1,,,,"Accesorios, Todos los Productos, Alimentos & Suplementos, Alimentos & Suplementos > Hidratación",,,"https://d2j6dbq0eux0bg.cloudfront.net/images/104219285/products/697581252/4553209857.jpg, https://d2j6dbq0eux0bg.cloudfront.net/images/104219285/products/697581252/4553212537.jpg, https://d2j6dbq0eux0bg.cloudfront.net/images/104219285/products/697581252/4553212542.jpg, https://d2j6dbq0eux0bg.cloudfront.net/images/104219285/products/697581252/4553216765.jpg, https://d2j6dbq0eux0bg.cloudfront.net/images/104219285/products/697581252/4553212547.jpg, https://d2j6dbq0eux0bg.cloudfront.net/images/104219285/products/697581252/4553209862.jpg, https://d2j6dbq0eux0bg.cloudfront.net/images/104219285/products/697581252/4553216770.jpg, https://d2j6dbq0eux0bg.cloudfront.net/images/104219285/products/697581252/4553216775.jpg, https://d2j6dbq0eux0bg.cloudfront.net/images/104219285/products/697581252/4553209867.jpg",,,,,,,,,,"Kong H2O",Color,"Naranja, Rosado, Rojo, Azul, Negro, Amarillo, Verde",1,0,,,,,,,,,,,,697581252,https://www.specialk9.com/Botella-de-acero-inoxidable9-5-Oz-p697581252,"Botella de acero inoxidable9.5 Oz","Descripción Es una botella conveniente para servirle agua a su perro cuando está fuera de casa. La botella de 9.5 oz se adapta a la mayoría de portavasos y compartimentos para botellas. Esto lo hace conveniente para realizar paseos, vacaciones y otras actividades que usted y su perro disfruten…"
variation,"BT 95 GR",,"Botella de acero inoxidable9.5 Oz - Verde",1,,visible,,,taxable,parent,1,5,1,1,0,,,,,,,,8500.00,,,,,,,"BT 95",,,,,,,,Color,Verde,1,0,,,,,,,,,,,,697581252,,,
variation,"BT 95 YL",,"Botella de acero inoxidable9.5 Oz - Amarillo",1,,visible,,,taxable,parent,1,7,1,1,0,,,,,,,,8500.00,,,,,,,"BT 95",,,,,,,,Color,Amarillo,1,0,,,,,,,,,,,,697581252,,,
variation,"BT 95 BLK",,"Botella de acero inoxidable9.5 Oz - Negro",1,,visible,,,taxable,parent,1,9,1,1,0,,,,,,,,8500.00,,,,,,,"BT 95",,,,,,,,Color,Negro,1,0,,,,,,,,,,,,697581252,,,
variation,"BT 95 BLU",,"Botella de acero inoxidable9.5 Oz - Azul",1,,visible,,,taxable,parent,1,8,1,1,0,,,,,,,,8500.00,,,,,,,"BT 95",,,,,,,,Color,Azul,1,0,,,,,,,,,,,,697581252,,,
variation,"BT 95 RD",,"Botella de acero inoxidable9.5 Oz - Rojo",1,,visible,,,taxable,parent,1,8,1,1,0,,,,,,,,8500.00,,,,,,,"BT 95",,,,,,,,Color,Rojo,1,0,,,,,,,,,,,,697581252,,,
variation,"BT 95 PNK",,"Botella de acero inoxidable9.5 Oz - Rosado",1,,visible,,,taxable,parent,1,7,1,1,0,,,,,,,,8500.00,,,,,,,"BT 95",,,,,,,,Color,Rosado,1,0,,,,,,,,,,,,697581252,,,
variation,"BT 95 OR",,"Botella de acero inoxidable9.5 Oz - Naranja",1,,visible,,,taxable,parent,1,8,1,1,0,,,,,,,,8500.00,,,,,,,"BT 95",,,,,,,,Color,Naranja,1,0,,,,,,,,,,,,697581252,,,
variable,"BT 25I",,"Botella Insulada de Acero Inoxidable",1,0,visible,,"<details><summary>Descripción</summary><section><p>La botella de agua para perros con aislamiento KONG H20 está diseñada para satisfacer todas las necesidades de bebida de su perro cuando está fuera de casa. Puede llevar esta botella de agua KONG para paseos por el parque, caminatas, viajes de campamento, vacaciones y cualquier otra aventura a la que lleve a su perro.</p><p>Con un diseño inteligente dos en uno, esta botella de agua tiene un fondo que se desenrosca y también funciona como tazón.</p><p>Esta botella aislante de alta calidad es 100 % libre de BPA. También es 100 % reciclable y sostenible para que usted y su cachorro sean conscientes del medio ambiente.</p><p>Características:</p><ul><li>Diseño 2 en 1: botella de agua y cuenco.</li><li>Botella de agua con aislante</li><li>Material duradero</li><li>Sin BPA</li><li>Solución de viaje</li><li>Capacidad: 740ml (25 Oz)</li></ul></section></details><details><summary>Garantía y Devoluciones</summary><section><p>Introduzca la descripción del bloque. El texto de la descripción se ocultará bajo el título para ahorrar espacio y hacer que la página del producto sea más escaneable. Para leer el texto, sus clientes tendrán que expandir el bloque contraído.</p></section></details><p><br></p>",taxable,,,,,,0,0.18,0.0,0.0,0.0,1,,,,"Todos los Productos, Alimentos & Suplementos, Alimentos & Suplementos > Hidratación",,,"https://d2j6dbq0eux0bg.cloudfront.net/images/104219285/products/697533489/4553236516.jpg, https://d2j6dbq0eux0bg.cloudfront.net/images/104219285/products/697533489/4553234553.jpg, https://d2j6dbq0eux0bg.cloudfront.net/images/104219285/products/697533489/4553228917.jpg, https://d2j6dbq0eux0bg.cloudfront.net/images/104219285/products/697533489/4553234558.jpg, https://d2j6dbq0eux0bg.cloudfront.net/images/104219285/products/697533489/4553228922.png, https://d2j6dbq0eux0bg.cloudfront.net/images/104219285/products/697533489/4553234563.png, https://d2j6dbq0eux0bg.cloudfront.net/images/104219285/products/697533489/4553236521.jpg, https://d2j6dbq0eux0bg.cloudfront.net/images/104219285/products/697533489/4553236526.jpg, https://d2j6dbq0eux0bg.cloudfront.net/images/104219285/products/697533489/4553228927.jpg",,,,,,,,,,"Kong H2O",Color,"Rojo, Azul, Amarillo",1,0,,,,,,,,,,,,697533489,https://www.specialk9.com/Botella-Insulada-de-Acero-Inoxidable-p697533489,"Botella Insulada de Acero Inoxidable","Descripción La botella de agua para perros con aislamiento KONG H20 está diseñada para satisfacer todas las necesidades de bebida de su perro cuando está fuera de casa. Puede llevar esta botella de agua KONG para paseos por el parque, caminatas, viajes de campamento, vacaciones y cualquier otra…"
variation,"BT 25I YL",,"Botella Insulada de Acero Inoxidable - Amarillo",1,,visible,,,taxable,parent,1,1,1,1,0,,,,,,,,15000.00,,,,,,,"BT 25I",,,,,,,,Color,Amarillo,1,0,,,,,,,,,,,,697533489,,,
variation,"BT 25I BLU",,"Botella Insulada de Acero Inoxidable - Azul",1,,visible,,,taxable,parent,1,8,1,1,0,,,,,,,,15000.00,,,,,,,"BT 25I",,,,,,,,Color,Azul,1,0,,,,,,,,,,,,697533489,,,
variation,"BT 25I RD",,"Botella Insulada de Acero Inoxidable - Rojo",1,,visible,,,taxable,parent,1,7,1,1,0,,,,,,,,15000.00,,,,,,,"BT 25I",,,,,,,,Color,Rojo,1,0,,,,,,,,,,,,697533489,,,
variable,MZ150,,"Bozal de Alambre Militar",1,0,visible,,"<details><summary>Descripción</summary><section><p>Canasta de alambre de metal recubierto. La gran apertura permite que el perro ladre y jadee. Interior de cuero acolchada con felpa. Tiras ajustables para la cabeza y el cuello.</p></section></details><details><summary>Tallas</summary><section><p><em><strong>Small:</strong></em></p><ul><li><em>Se adapta a la mayoría de los pastores Malinois y Alemanes con un peso menor a las 60 libras.</em></li><li><em>11.5"" de Circunferencia</em></li><li><em>4.5"" de largo</em></li></ul><p><em><strong>Medium:</strong></em><br></p><ul><li><em>Se adapta a la mayoría de los Pastores Malinois y Alemanes con un peso menor a las 75 libras</em></li><li><em>13"" de Circunferencia</em></li><li><em>4.5"" </em><em>de largo</em></li></ul><p><strong>Large:</strong></p><ul><li><em>Se adapta a la mayoría de los Pastores Malinois y Alemanes con un peso de 75 libras o superior</em></li><li><em>14"" de Circunferencia</em></li><li><em>4.75"" de largo</em></li></ul><p><br><u></u>*<strong>NOTA: </strong><u><strong><em>No utilice acondicionadores de cuero en bozales de cuero</em></strong></u>*</p></section></details><details><summary>Garantía</summary><section><p>Un mes de garantía por defectos de fábrica. No cubre mordiscos de perros, cortes rectos o cualquier otra actividad que se considere fuera del alcance del uso diseñado. Por favor contemplar medidas necesarias.</p></section></details>",taxable,,,,,,0,0.55,0.0,0.0,0.0,1,,,,"Bozales, Protección, Todos los Productos",,,"https://d2j6dbq0eux0bg.cloudfront.net/images/104219285/4547397371.jpg, https://d2j6dbq0eux0bg.cloudfront.net/images/104219285/4600476613.png, https://d2j6dbq0eux0bg.cloudfront.net/images/104219285/5397788518.jpg",,,,,"A170 A175,RW,A301K,A01",,,,,"Elite K9",Talla,"S, M, L",1,0,,,,,,,,,,,,696671265,https://www.specialk9.com/Bozal-de-Alambre-Militar-p696671265,"Bozal de alambre militar","Descripción Canasta de alambre de metal recubierto. La gran apertura permite que el perro ladre y jadee. Interior de cuero acolchada con felpa. Tiras ajustables para la cabeza y el cuello. Tallas Small: Se adapta a la mayoría de los pastores Malinois y Alemanes con un peso menor a las 60 libras. 11…"
variation,"MZ150 L",,"Bozal de Alambre Militar - L",1,,visible,,,taxable,parent,1,0,1,1,0,,,,,,,,97000.00,,,,,,,MZ150,,,,,,,,Talla,L,1,0,,,,,,,,,,,,696671265,,,
variation,"MZ150 M",,"Bozal de Alambre Militar - M",1,,visible,,,taxable,parent,1,0,1,1,0,,,,,,,,97000.00,,,,,,,MZ150,,,,,,,,Talla,M,1,0,,,,,,,,,,,,696671265,,,
variation,"MZ150 S",,"Bozal de Alambre Militar - S",1,,visible,,,taxable,parent,1,1,1,1,0,,,,,,,,97000.00,,,,,,,MZ150,,,,,,,,Talla,S,1,0,,,,,,,,,,,,696671265,,,
variable,MZ05,,"Bozal de canasta alambre",1,0,visible,,"<details><summary>Descripción</summary><section><p>Este bozal cómodo y que se ajusta bien está fabricado con una construcción metálica resistente y especial para mantener la forma del hocico y garantizar una larga vida útil. Debido a su gran diseño, el bozal proporciona al perro la mejor ventilación disponible entre los bozales. Este bozal es completamente seguro y no tóxico. El bozal está acolchado en la zona superior de la nariz con fieltro suave para el máximo confort de su perro y para evitar roces.<br></p></section></details><details><summary>Tallas</summary><section><p><em><strong>Medium:</strong></em></p><ul><li><em>Se adapta a la mayoría de los pastores Malinois</em></li><li><em>11"" de Circunferencia</em></li><li><em>4"" de largo</em></li></ul><p><em><strong>Large:</strong></em><br></p><ul><li><em>Se adapta a la mayoría de los Pastores Alemanes</em></li><li><em>12.5"" de Circunferencia</em></li><li><em>4.75"" </em><em>de largo</em></li></ul><p><strong>Extra Large:</strong></p><ul><li><em>Se adapta a la mayoría de los Pastores Malinois y Alemanes con un peso de 75 libras o superior</em></li><li><em>14"" de Circunferencia</em></li><li><em>4"" de largo</em></li></ul><p><br><u></u><strong>*</strong><strong>NOTA: <u><em>No utilice acondicionadores de cuero en bozales de cuero</em></u>*</strong></p></section></details><details><summary>Garantía</summary><section><p>Un mes de garantía por defectos de fábrica. No cubre mordiscos de perros, cortes rectos o cualquier otra actividad que se considere fuera del alcance del uso diseñado. Por favor contemplar medidas necesarias.</p></section></details><p><br></p>",taxable,,,,,,0,0.3,0.0,0.0,0.0,1,,,,"Bozales, Obediencia, Protección, Todos los Productos",,,"https://d2j6dbq0eux0bg.cloudfront.net/images/104219285/4547429997.jpg, https://d2j6dbq0eux0bg.cloudfront.net/images/104219285/4608497941.png",,,,,"A170 A175",,,,,"Elite K9",Talla,"M, L, XL",1,0,,,,,,,,,,,,696671325,https://www.specialk9.com/Bozal-de-canasta-alambre-p696671325,"Bozal de canasta alambre","Descripción Este bozal cómodo y que se ajusta bien está fabricado con una construcción metálica resistente y especial para mantener la forma del hocico y garantizar una larga vida útil. Debido a su gran diseño, el bozal proporciona al perro la mejor ventilación disponible entre los bozales. Este…"
variation,"MZ05 XL",,"Bozal de canasta alambre - XL",1,,visible,,,taxable,parent,1,0,1,1,0,,,,,,,,54900.00,,,,,,,MZ05,,,,,,,,Talla,XL,1,0,,,,,,,,,,,,696671325,,,
variation,"MZ05 L",,"Bozal de canasta alambre - L",1,,visible,,,taxable,parent,1,1,1,1,0,,,,,,,,54900.00,,,,,,,MZ05,,,,,,,,Talla,L,1,0,,,,,,,,,,,,696671325,,,
variation,"MZ05 M",,"Bozal de canasta alambre - M",1,,visible,,,taxable,parent,1,1,1,1,0,,,,,,,,54900.00,,,,,,,MZ05,,,,,,,,Talla,M,1,0,,,,,,,,,,,,696671325,,,
variable,MZ06,,"Bozal de canasta de alambre recubierto",1,0,visible,,"<details><summary>Descripción</summary><section><p>Bozal está hecho del mejor cuero y alambre de acero recubierto de caucho para adaptarse cómodamente al K-9. Los tamaños pequeños y medianos se adaptarán a un Malinois o a un pastor alemán grande.<br></p></section></details><details><summary>Tallas</summary><section><p><em><strong>Small:</strong></em></p><ul><li><em>11"" de Circunferencia</em></li><li><em>4"" de largo</em></li></ul><p><em><strong>Medium:</strong></em></p><ul><li><em>12"" de Circunferencia</em></li><li><em>4.5"" </em><em>de largo</em></li></ul><p><strong>Large:</strong></p><ul><li><em>13"" de Circunferencia</em></li><li><em>5"" de largo</em></li></ul><p><br><u></u><strong>*</strong><strong>NOTA: <u><em>No utilice acondicionadores de cuero en bozales de cuero</em></u>*</strong></p></section></details><details><summary>Garantía</summary><section><p>Un mes de garantía por defectos de fábrica. No cubre mordiscos de perros, cortes rectos o cualquier otra actividad que se considere fuera del alcance del uso diseñado. Por favor contemplar medidas necesarias.</p></section></details><p><br></p>",taxable,,,,,,0,0.0,0.0,0.0,0.0,1,,,,"Bozales, Obediencia, Protección, Todos los Productos",,,"https://d2j6dbq0eux0bg.cloudfront.net/images/104219285/4555529266.jpg, https://d2j6dbq0eux0bg.cloudfront.net/images/104219285/4600481785.png",,,,,"BBV,TL,MZ05,16STEALTH,MZ150",,,,,"Elite K9",Talla,"S, M, L",1,0,,,,,,,,,,,,698012104,https://www.specialk9.com/Bozal-de-canasta-de-alambre-recubierto-p698012104,"Bozal de canasta de alambre recubierto","Descripción Bozal está hecho del mejor cuero y alambre de acero recubierto de caucho para adaptarse cómodamente al K-9. Los tamaños pequeños y medianos se adaptarán a un Malinois o a un pastor alemán grande. Tallas Small: 11"" de Circunferencia 4"" de largo Medium: 12"" de Circunferencia 4.5"" de largo…"
variation,"MZ06 L",,"Bozal de canasta de alambre recubierto - L",1,,visible,,,taxable,parent,0,0,1,0,0,,,,,,,,59000.00,,,,,,,MZ06,,,,,,,,Talla,L,1,0,,,,,,,,,,,,698012104,,,
variation,"MZ06 M",,"Bozal de canasta de alambre recubierto - M",1,,visible,,,taxable,parent,0,0,1,0,0,,,,,,,,59000.00,,,,,,,MZ06,,,,,,,,Talla,M,1,0,,,,,,,,,,,,698012104,,,
variation,"MZ06 S",,"Bozal de canasta de alambre recubierto - S",1,,visible,,,taxable,parent,1,1,1,0,0,,,,,,,,59000.00,,,,,,,MZ06,,,,,,,,Talla,S,1,0,,,,,,,,,,,,698012104,,,
variable,BBV,,"Bozal de canasta hule",1,0,visible,,"<details><summary>Descripción</summary><section><p>El Baskerville permite a los perros jadear (cuando tienen calor o estrés) y beber. Adecuado para paseos diarios y periodos de uso más prolongados. Puedes entrenar y recompensar a tu perro si es reactivo con otros perros, personas o en situaciones nuevas como el veterinario.</p></section></details><details><summary>Garantía</summary><section><p>Un mes de garantía por defectos de fábrica. No cubre mordiscos de perros, cortes rectos o cualquier otra actividad que se considere fuera del alcance del uso diseñado. Por favor contemplar medidas necesarias.</p></section></details>",taxable,,,,,,0,0.4,0.0,0.0,0.0,1,,,,"Bozales, Obediencia, Protección, Todos los Productos",,,"https://d2j6dbq0eux0bg.cloudfront.net/images/104219285/products/696671264/4884799526.jpg, https://d2j6dbq0eux0bg.cloudfront.net/images/104219285/products/696671264/4565070490.jpg, https://d2j6dbq0eux0bg.cloudfront.net/images/104219285/products/696671264/4608497456.png",,,,,"MZ06,MZ05,MZ150,TSP-TJP,MH016",,,,,"Company of Animals",Talla,"2, 3, 4, 5, 6",1,0,,,,,,,,,,,,696671264,https://www.specialk9.com/Bozal-de-canasta-hule-p696671264,"Bozal de canasta hule","Descripción El Baskerville permite a los perros jadear (cuando tienen calor o estrés) y beber. Adecuado para paseos diarios y periodos de uso más prolongados. Puedes entrenar y recompensar a tu perro si es reactivo con otros perros, personas o en situaciones nuevas como el veterinario. Garantía Un…"
variation,BBV6,,"Bozal de canasta hule - 6",1,,visible,,,taxable,parent,1,-2,1,1,0,,,,,,,,33900.00,,,,,,,BBV,,,,,,,,Talla,6,1,0,,,,,,,,,,,,696671264,,,
variation,BBV5,,"Bozal de canasta hule - 5",1,,visible,,,taxable,parent,1,-5,1,1,0,,,,,,,,30510.00,,,,,,,BBV,,,,,,,,Talla,5,1,0,,,,,,,,,,,,696671264,,,
variation,BBV4,,"Bozal de canasta hule - 4",1,,visible,,,taxable,parent,1,-1,1,1,0,,,,,,,,22800.00,,,,,,,BBV,,,,,,,,Talla,4,1,0,,,,,,,,,,,,696671264,,,
variation,BBV3,,"Bozal de canasta hule - 3",1,,visible,,,taxable,parent,1,1,1,1,0,,,,,,,,20500.00,,,,,,,BBV,,,,,,,,Talla,3,1,0,,,,,,,,,,,,696671264,,,
variation,BBV2,,"Bozal de canasta hule - 2",1,,visible,,,taxable,parent,1,0,1,1,0,,,,,,,,17000.00,,,,,,,BBV,,,,,,,,Talla,2,1,0,,,,,,,,,,,,696671264,,,
variable,"BBV HP",,"Bozal de canasta hule - Hebilla plástica",1,0,visible,,"<details><summary>Descripción</summary><section><p>El Baskerville permite a los perros jadear (cuando tienen calor o estrés) y beber. Adecuado para paseos diarios y periodos de uso más prolongados. Puedes entrenar y recompensar a tu perro si es reactivo con otros perros, personas o en situaciones nuevas como el veterinario.</p></section></details><details><summary>Garantía</summary><section><p>Un mes de garantía por defectos de fábrica. No cubre mordiscos de perros, cortes rectos o cualquier otra actividad que se considere fuera del alcance del uso diseñado. Por favor contemplar medidas necesarias.</p></section></details>",taxable,,,,,,0,0.4,0.0,0.0,0.0,1,,,,"Bozales, Obediencia, Protección, Todos los Productos",,,"https://d2j6dbq0eux0bg.cloudfront.net/images/104219285/products/745516852/4884819468.jpg, https://d2j6dbq0eux0bg.cloudfront.net/images/104219285/products/745516852/4565070490.jpg, https://d2j6dbq0eux0bg.cloudfront.net/images/104219285/products/745516852/4608497456.png",,,,,"MZ06,MZ05,MZ150,TSP-TJP,MH016",,,,,"Company of Animals",Talla,"3, 4, 5",1,0,,,,,,,,,,,,745516852,https://www.specialk9.com/Bozal-de-canasta-hule-Hebilla-plastica-p745516852,"Bozal de canasta hule - Hebilla plástica","Descripción El Baskerville permite a los perros jadear (cuando tienen calor o estrés) y beber. Adecuado para paseos diarios y periodos de uso más prolongados. Puedes entrenar y recompensar a tu perro si es reactivo con otros perros, personas o en situaciones nuevas como el veterinario. Garantía Un…"
variation,"BBV 5 HP",,"Bozal de canasta hule - Hebilla plástica - 5",1,,visible,,,taxable,parent,1,0,1,1,0,,,,,,,,25200.00,,,,,,,"BBV HP",,,,,,,,Talla,5,1,0,,,,,,,,,,,,745516852,,,
variation,"BBV 4 HP",,"Bozal de canasta hule - Hebilla plástica - 4",1,,visible,,,taxable,parent,1,0,1,1,0,,,,,,,,23500.00,,,,,,,"BBV HP",,,,,,,,Talla,4,1,0,,,,,,,,,,,,745516852,,,
variation,"BBV 3 HP",,"Bozal de canasta hule - Hebilla plástica - 3",1,,visible,,,taxable,parent,1,0,1,1,0,,,,,,,,17000.00,,,,,,,"BBV HP",,,,,,,,Talla,3,1,0,,,,,,,,,,,,745516852,,,
simple,MZ10,,"Bozal de Cuero Estandard",1,1,visible,,"<p>El Bozal Estándar de Cuero para Perros ofrece durabilidad, comodidad y control para cualquier perro de trabajo o activo. Fabricado con cuero latigo transpirable de alta calidad, este bozal para perros policía está diseñado para rendir tanto en servicio, en visitas al veterinario o durante paseos diarios. Su pieza nasal reforzada con acero brinda mayor seguridad y estructura, mientras que el forro acolchado suave garantiza máxima comodidad durante entrenamientos, trabajo o transporte.</p><div><section><div><p>Diseñado para proporcionar un flujo de aire óptimo, este bozal de cuero transpirable permite que tu perro jadee con facilidad mientras permanece seguro y bajo control. Las correas ajustables ofrecen un ajuste personalizado y firme, haciéndolo ideal para K9 policiales, perros de servicio y mascotas activas.</p><p>Características:</p> <ul> <li> Construcción en cuero latigo premium y transpirable para una durabilidad prolongada </li> <li> Pieza nasal reforzada con acero para mayor seguridad e integridad estructural </li> <li> Forro acolchado que proporciona comodidad durante usos prolongados </li> <li> Amplio flujo de aire que permite una respiración y ventilación natural </li> <li> Correas ajustables para un ajuste seguro y cómodo </li> <li> Fabricado orgullosamente en Estados Unidos </li> </ul> <p>Dale a tu perro de trabajo la protección y comodidad que merece con el Bozal Estándar de Cuero para Perros, la elección de confianza para handlers K9 profesionales y dueños comprometidos con sus perros.</p></div><div></div><div><div></div></div></section><div></div></div><div></div>",taxable,,1,1,1,0,0,0.0,0.0,0.0,0.0,1,,,66000.00,"Bozales, Todos los Productos",,,"https://d2j6dbq0eux0bg.cloudfront.net/images/104219285/products/836265117/5772629231.jpg, https://d2j6dbq0eux0bg.cloudfront.net/images/104219285/products/836265117/5772629929.jpg",,,,,,,,,60,"Elite K9",,,,,,,,,,,,,,,,836265117,https://www.specialk9.com/Bozal-de-Cuero-Estandard-p836265117,"Bozal de Cuero Estandard","El Bozal Estándar de Cuero para Perros ofrece durabilidad, comodidad y control para cualquier perro de trabajo o activo. Fabricado con cuero latigo transpirable de alta calidad, este bozal para perros policía está diseñado para rendir tanto en servicio, en visitas al veterinario o durante paseos…"
variable,MZ01,,"Bozal de Cuero Tipo Policial",1,0,visible,,"<details><summary>Descripción</summary><section><p>Este bozal de cuero estilo policial está hecho con cuero negro de alta resistencia. Incluye una barra de agitación de acero recubierta en cuero, lo que le da más durabilidad y protección. Los laterales vienen reforzados para que el bozal mantenga su forma incluso durante ejercicios de agitación o trabajo de protección. Aun así, es bastante ligero, lo que ayuda a que el perro no se canse y tenga una mejor ventilación. En general, ofrece una combinación muy equilibrada entre resistencia, estabilidad y comodidad.</p></section></details><details><summary>Tallas</summary><section><p><strong></strong><em><strong>Small:</strong></em></p><ul><li><em>Se adapta a la mayoría de los pastores Malinois y Alemanes con un peso desde 40 hasta 60 libras.</em></li><li><em>11"" de Circunferencia</em></li><li><em>4"" de largo</em></li></ul><p><strong><em>Medium:</em></strong><br></p><ul><li><em>Se adapta a la mayoría de los Pastores Malinois y Alemanes con un peso desde 60 hasta 80 libras</em></li><li><em>12"" de Circunferencia</em></li><li><em>4"" </em><em>de largo</em></li></ul><p><strong>Large:</strong></p><ul><li><em>Se adapta a la mayoría de los Pastores Malinois y Alemanes con un peso de 80 libras o superior</em></li><li><em>14"" de Circunferencia</em></li><li><em>4.5"" de largo</em></li></ul><p><br><strong></strong><u></u><strong>*</strong><strong>NOTA: </strong><u><strong></strong>No utilice acondicionadores de cuero en bozales de cuero<strong></strong></u><strong>*</strong></p><p><strong></strong></p></section></details><details><summary>Garantía</summary><section><p>Un mes de garantía por defectos de fábrica. No cubre mordiscos de perros, cortes rectos o cualquier otra actividad que se considere fuera del alcance del uso diseñado. Por favor contemplar medidas necesarias.</p></section></details>",taxable,,,,,,0,0.55,0.0,0.0,0.0,1,,,,"Bozales, Protección, Todos los Productos",,,"https://d2j6dbq0eux0bg.cloudfront.net/images/104219285/products/798043413/6024319424.jpg, https://d2j6dbq0eux0bg.cloudfront.net/images/104219285/products/798043413/5397576476.jpg",,,,,,,,,,,Talla,"S, M, L",1,0,,,,,,,,,,,,798043413,https://www.specialk9.com/Bozal-de-Cuero-Tipo-Policial-p798043413,"Bozal de Cuero Tipo Policial","Descripción Este bozal de cuero estilo policial está hecho con cuero negro de alta resistencia. Incluye una barra de agitación de acero recubierta en cuero, lo que le da más durabilidad y protección. Los laterales vienen reforzados para que el bozal mantenga su forma incluso durante ejercicios de…"
variation,"MZ01 L",,"Bozal de Cuero Tipo Policial - L",1,,visible,,,taxable,parent,1,0,1,1,0,,,,,,,,75000.00,,,,,,,MZ01,,,,,,,,Talla,L,1,0,,,,,,,,,,,,798043413,,,
variation,"MZ01 M",,"Bozal de Cuero Tipo Policial - M",1,,visible,,,taxable,parent,1,0,1,1,0,,,,,,,,75000.00,,,,,,,MZ01,,,,,,,,Talla,M,1,0,,,,,,,,,,,,798043413,,,
variation,"MZ01 S",,"Bozal de Cuero Tipo Policial - S",1,,visible,,,taxable,parent,1,0,1,1,0,,,,,,,,75000.00,,,,,,,MZ01,,,,,,,,Talla,S,1,0,,,,,,,,,,,,798043413,,,
simple,MZ11,,"Bozal de Cuero Tipo Policial",1,1,visible,,"<p>El Bozal de Cuero para Perros Policía está diseñado específicamente para ofrecer resistencia, control y protección durante entrenamientos K9 de alta intensidad. Fabricado con cuero latigo premium y una construcción reforzada, este resistente bozal proporciona la durabilidad necesaria para trabajos de pelea con bozal, agitación y ejercicios de control.</p><p>La pieza nasal reforzada con acero ayuda a mantener la forma e integridad del bozal bajo presión, mientras que el forro acolchado suave protege el hocico de tu perro durante sesiones de alto impacto. Sus correas totalmente ajustables ofrecen un ajuste seguro y cómodo que permanece firme incluso durante trabajos exigentes o uso en campo.</p><p>Características:</p> <ul> <li> Construcción de cuero de alta resistencia para máximo rendimiento y durabilidad </li> <li> Pieza nasal reforzada con acero para mayor protección y estructura </li> <li> Forro acolchado para mayor comodidad durante trabajos exigentes </li> <li> Correas ajustables para un ajuste seguro y personalizado </li> <li> Ideal para pelea con bozal, trabajo de agitación y ejercicios de control </li> <li> Fabricado orgullosamente en Estados Unidos </li> </ul> <p>Diseñado para perros de trabajo y handlers profesionales, el Bozal de Cuero para Perros Policía combina resistencia y comodidad, manteniendo a tu K9 preparado para cualquier desafío de entrenamiento.</p>",taxable,,0,0,1,0,0,0.0,0.0,0.0,0.0,1,,,81500.00,"Bozales, Todos los Productos",,,"https://d2j6dbq0eux0bg.cloudfront.net/images/104219285/products/836262171/5772649251.jpg, https://d2j6dbq0eux0bg.cloudfront.net/images/104219285/products/836262171/5772631740.jpg, https://d2j6dbq0eux0bg.cloudfront.net/images/104219285/products/836262171/5772649257.jpg",,,,,,,,,61,,,,,,,,,,,,,,,,,836262171,https://www.specialk9.com/Bozal-de-Cuero-Tipo-Policial-p836262171,"Bozal de Cuero Tipo Policial","El Bozal de Cuero para Perros Policía está diseñado específicamente para ofrecer resistencia, control y protección durante entrenamientos K9 de alta intensidad. Fabricado con cuero latigo premium y una construcción reforzada, este resistente bozal proporciona la durabilidad necesaria para trabajos…"
variable,MA500,,"Bozal tejido de canasta europeo",1,0,visible,,"<details><summary>Descripción</summary><section><p>Bozal de cuero negro con tejido de canasta, fabricado en Europa. Nota: No utilice acondicionadores de cuero en bozales de cuero.</p></section></details><details><summary>Tallas</summary><section><p><em><strong>Talla 5:</strong></em></p><ul><li><em>Se adapta a la mayoría de los pastores Malinois y Alemanes con un peso desde 40 hasta 65 libras.</em></li><li><em>11"" de Circunferencia</em></li><li><em>4"" de largo</em></li></ul><p><em><strong>T</strong><strong>alla 6:</strong></em><br></p><ul><li><em>Se adapta a la mayoría de los Pastores Malinois y Alemanes con un peso desde 65 hasta 75 libras</em></li><li><em>12"" de Circunferencia</em></li><li><em>4.25"" </em><em>de largo</em></li></ul><p><strong><em>Talla 7</em>:</strong></p><ul><li><em>Se adapta a la mayoría de los Pastores Malinois y Alemanes con un peso desde 75 hasta 85 libras</em></li><li><em>13"" de Circunferencia</em></li><li><em>4.5"" de largo</em></li></ul><div><i><strong>Talla 8:</strong></i></div><ul><li><em>Se adapta a la mayoría de los Pastores Malinois y Alemanes con un peso desde 85 hasta 95 libras<i></i></em></li><li><em>14"" de Circunferencia</em></li><li><em>4.75"" de largo</em></li></ul><p><br><u></u><strong>*</strong><strong>NOTA: <u><em>No utilice acondicionadores de cuero en bozales de cuero</em></u>*</strong></p></section></details><details><summary>Garantía</summary><section><p>Un mes de garantía por defectos de fábrica. No cubre mordiscos de perros, cortes rectos o cualquier otra actividad que se considere fuera del alcance del uso diseñado. Por favor contemplar medidas necesarias.</p></section></details>",taxable,,,,,,0,0.47,0.0,0.0,0.0,1,,,,"Bozales, Protección, Todos los Productos",,,"https://d2j6dbq0eux0bg.cloudfront.net/images/104219285/products/696634232/4547410919.jpg, https://d2j6dbq0eux0bg.cloudfront.net/images/104219285/products/696634232/5847369078.jpg, https://d2j6dbq0eux0bg.cloudfront.net/images/104219285/products/696634232/4606422404.png",,,,,"A170 A175,BBV,MZ06,MZ05,MZ150",,,,,"Elite K9",Talla,"5, 6, 7, 8",1,0,,,,,,,,,,,,696634232,https://www.specialk9.com/Bozal-tejido-de-canasta-europeo-p696634232,"Bozal tejido de canasta europeo","Descripción Bozal de cuero negro con tejido de canasta, fabricado en Europa. Nota: No utilice acondicionadores de cuero en bozales de cuero. Tallas Talla 5: Se adapta a la mayoría de los pastores Malinois y Alemanes con un peso desde 40 hasta 65 libras. 11"" de Circunferencia 4"" de largo T alla 6: Se…"
variation,"MA500 8",,"Bozal tejido de canasta europeo - 8",1,,visible,,,taxable,parent,0,0,1,0,0,,,,,,,,129000.00,,,,,,,MA500,,,,,,,,Talla,8,1,0,,,,,,,,,,,,696634232,,,
variation,"MA500 7",,"Bozal tejido de canasta europeo - 7",1,,visible,,,taxable,parent,0,0,1,0,0,,,,,,,,128000.00,,,,,,,MA500,,,,,,,,Talla,7,1,0,,,,,,,,,,,,696634232,,,
variation,"MA500 6",,"Bozal tejido de canasta europeo - 6",1,,visible,,,taxable,parent,0,0,1,0,0,,,,,,,,115000.00,,,,,,,MA500,,,,,,,,Talla,6,1,0,,,,,,,,,,,,696634232,,,
variation,"MA500 5",,"Bozal tejido de canasta europeo - 5",1,,visible,,,taxable,parent,1,1,1,0,0,,,,,,,,115000.00,,,,,,,MA500,,,,,,,,Talla,5,1,0,,,,,,,,,,,,696634232,,,
variable,B73,,"Brazo de Entrenamiento",1,0,visible,,"<details><summary>Descripción</summary><section><p>Este brazo realista de caucho sintético permite un enfoque más realista del entrenamiento. Este artículo no es un juguete y debe ser utilizado por un entrenador profesional en un entorno de entrenamiento realista. Es ligeramente flexible y cuenta con un agarre.<br></p><p>El brazo izquierdo de caucho sintético de imitación está hecho a mano. Cuenta con promedio de 5 libras de peso y 22 pulgadas de longitud total.</p><p>Ofrecen al entrenador un medio más cercano a la realidad. Todo nuestro equipo debe ser utilizado en un entorno limitado controlado por entrenadores profesionales experimentados. El equipo no está diseñado para un entrenamiento básico repetitivo ni para ser utilizado por entrenadores no profesionales que no comprendan los riesgos y la responsabilidad relacionados con el comportamiento o la agresión canina.<br></p></section></details><details><summary>Garantía</summary><section><div>Garantía por defectos de fábrica. Cortes, golpes y mordeduras no serán contemplados dentro de la garantía.</div><div><strong>Devoluciones</strong></div><div>Se realiza cambio si el producto presenta defecto de fábrica. </div><p>No se hacen reembolsos, se hacen cambios por productos disponibles, completando el mismo monto cancelado.</p></section></details><p><br></p>",taxable,,,,,,0,4.0,0.0,0.0,0.0,1,,,,"Mangas y Pierneras, Todos los Productos",,,"https://d2j6dbq0eux0bg.cloudfront.net/images/104219285/products/697593790/4553290176.jpg, https://d2j6dbq0eux0bg.cloudfront.net/images/104219285/products/697593790/5685977740.jpg",,,,,,,,,,ArminLeggan,Brazo,"Izquiedro, Derecho",1,0,,,,,,,,,,,,697593790,https://www.specialk9.com/Brazo-de-Entrenamiento-p697593790,"Brazo de Entrenamiento","Descripción Este brazo realista de caucho sintético permite un enfoque más realista del entrenamiento. Este artículo no es un juguete y debe ser utilizado por un entrenador profesional en un entorno de entrenamiento realista. Es ligeramente flexible y cuenta con un agarre. El brazo izquierdo de…"
variation,B73R,,"Brazo de Entrenamiento - Derecho",1,,visible,,,taxable,parent,1,0,1,1,0,,,,,,,,210000.00,,,,,,,B73,,,,,,,,Brazo,Derecho,1,0,,,,,,,,,,,,697593790,,,
variation,"B73 L",,"Brazo de Entrenamiento - Izquiedro",1,,visible,,,taxable,parent,1,0,1,1,0,,,,,,,,210000.00,,,,,,,B73,,,,,,,,Brazo,Izquiedro,1,0,,,,,,,,,,,,697593790,,,
variable,B70,,"Brazo de Entrenamiento G2 de Goma Sintética",1,1,visible,,"<p>Este brazo de entrenamiento de goma sintética incluye correas de Velcro ajustables para colocarlo directamente en el brazo o sobre una manopla, ofreciendo una sensación muy realista durante ejercicios de agresión controlada. Para mayor protección, se recomienda usarlo junto con la Manopla de Cuero.</p><p><strong>Especificaciones:</strong></p> <ul> <li> Peso: 6 lb</li> <li> Largo total: 20"" (aprox. 50,8 cm)</li></ul>",taxable,,,,,,0,4.0,0.0,0.0,0.0,1,,,,"Mangas y Pierneras, Todos los Productos, Indumentaria > Entrenamiento",,,"https://d2j6dbq0eux0bg.cloudfront.net/images/104219285/products/826886495/5685896547.jpg, https://d2j6dbq0eux0bg.cloudfront.net/images/104219285/products/826886495/5685896553.jpg, https://d2j6dbq0eux0bg.cloudfront.net/images/104219285/products/826886495/5685904801.jpg, https://d2j6dbq0eux0bg.cloudfront.net/images/104219285/products/826886495/5685909292.jpg, https://d2j6dbq0eux0bg.cloudfront.net/images/104219285/products/826886495/5685879997.jpg",,,,,,,,,48,"Elite K9",Brazo,"Derecha, Izquierda",1,0,,,,,,,,,,,,826886495,https://www.specialk9.com/Brazo-de-Entrenamiento-G2-de-Goma-Sintetica-p826886495,"Brazo de Entrenamiento G2 de Goma Sintética","Este brazo de entrenamiento de goma sintética incluye correas de Velcro ajustables para colocarlo directamente en el brazo o sobre una manopla, ofreciendo una sensación muy realista durante ejercicios de agresión controlada. Para mayor protección, se recomienda usarlo junto con la Manopla de Cuero.…"
variation,B70L,,"Brazo de Entrenamiento G2 de Goma Sintética - Izquierda",1,,visible,,,taxable,parent,1,0,1,1,0,,,,,,,,302500.00,,,,,,,B70,,,,,,,,Brazo,Izquierda,1,0,,,,,,,,,,,,826886495,,,
variation,B70R,,"Brazo de Entrenamiento G2 de Goma Sintética - Derecha",1,,visible,,,taxable,parent,1,0,1,1,0,,,,,,,,302500.00,,,,,,,B70,,,,,,,,Brazo,Derecha,1,0,,,,,,,,,,,,826886495,,,
simple,A20,,"Bulto K-9",1,0,visible,,"<details><summary>Descripción</summary><section><p>Bulto de nailon con asas de transporte reforzadas.</p><p>Letras K-9 impresas en un lado.</p><p>Compartimento interior resistente al agua.</p><p>Zipper bidireccional resistente.</p><p>Medidas: 19"" de largo x 9.5"" de diámetro.</p></section></details><details><summary>Garantía</summary><section><div>Garantía por defectos de fábrica. Cortes y mordeduras no serán contemplados dentro de la garantía.</div><div><strong>Devoluciones</strong></div><div>Se realiza cambio si el producto presenta defecto de fábrica. </div><p>No se hacen reembolsos, se hacen cambios por productos disponibles, completando el mismo monto cancelado.</p></section></details><p><br></p>",taxable,,1,5,1,0,0,0.25,0.0,0.0,0.0,1,,,22000.00,"Entrenamiento, Todos los Productos",,,https://d2j6dbq0eux0bg.cloudfront.net/images/104219285/4553937193.jpg,,,,,,,,,,"Elite K9",,,,,,,,,,,,,,,,697624973,https://www.specialk9.com/Bulto-K-9-p697624973,"Bulto K-9","Descripción Bulto de nailon con asas de transporte reforzadas. Letras K-9 impresas en un lado. Compartimento interior resistente al agua. Zipper bidireccional resistente. Medidas: 19"" de largo x 9.5"" de diámetro. Garantía Garantía por defectos de fábrica. Cortes y mordeduras no serán contemplados…"
variable,A60,,"Bulto Organizador",1,0,visible,,"<details><summary>Descripción</summary><section><p>Bulto organizador, con cinco bolsillos con zipper (2 son desmontables).</p><p>Las bolsas se pueden utilizar para guardar alimentos, herramientas de grooming, correas, primeros auxilios, entre otros. La bolsa de primeros auxilios también se puede convertir en una práctica riñonera. Viene con paneles de identificación con velcro.<br><br>Medidas: 20"" de alto, 12"" de ancho y 5"" de profundidad cuando está cerrado.<br>Marca Elite K9</p></section></details><details><summary>Garantía</summary><section><div>Garantía por defectos de fábrica. Cortes y mordeduras no serán contemplados dentro de la garantía.</div><div><strong>Devoluciones</strong></div><div>Se realiza cambio si el producto presenta defecto de fábrica. </div><div>Muy respetuosamente pedimos que, al momento de solicitarnos un producto, tenga las medidas necesarias.</div><div>No se hacen reembolsos, se hacen cambios por productos disponibles, completando el mismo monto cancelado.</div><p><br></p></section></details><p><br></p>",taxable,,,,,,0,2.5,0.0,0.0,0.0,1,,,,"Entrenamiento, Todos los Productos",,,"https://d2j6dbq0eux0bg.cloudfront.net/images/104219285/products/703272777/4596465764.png, https://d2j6dbq0eux0bg.cloudfront.net/images/104219285/products/703272777/4596465769.jpg, https://d2j6dbq0eux0bg.cloudfront.net/images/104219285/products/703272777/4596465779.png, https://d2j6dbq0eux0bg.cloudfront.net/images/104219285/products/703272777/4596463648.jpg",,,,,,,,,,"Elite K9",Color,"Negro, Coyote",1,0,,,,,,,,,,,,703272777,https://www.specialk9.com/Bulto-Organizador-p703272777,"Bulto Organizador","Descripción Bulto organizador, con cinco bolsillos con zipper (2 son desmontables). Las bolsas se pueden utilizar para guardar alimentos, herramientas de grooming, correas, primeros auxilios, entre otros. La bolsa de primeros auxilios también se puede convertir en una práctica riñonera. Viene con…"
variation,"A60 CB",,"Bulto Organizador - Coyote",1,,visible,,,taxable,parent,1,1,1,1,0,,,,,,,,188000.00,,,,,,,A60,,,,,,,,Color,Coyote,1,0,,,,,,,,,,,,703272777,,,
variation,"A60 BLK",,"Bulto Organizador - Negro",1,,visible,,,taxable,parent,1,0,1,1,0,,,,,,,,188000.00,,,,,,,A60,,,,,,,,Color,Negro,1,0,,,,,,,,,,,,703272777,,,
simple,BS07,,"Bulto para traje de mordida",1,0,visible,,"<details><summary>Descripción</summary><section><p>La nueva bolsa para trajes para morder está fabricada con nailon resistente y está diseñada para adaptarse a la mayoría de marcas de trajes para morder. Las dimensiones de la bolsa son 42"" de largo x 20"" de alto x 18"" de ancho.</p><p>Lo suficientemente grande para un traje, además de mangas, remolcadores, bozales, correas y otros equipos de entrenamiento.</p></section></details><details><summary>Garantía</summary><section><div>Garantía por defectos de fábrica. Cortes y mordeduras no serán contemplados dentro de la garantía.</div><div><strong>Devoluciones</strong></div><div>Se realiza cambio si el producto presenta defecto de fábrica. </div><p>No se hacen reembolsos, se hacen cambios por productos disponibles, completando el mismo monto cancelado.</p></section></details><p><br></p>",taxable,,1,1,0,0,0,2.5,0.0,0.0,0.0,1,,,75000.00,"Entrenamiento, Todos los Productos",,,"https://d2j6dbq0eux0bg.cloudfront.net/images/104219285/4547435286.webp, https://d2j6dbq0eux0bg.cloudfront.net/images/104219285/4596454684.jpg",,,,,,,,,,"Elite K9",,,,,,,,,,,,,,,,696634241,https://www.specialk9.com/Bulto-para-traje-de-mordida-p696634241,"Bulto para traje de mordida","Descripción La nueva bolsa para trajes para morder está fabricada con nailon resistente y está diseñada para adaptarse a la mayoría de marcas de trajes para morder. Las dimensiones de la bolsa son 42"" de largo x 20"" de alto x 18"" de ancho. Lo suficientemente grande para un traje, además de mangas,…"
simple,3656,671963015778,"Cacho de búfalo de agua",1,0,visible,,"<details><summary>Descripción</summary><section><p>Este cacho es muy duradero, 100% natural, sin preservantes. Tiene un alto contenido de proteínas, un bajo contenido de grasas y es una alternativa segura a los premios de cuero crudo.</p><p>Su perro no solo disfrutará masticando, sino que también ayudará a eliminar de forma natural el sarro, lo que favorece la salud de las encías, los dientes y la salud dental en general.</p></section></details><details><summary>Devoluciones</summary><section><div>Cortes y mordeduras no serán contemplados dentro de la garantía.</div><p>No se hacen reembolsos, se hacen cambios por productos disponibles, completando el mismo monto cancelado.</p></section></details><p><br></p>",taxable,,1,15,1,0,0,0.45,0.0,0.0,0.0,1,,,16000.00,"Recompensas, Recompensas > Mordedores, Todos los Productos, Specials",,,"https://d2j6dbq0eux0bg.cloudfront.net/images/104219285/products/695644541/4540475590.jpg, https://d2j6dbq0eux0bg.cloudfront.net/images/104219285/products/695644541/5339247785.jpg",,,,,,,,,,"Mossy Oak",,,,,,,,,,,,,,,,695644541,https://www.specialk9.com/Cacho-de-bufalo-de-agua-p695644541,"Cacho de búfalo de agua","Descripción Este cacho es muy duradero, 100% natural, sin preservantes. Tiene un alto contenido de proteínas, un bajo contenido de grasas y es una alternativa segura a los premios de cuero crudo. Su perro no solo disfrutará masticando, sino que también ayudará a eliminar de forma natural el sarro,…"
simple,3685,671963016546,"Cacho de Cabra Gobi",1,0,visible,,"<details><summary>Descripción</summary><section><p>Este cacho es muy duradero, 100% natural, sin preservantes. Tiene un alto contenido de proteínas, un bajo contenido de grasas y es una alternativa segura a los premios de cuero crudo.</p><p>Su perro no solo disfrutará masticando, sino que también ayudará a eliminar de forma natural el sarro, lo que favorece la salud de las encías, los dientes y la salud dental en general.</p></section></details><details><summary>Devoluciones</summary><section><p>No se hacen reembolsos, se hacen cambios por productos disponibles, completando el mismo monto cancelado.</p></section></details><p><br></p>",taxable,,0,0,1,0,0,0.45,0.0,0.0,0.0,1,,,14500.00,"Recompensas, Recompensas > Mordedores, Todos los Productos, Specials",,,"https://d2j6dbq0eux0bg.cloudfront.net/images/104219285/4598838555.jpg, https://d2j6dbq0eux0bg.cloudfront.net/images/104219285/4598852423.jpg",,,,,,,,,,,,,,,,,,,,,,,,,,703728749,https://www.specialk9.com/Cacho-de-Cabra-Gobi-p703728749,"Cacho de Cabra Gobi","Descripción Este cacho es muy duradero, 100% natural, sin preservantes. Tiene un alto contenido de proteínas, un bajo contenido de grasas y es una alternativa segura a los premios de cuero crudo. Su perro no solo disfrutará masticando, sino que también ayudará a eliminar de forma natural el sarro,…"
simple,MLT-MGN-BOX,,"Caja magnética para entrenamiento de olores",1,0,visible,,"<details><summary>Descripción</summary><section><p>La Caja Militar Magnética de Olores de K9 OPSBOX fue desarrollada para mantener la habilidad de los perros detectores en la detección de olores. Ofrece comodidad y eficiencia en el control de olores. Tanto la caja militar como el accesorio de orificio nasal cuentan con un imán probado a 20 kg. Estos imanes permiten que las cajas de olores se adhieran a diversas superficies magnéticas, lo que facilita su reubicación o movimiento durante las sesiones de entrenamiento, o simplemente para cambiar su configuración. En combinación con la placa frontal del accesorio de orificio nasal, esta caja mejora la impresión y la concentración.</p><p><strong>Características del producto:</strong></p><ul><li>Hecha de aluminio, fácil de limpiar y menos porosa que otros materiales como madera, plástico y poliuretano.</li><li>Incorpore la placa frontal del accesorio de orificio nasal para que esta caja tenga doble función.</li></ul><p>Beneficios para los adiestradores:</p><ul><li>Las cajas son ligeras, compactas y ahorran espacio.</li><li>El montaje magnético permite una configuración personalizada.</li><li>Opciones para todas las necesidades y capacidades de adiestramiento olfativo.</li><li>Se fija con tornillo de mariposa.</li></ul><div><strong>Dimensiones del producto:</strong></div><div>12 cm de largo x 12 cm de ancho x 5,7 cm de profundidad.</div><div>Accesorio de orificio nasal solo para caja militar.</div></section></details><details><summary>Garantía</summary><section><div>Garantía por defectos de fábrica. Golpes no serán contemplados dentro de la garantía.</div><div><strong>Devoluciones</strong></div><div>Se realiza cambio si el producto presenta defecto de fábrica. </div><p>No se hacen reembolsos, se hacen cambios por productos disponibles, completando el mismo monto cancelado.</p></section></details><p><br></p>",taxable,,1,1,1,0,0,0.26,0.0,0.0,0.0,1,,,69500.00,"Detección, Todos los Productos",,,"https://d2j6dbq0eux0bg.cloudfront.net/images/104219285/products/780706661/5160753886.jpg, https://d2j6dbq0eux0bg.cloudfront.net/images/104219285/products/780706661/5160762829.jpg, https://d2j6dbq0eux0bg.cloudfront.net/images/104219285/products/780706661/5160762819.jpg, https://d2j6dbq0eux0bg.cloudfront.net/images/104219285/products/780706661/5160753881.jpg, https://d2j6dbq0eux0bg.cloudfront.net/images/104219285/products/780706661/5160762824.jpg",,,,,"SD-46-47-48,R08C,A71",,,,,"K9 OPSBOX",,,,,,,,,,,,,,,,780706661,https://www.specialk9.com/Caja-magnetica-para-entrenamiento-de-olores-p780706661,"Caja magnética para entrenamiento de olores","Descripción La Caja Militar Magnética de Olores de K9 OPSBOX fue desarrollada para mantener la habilidad de los perros detectores en la detección de olores. Ofrece comodidad y eficiencia en el control de olores. Tanto la caja militar como el accesorio de orificio nasal cuentan con un imán probado a…"
simple,SM-MGN-BOX,,"Caja magnética para entrenamiento de olores - pequeña",1,0,visible,,"<details><summary>Descripción</summary><section><p>La Caja Magnética de Olores de K9 OPSBOX fue desarrollada para mantener la habilidad de los perros detectores en la detección de olores. Ofrece comodidad y eficiencia en el control de olores. Los imanes permiten que las cajas de olores se adhieran a diversas superficies magnéticas, lo que facilita su reubicación o movimiento durante las sesiones de entrenamiento, o simplemente para cambiar su configuración. </p><p><strong>Características del producto:</strong></p><ul><li>Hecha de aluminio, fácil de limpiar y menos porosa que otros materiales como madera, plástico y poliuretano.</li></ul><p>Beneficios para los adiestradores:</p><ul><li>Las cajas son ligeras, compactas y ahorran espacio.</li><li>El montaje magnético permite una configuración personalizada.</li><li>Opciones para todas las necesidades y capacidades de adiestramiento olfativo.</li></ul><div><strong>Dimensiones del producto:</strong></div><p>2 ""de largo x 2"" de ancho x 1.75 ""de profundidad</p></section></details><details><summary>Garantía</summary><section><div>Garantía por defectos de fábrica. Golpes no serán contemplados dentro de la garantía.</div><div><strong>Devoluciones</strong></div><div>Se realiza cambio si el producto presenta defecto de fábrica. </div><p>No se hacen reembolsos, se hacen cambios por productos disponibles, completando el mismo monto cancelado.</p></section></details><p><br></p>",taxable,,1,1,1,0,0,0.08,0.0,0.0,0.0,1,,,43500.00,"Detección, Todos los Productos",,,"https://d2j6dbq0eux0bg.cloudfront.net/images/104219285/5160762969.jpg, https://d2j6dbq0eux0bg.cloudfront.net/images/104219285/5160762974.jpg, https://d2j6dbq0eux0bg.cloudfront.net/images/104219285/5160790006.jpg",,,,,"SD-46-47-48,R08C,A71",,,,,"K9 OPSBOX",,,,,,,,,,,,,,,,780706663,https://www.specialk9.com/Caja-magnetica-para-entrenamiento-de-olores-pequena-p780706663,"Caja magnética para entrenamiento de olores - pequeña","Descripción La Caja Magnética de Olores de K9 OPSBOX fue desarrollada para mantener la habilidad de los perros detectores en la detección de olores. Ofrece comodidad y eficiencia en el control de olores. Los imanes permiten que las cajas de olores se adhieran a diversas superficies magnéticas, lo…"
variable,"IDC CI",,"Caja Transportadora Colapsable",1,0,visible,,"<details><summary>Descripción</summary><section><p>Hecha de aluminio de alta calidad.</p><p>Diseñada para proteger a su mascota.</p><p>Plegable a menos de 8 pulgadas de alto.</p><p>Con puerta trasera adicional.</p><p>Caja cubierta con capa de polvo duradera que agrega resistencia y evita la corrosión. La capa en polvo refleja el calor de la mascota, manteniéndolo fresco.</p><p>Con asas en la parte superior y en los lados que facilitan traslado de la caja.</p><p>Fácil de armar y de plegar.</p></section></details><details><summary>Garantía</summary><section><div>Garantía por defectos de fábrica. Cortes, golpes no serán contemplados dentro de la garantía.</div><div><strong>Devoluciones</strong></div><div>Se realiza cambio si el producto presenta defecto de fábrica. </div><div>Muy respetuosamente pedimos que, al momento de solicitarnos un producto, tenga las medidas necesarias.</div><div>No se hacen reembolsos, se hacen cambios por productos disponibles, completando el mismo monto cancelado.</div></section></details><p><br></p>",taxable,,,,,,0,14.5,0.0,0.0,0.0,1,,,,"Seguridad y Protección Canina, Todos los Productos",,,"https://d2j6dbq0eux0bg.cloudfront.net/images/104219285/4555532445.jpg, https://d2j6dbq0eux0bg.cloudfront.net/images/104219285/4555532440.jpg, https://d2j6dbq0eux0bg.cloudfront.net/images/104219285/4555536280.jpg, https://d2j6dbq0eux0bg.cloudfront.net/images/104219285/4555536758.jpg, https://d2j6dbq0eux0bg.cloudfront.net/images/104219285/4555530948.jpg, https://d2j6dbq0eux0bg.cloudfront.net/images/104219285/4597513899.png, https://d2j6dbq0eux0bg.cloudfront.net/images/104219285/4597513904.png",,,,,,,,,,"Impact Dog Crates",Tamaño,"34"", 40""",1,0,,,,,,,,,,,,698002179,https://www.specialk9.com/Caja-Transportadora-Colapsable-p698002179,"Caja Transportadora Colapsable","Descripción Hecha de aluminio de alta calidad. Diseñada para proteger a su mascota. Plegable a menos de 8 pulgadas de alto. Con puerta trasera adicional. Caja cubierta con capa de polvo duradera que agrega resistencia y evita la corrosión. La capa en polvo refleja el calor de la mascota,…"
variation,"IDC CI 40",,"Caja Transportadora Colapsable - 40""",1,,visible,,,taxable,parent,1,1,1,1,0,,,,,,,,985000.00,,,,,,,"IDC CI",,,,,,,,Tamaño,"40""",1,0,,,,,,,,,,,,698002179,,,
variation,"IDC CI 34",,"Caja Transportadora Colapsable - 34""",1,,visible,,,taxable,parent,1,1,1,1,0,,,,,,,,825000.00,,,,,,,"IDC CI",,,,,,,,Tamaño,"34""",1,0,,,,,,,,,,,,698002179,,,
variable,"K9 65",,"Caja Transportadora Colapsable Boss",1,0,visible,,"<details><summary>Descripción</summary><section>Con una construcción ligera de aluminio, herrajes de calidad y un acabado con recubrimiento en polvo de alta calidad, este diseño resistente y duradero ayuda a prevenir que el perro se escape y es fácil de limpiar. <br>Su elegante diseño plegable se transforma fácilmente de completamente ensamblada a maleta en menos de un minuto sin necesidad de herramientas adicionales. Las asas integradas permiten transportarla o guardarla fácilmente cuando no se usa.<br><p><br></p>
<p>Fácil de armar y de plegar.</p></section></details><details><summary>Garantía</summary><section><div>Garantía por defectos de fábrica. Cortes, golpes no serán contemplados dentro de la garantía.</div><div><strong>Devoluciones</strong></div><div>Se realiza cambio si el producto presenta defecto de fábrica. </div><div>Muy respetuosamente pedimos que, al momento de solicitarnos un producto, tenga las medidas necesarias.</div><div>No se hacen reembolsos, se hacen cambios por productos disponibles, completando el mismo monto cancelado.</div></section></details><p><br></p>",taxable,,,,,,0,14.5,0.0,0.0,0.0,1,,,,"Seguridad y Protección Canina, Todos los Productos",,,"https://d2j6dbq0eux0bg.cloudfront.net/images/104219285/4918808905.jpg, https://d2j6dbq0eux0bg.cloudfront.net/images/104219285/4918820020.jpg, https://d2j6dbq0eux0bg.cloudfront.net/images/104219285/4918820025.jpg, https://d2j6dbq0eux0bg.cloudfront.net/images/104219285/4918820030.jpg, https://d2j6dbq0eux0bg.cloudfront.net/images/104219285/4918808890.jpg, https://d2j6dbq0eux0bg.cloudfront.net/images/104219285/4918810452.jpg, https://d2j6dbq0eux0bg.cloudfront.net/images/104219285/4918808900.jpg, https://d2j6dbq0eux0bg.cloudfront.net/images/104219285/4918813350.jpg, https://d2j6dbq0eux0bg.cloudfront.net/images/104219285/4921521228.jpg, https://d2j6dbq0eux0bg.cloudfront.net/images/104219285/4921784239.jpg, https://d2j6dbq0eux0bg.cloudfront.net/images/104219285/4921801239.jpg",,,,,,,,,,"Kennel Boss",Tamaño,"40"", 34""",1,0,,,,,,,,,,,,750211399,https://www.specialk9.com/Caja-Transportadora-Colapsable-Boss-p750211399,"Caja Transportadora Colapsable Boss","Descripción Con una construcción ligera de aluminio, herrajes de calidad y un acabado con recubrimiento en polvo de alta calidad, este diseño resistente y duradero ayuda a prevenir que el perro se escape y es fácil de limpiar. Su elegante diseño plegable se transforma fácilmente de completamente…"
variation,"K9 651",,"Caja Transportadora Colapsable Boss - 34""",1,,visible,,,taxable,parent,1,1,1,0,0,,,,,,,,799000.00,,,,,,,"K9 65",,,,,,,,Tamaño,"34""",1,0,,,,,,,,,,,,750211399,,,
variation,"K9 652",,"Caja Transportadora Colapsable Boss - 40""",1,,visible,,,taxable,parent,1,0,1,1,0,,,,,,,,985000.00,,,,,,,"K9 65",,,,,,,,Tamaño,"40""",1,0,,,,,,,,,,,,750211399,,,
simple,60225,,"Caja Transportadora Hermética",1,1,visible,,"<p>La caja transportadora hermética Cuenta con espuma protectora pre cortada con espuma de tapa corrugada. Indestructible, estanca al agua y al polvo. Núcleo interior de célula abierta y paneles exteriores rígido. Resistente y ligera. Válvula de despresurización - equilibra la presión interior e impide la entrada de agua. Anillo perimetral de sellado. Medidas: Exteriores: 12.28"" largo x 12.03 ancho x 5.16 alto Interiores 11.00"" largo x 8.00"" ancho x 4.50"" alto Marca Vault by Pelican</p>",taxable,,0,-2,1,0,0,0.0,0.0,0.0,0.0,1,,,51150.00,,,,https://d2j6dbq0eux0bg.cloudfront.net/images/104219285/5412831969.png,,,,,,,,,23,,,,,,,,,,,,,,,,,799088198,https://www.specialk9.com/Caja-Transportadora-Hermetica-p799088198,"Caja Transportadora Hermética","La caja transportadora hermética Cuenta con espuma protectora pre cortada con espuma de tapa corrugada. Indestructible, estanca al agua y al polvo. Núcleo interior de célula abierta y paneles exteriores rígido. Resistente y ligera. Válvula de despresurización - equilibra la presión interior e impide…"
variable,"T Tdog",,"Camisa Entrenador K9",1,0,visible,,,taxable,,,,,,0,0.18,0.0,0.0,0.0,1,,,,"Todos los Productos, Indumentaria > Productos Temporada, Indumentaria",,,"https://d2j6dbq0eux0bg.cloudfront.net/images/104219285/products/697533474/4553207339.png, https://d2j6dbq0eux0bg.cloudfront.net/images/104219285/products/697533474/4553207349.png, https://d2j6dbq0eux0bg.cloudfront.net/images/104219285/products/697533474/4553207354.png",,,,,,,,,,,Color,"Negro, Verde Oliva, Azul Oscuro",1,0,,Talla,"M, L, XL",1,0,,,,,,,697533474,https://www.specialk9.com/Camisa-Entrenador-K9-p697533474,"Camisa Entrenador K9",
variation,"T Tdog BLU XL",,"Camisa Entrenador K9 - Azul Oscuro / XL",1,,visible,,,taxable,parent,1,0,1,1,0,,,,,,,,6500.00,,,,,,,"T Tdog",,,,,,,,Color,"Azul Oscuro",1,0,,Talla,XL,1,0,,,,,,,697533474,,,
variation,"T Tdog BLU L",,"Camisa Entrenador K9 - Azul Oscuro / L",1,,visible,,,taxable,parent,1,0,1,1,0,,,,,,,,6500.00,,,,,,,"T Tdog",,,,,,,,Color,"Azul Oscuro",1,0,,Talla,L,1,0,,,,,,,697533474,,,
variation,"T Tdog BLU M",,"Camisa Entrenador K9 - Azul Oscuro / M",1,,visible,,,taxable,parent,1,0,1,1,0,,,,,,,,6500.00,,,,,,,"T Tdog",,,,,,,,Color,"Azul Oscuro",1,0,,Talla,M,1,0,,,,,,,697533474,,,
variation,"T Tdog OG XL",,"Camisa Entrenador K9 - Verde Oliva / XL",1,,visible,,,taxable,parent,1,2,1,1,0,,,,,,,,6500.00,,,,,,,"T Tdog",,,,,,,,Color,"Verde Oliva",1,0,,Talla,XL,1,0,,,,,,,697533474,,,
variation,"T Tdog OG L",,"Camisa Entrenador K9 - Verde Oliva / L",1,,visible,,,taxable,parent,1,0,1,1,0,,,,,,,,6500.00,,,,,,,"T Tdog",,,,,,,,Color,"Verde Oliva",1,0,,Talla,L,1,0,,,,,,,697533474,,,
variation,"T Tdog OG M",,"Camisa Entrenador K9 - Verde Oliva / M",1,,visible,,,taxable,parent,1,0,1,1,0,,,,,,,,6500.00,,,,,,,"T Tdog",,,,,,,,Color,"Verde Oliva",1,0,,Talla,M,1,0,,,,,,,697533474,,,
variation,"T Tdog BLK XL",,"Camisa Entrenador K9 - Negro / XL",1,,visible,,,taxable,parent,1,0,1,1,0,,,,,,,,6500.00,,,,,,,"T Tdog",,,,,,,,Color,Negro,1,0,,Talla,XL,1,0,,,,,,,697533474,,,
variation,"T Tdog BLK L",,"Camisa Entrenador K9 - Negro / L",1,,visible,,,taxable,parent,1,0,1,1,0,,,,,,,,6500.00,,,,,,,"T Tdog",,,,,,,,Color,Negro,1,0,,Talla,L,1,0,,,,,,,697533474,,,
variation,"T Tdog BLK M",,"Camisa Entrenador K9 - Negro / M",1,,visible,,,taxable,parent,1,0,1,1,0,,,,,,,,6500.00,,,,,,,"T Tdog",,,,,,,,Color,Negro,1,0,,Talla,M,1,0,,,,,,,697533474,,,
variable,"T Skull",,"Camisa Huella K9",1,0,visible,,,taxable,,,,,,0,0.18,0.0,0.0,0.0,1,,,,"Todos los Productos, Indumentaria > Productos Temporada, Indumentaria",,,"https://d2j6dbq0eux0bg.cloudfront.net/images/104219285/products/697525686/4553202958.png, https://d2j6dbq0eux0bg.cloudfront.net/images/104219285/products/697525686/4553205379.png, https://d2j6dbq0eux0bg.cloudfront.net/images/104219285/products/697525686/4553205384.png",,,,,,,,,,,Color,"Azul Oscuro, Verde Oliva, Negro",1,0,,Talla,"M, L, XL",1,0,,,,,,,697525686,https://www.specialk9.com/Camisa-Huella-K9-p697525686,"Camisa Huella K9",
variation,"T Skull BLK XL",,"Camisa Huella K9 - Negro / XL",1,,visible,,,taxable,parent,1,0,1,1,0,,,,,,,,6500.00,,,,,,,"T Skull",,,,,,,,Color,Negro,1,0,,Talla,XL,1,0,,,,,,,697525686,,,
variation,"T Skull OG XL",,"Camisa Huella K9 - Verde Oliva / XL",1,,visible,,,taxable,parent,1,0,1,1,0,,,,,,,,6500.00,,,,,,,"T Skull",,,,,,,,Color,"Verde Oliva",1,0,,Talla,XL,1,0,,,,,,,697525686,,,
variation,"T Skull BLU XL",,"Camisa Huella K9 - Azul Oscuro / XL",1,,visible,,,taxable,parent,1,0,1,1,0,,,,,,,,6500.00,,,,,,,"T Skull",,,,,,,,Color,"Azul Oscuro",1,0,,Talla,XL,1,0,,,,,,,697525686,,,
variation,"T Skull BLK L",,"Camisa Huella K9 - Negro / L",1,,visible,,,taxable,parent,1,0,1,1,0,,,,,,,,6500.00,,,,,,,"T Skull",,,,,,,,Color,Negro,1,0,,Talla,L,1,0,,,,,,,697525686,,,
variation,"T Skull OG L",,"Camisa Huella K9 - Verde Oliva / L",1,,visible,,,taxable,parent,1,0,1,1,0,,,,,,,,6500.00,,,,,,,"T Skull",,,,,,,,Color,"Verde Oliva",1,0,,Talla,L,1,0,,,,,,,697525686,,,
variation,"T Skull BLU L",,"Camisa Huella K9 - Azul Oscuro / L",1,,visible,,,taxable,parent,1,0,1,1,0,,,,,,,,6500.00,,,,,,,"T Skull",,,,,,,,Color,"Azul Oscuro",1,0,,Talla,L,1,0,,,,,,,697525686,,,
variation,"T Skull BLK M",,"Camisa Huella K9 - Negro / M",1,,visible,,,taxable,parent,1,0,1,1,0,,,,,,,,6500.00,,,,,,,"T Skull",,,,,,,,Color,Negro,1,0,,Talla,M,1,0,,,,,,,697525686,,,
variation,"T Skull OG M",,"Camisa Huella K9 - Verde Oliva / M",1,,visible,,,taxable,parent,1,0,1,1,0,,,,,,,,6500.00,,,,,,,"T Skull",,,,,,,,Color,"Verde Oliva",1,0,,Talla,M,1,0,,,,,,,697525686,,,
variation,"T Skull BLU M",,"Camisa Huella K9 - Azul Oscuro / M",1,,visible,,,taxable,parent,1,0,1,1,0,,,,,,,,6500.00,,,,,,,"T Skull",,,,,,,,Color,"Azul Oscuro",1,0,,Talla,M,1,0,,,,,,,697525686,,,
variable,"T TR BLK",,"Camisa K9 Trainer CR",1,0,visible,,,taxable,,,,,,0,0.18,0.0,0.0,0.0,1,,,,"Todos los Productos, Indumentaria > Productos Temporada, Indumentaria",,,https://d2j6dbq0eux0bg.cloudfront.net/images/104219285/products/695627729/4540436140.png,,,,,,,,,,,Tamaño,"S, M, L, XL",1,0,,,,,,,,,,,,695627729,https://www.specialk9.com/Camisa-K9-Trainer-CR-p695627729,"Camisa K9 Trainer CR",
variation,"T TR BLK XL",,"Camisa K9 Trainer CR - XL",1,,visible,,,taxable,parent,1,0,1,1,0,,,,,,,,6500.00,,,,,,,"T TR BLK",,,,,,,,Tamaño,XL,1,0,,,,,,,,,,,,695627729,,,
variation,"T TR BLK L",,"Camisa K9 Trainer CR - L",1,,visible,,,taxable,parent,1,0,1,1,0,,,,,,,,6500.00,,,,,,,"T TR BLK",,,,,,,,Tamaño,L,1,0,,,,,,,,,,,,695627729,,,
variation,"T TR BLK M",,"Camisa K9 Trainer CR - M",1,,visible,,,taxable,parent,1,0,1,1,0,,,,,,,,6500.00,,,,,,,"T TR BLK",,,,,,,,Tamaño,M,1,0,,,,,,,,,,,,695627729,,,
variation,"T TR BLK S",,"Camisa K9 Trainer CR - S",1,,visible,,,taxable,parent,1,0,1,1,0,,,,,,,,6500.00,,,,,,,"T TR BLK",,,,,,,,Tamaño,S,1,0,,,,,,,,,,,,695627729,,,
variable,"T K9",,"Camisa K-9 Unit",1,0,visible,,,taxable,,,,,,0,0.0,0.0,0.0,0.0,1,,,,"Todos los Productos, Indumentaria > Productos Temporada, Indumentaria",,,"https://d2j6dbq0eux0bg.cloudfront.net/images/104219285/products/695627747/4540438687.png, https://d2j6dbq0eux0bg.cloudfront.net/images/104219285/products/695627747/4540441327.png, https://d2j6dbq0eux0bg.cloudfront.net/images/104219285/products/695627747/4540438692.png",,,,,,,,,,,Color,"Negro, Verde Oliva, Azul Oscuro",1,0,,Tamaño,"M, L, XL",1,0,,,,,,,695627747,https://www.specialk9.com/Camisa-K-9-Unit-p695627747,"Camisa K-9 Unit",
variation,"T K9 BLU XL",,"Camisa K-9 Unit - Azul Oscuro / XL",1,,visible,,,taxable,parent,1,0,1,1,0,,,,,,,,6800.00,,,,,,,"T K9",,,,,,,,Color,"Azul Oscuro",1,0,,Tamaño,XL,1,0,,,,,,,695627747,,,
variation,"T K9 BLU L",,"Camisa K-9 Unit - Azul Oscuro / L",1,,visible,,,taxable,parent,1,0,1,1,0,,,,,,,,6800.00,,,,,,,"T K9",,,,,,,,Color,"Azul Oscuro",1,0,,Tamaño,L,1,0,,,,,,,695627747,,,
variation,"T K9 BLU M",,"Camisa K-9 Unit - Azul Oscuro / M",1,,visible,,,taxable,parent,1,0,1,1,0,,,,,,,,6800.00,,,,,,,"T K9",,,,,,,,Color,"Azul Oscuro",1,0,,Tamaño,M,1,0,,,,,,,695627747,,,
variation,"T K9 OG XL",,"Camisa K-9 Unit - Verde Oliva / XL",1,,visible,,,taxable,parent,1,0,1,1,0,,,,,,,,6800.00,,,,,,,"T K9",,,,,,,,Color,"Verde Oliva",1,0,,Tamaño,XL,1,0,,,,,,,695627747,,,
variation,"T K9 OG L",,"Camisa K-9 Unit - Verde Oliva / L",1,,visible,,,taxable,parent,1,0,1,1,0,,,,,,,,6800.00,,,,,,,"T K9",,,,,,,,Color,"Verde Oliva",1,0,,Tamaño,L,1,0,,,,,,,695627747,,,
variation,"T K9 OG M",,"Camisa K-9 Unit - Verde Oliva / M",1,,visible,,,taxable,parent,1,0,1,1,0,,,,,,,,6800.00,,,,,,,"T K9",,,,,,,,Color,"Verde Oliva",1,0,,Tamaño,M,1,0,,,,,,,695627747,,,
variation,"T K9 BLK XL",,"Camisa K-9 Unit - Negro / XL",1,,visible,,,taxable,parent,1,0,1,1,0,,,,,,,,6800.00,,,,,,,"T K9",,,,,,,,Color,Negro,1,0,,Tamaño,XL,1,0,,,,,,,695627747,,,
variation,"T K9 BLK L",,"Camisa K-9 Unit - Negro / L",1,,visible,,,taxable,parent,1,0,1,1,0,,,,,,,,6800.00,,,,,,,"T K9",,,,,,,,Color,Negro,1,0,,Tamaño,L,1,0,,,,,,,695627747,,,
variation,"T K9 BLK M",,"Camisa K-9 Unit - Negro / M",1,,visible,,,taxable,parent,1,0,1,1,0,,,,,,,,6800.00,,,,,,,"T K9",,,,,,,,Color,Negro,1,0,,Tamaño,M,1,0,,,,,,,695627747,,,
variable,00014,,"Camisa Special K9",1,0,visible,,,taxable,,,,,,0,0.0,0.0,0.0,0.0,1,,,,"Todos los Productos, Indumentaria, Indumentaria > Colección",,,https://d2j6dbq0eux0bg.cloudfront.net/images/104219285/products/698012097/4555507977.png,,,,,,,,,,,Talla,"L, XL, XXL",1,0,,,,,,,,,,,,698012097,https://www.specialk9.com/Camisa-Special-K9-p698012097,"Camisa Special K9",
variation,"SH SPK 9 XXL",,"Camisa Special K9 - XXL",1,,visible,,,taxable,parent,1,0,1,1,0,,,,,,,,6500.00,,,,,,,00014,,,,,,,,Talla,XXL,1,0,,,,,,,,,,,,698012097,,,
variation,"SH SPK 9 L",,"Camisa Special K9 - L",1,,visible,,,taxable,parent,1,1,1,1,0,,,,,,,,6500.00,,,,,,,00014,,,,,,,,Talla,L,1,0,,,,,,,,,,,,698012097,,,
variation,"SH SPK 9 XL",,"Camisa Special K9 - XL",1,,visible,,,taxable,parent,1,4,1,1,0,,,,,,,,6500.00,,,,,,,00014,,,,,,,,Talla,XL,1,0,,,,,,,,,,,,698012097,,,
simple,7800006003783,,"CANISH® Espuma en Seco",-1,0,hidden,,"<details><summary>Descripción</summary><section><p>Shampoo en espuma para perros y gatos que limpia el pelaje sin necesidad de agua ni enjuague. Su fórmula ayuda a remover suciedd superficial, controlar olores y mantener el pelaje limpio, suave y brillante entre baños tradicionales. Ideal ara mascotas que no pueden bañarse con frecuencia, cachorros, animales convalecientes o para una limpieza rápida en cualquier momento. Su agradable aroma silvestre proporciona una sensación de frescura después de la aplicación</p></section></details><details><summary>Características</summary><section><ul><li>Shampoo en seco para perros y gatos</li><li>No requiere agua ni enjuague</li><li>Ayuda a limpiar, suavizar y dar brillo al pelaje</li><li>Aroma silvestre</li><li>Fácil y rapido de aplicar</li><li>Ideal para uso entre baño</li></ul></section></details>",taxable,,0,0,1,0,0,0.16,0.0,0.0,0.0,1,,,10200.00,"Todos los Productos, Limpieza",,,https://d2j6dbq0eux0bg.cloudfront.net/images/104219285/products/842637865/5828105410.jpg,,,,,,,,,,CANISH®,,,,,,,,,,,,,,,,842637865,https://www.specialk9.com/CANISH-r-Espuma-en-Seco-p842637865,"CANISH® Espuma en Seco","Descripción Shampoo en espuma para perros y gatos que limpia el pelaje sin necesidad de agua ni enjuague. Su fórmula ayuda a remover suciedd superficial, controlar olores y mantener el pelaje limpio, suave y brillante entre baños tradicionales. Ideal ara mascotas que no pueden bañarse con…"
simple,7441007800430,,"Carbolina® en Galon",-1,0,hidden,,"<details><summary>Descripción</summary><section><p>Carbolina® es un desinfectante de uso externo formulado para la limpieza e higiene de instalaciones pecuarias, corrales, establos, granjas, perreras, gallineros y áreas de manejo animal. Su acción desinfectante ayuda a mantener ambientes más higiénicos contribuyendo al control de microorganismos y malos olores en superficies y espacios destinados a animales.<br><br>Su presentación de 3.785 litros (1 galón) es ideal para usuarios que requieren desinfección frecuente en áreas de tamaño mediano o grande, permitiendo preparar soluciones según las recomendaciones de uso del fabricante<br></p></section></details><details><summary>Características</summary><section><ul><li>Desinfectante de uso externo</li><li>apto para instalaciones pecuarias y agropecuarias</li><li>Ayuda al control de microorganismos y olores</li><li>Ideal para corrales, establos, perreras y gallineros</li><li>Presentación económica para us frecuente</li><li>Fácil aplicación mediante dilución sgún indicaciones</li></ul></section></details>",taxable,,0,0,1,0,0,3.785,0.0,0.0,0.0,1,,,21500.00,"Todos los Productos, Limpieza",,,https://d2j6dbq0eux0bg.cloudfront.net/images/104219285/products/842648094/5828133749.jpg,,,,,,,,,,Carbolina®,,,,,,,,,,,,,,,,842648094,https://www.specialk9.com/Carbolina-r-en-Galon-p842648094,"Carbolina® en Galon","Descripción Carbolina® es un desinfectante de uso externo formulado para la limpieza e higiene de instalaciones pecuarias, corrales, establos, granjas, perreras, gallineros y áreas de manejo animal. Su acción desinfectante ayuda a mantener ambientes más higiénicos contribuyendo al control de…"
simple,Dgtracharge,,"Cargador 5V1000 5.5",1,1,visible,,"<p><strong>Compatible con Modelos:</strong></p><ul><li>200C, 202C, 280C, 282C, IQ VIBE, YS300, YS600, IQ PLUS, TOM DAVIS EDITION 280C B&L, TOM DAVIS EDITION 2870C 2.0, COMBO.</li></ul>",taxable,,0,0,1,0,0,0.0,0.0,0.0,0.0,1,,,30000.00,E-Collars,,,https://d2j6dbq0eux0bg.cloudfront.net/images/104219285/5493761529.webp,,,,,,,,,28,Dogtra,,,,,,,,,,,,,,,,805373673,https://www.specialk9.com/Cargador-5V1000-5-5-p805373673,"Cargador 5V1000 5.5","Compatible con Modelos: 200C, 202C, 280C, 282C, IQ VIBE, YS300, YS600, IQ PLUS, TOM DAVIS EDITION 280C B&L, TOM DAVIS EDITION 2870C 2.0, COMBO."
simple,GRNMD,,"Cepillo GroomBug",-1,0,hidden,,"<details><summary>Descripción</summary><section><p>El GroomBug utiliza la fórmula patentada de caucho natural de PetKORE para garantizar una flexibilidad que se adapta a la anatomía de tu perro. Su plataforma de agarre ergonómica, combinada con una exclusiva gama de dedos cónicos, penetra el pelaje de tu perro para estimular la producción de folículos pilosos y la circulación capilar, a la vez que recoge el pelo suelto. GroomBug también es perfecto para lavar con champú: después de enjuagarlo, dale la vuelta y usa la parte superior para retirar el exceso de agua.<br></p><div>Promueve una piel y un pelaje saludables.<br></div><div></div>Tamaño:<br> Mediano: 11,76 cm x 6,50 cm x 4,29 cm (4,63"" x 2,56"" x 1,69"").<div>.</div></section></details><details><summary>Garantía</summary><section><div>Garantía por defectos de fábrica. Golpes y/o cortes no serán contemplados dentro de la garantía.</div><div><strong>Devoluciones</strong></div><div>Se realiza cambio si el producto presenta defecto de fábrica. </div><p>No se hacen reembolsos, se hacen cambios por productos disponibles, completando el mismo monto cancelado.</p></section></details><p><br></p>",taxable,,0,0,1,0,0,0.09,0.0,0.0,0.0,1,,,13500.00,"Grooming, Todos los Productos",,,"https://d2j6dbq0eux0bg.cloudfront.net/images/104219285/5164191827.jpg, https://d2j6dbq0eux0bg.cloudfront.net/images/104219285/5164198016.jpg, https://d2j6dbq0eux0bg.cloudfront.net/images/104219285/5164198021.jpg",,,,,,,,,,PetKORE,,,,,,,,,,,,,,,,781357413,https://www.specialk9.com/Cepillo-GroomBug-p781357413,"Cepillo GroomBug","Descripción El GroomBug utiliza la fórmula patentada de caucho natural de PetKORE para garantizar una flexibilidad que se adapta a la anatomía de tu perro. Su plataforma de agarre ergonómica, combinada con una exclusiva gama de dedos cónicos, penetra el pelaje de tu perro para estimular la…"
variable,CL32,,"Chaleco de entrenamiento",1,0,visible,,"<details><summary>Descripción</summary><section><p>El chaleco de nailon está diseñado para uso durante todo el año y en todo tipo de clima. Tiene muchos bolsillos para equipo de entrenamiento.</p><p>Bolsillo frontal extraíble que se puede llevar a ambos lados. Las correas de velcro le permiten sujetar tirones para centrarse en el talón. Hay un bolsillo grande con aberturas en cada extremo en parte trasera.<br></p></section></details><details><summary>Garantía</summary><section><div>Garantía por defectos de fábrica. Cortes y mordeduras no serán contemplados dentro de la garantía.</div><div><strong>Devoluciones</strong></div><div>Se realiza cambio si el producto presenta defecto de fábrica. </div><div>Muy respetuosamente pedimos que, al momento de solicitarnos un producto, tenga las medidas necesarias.</div><div>No se hacen reembolsos, se hacen cambios por productos disponibles, completando el mismo monto cancelado.</div></section></details><p><br></p>",taxable,,,,,,0,0.6,0.0,0.0,0.0,1,,,,"Entrenamiento, Todos los Productos, Indumentaria, Indumentaria > Entrenamiento",,,"https://d2j6dbq0eux0bg.cloudfront.net/images/104219285/products/697978471/4555507765.jpg, https://d2j6dbq0eux0bg.cloudfront.net/images/104219285/products/697978471/4555506778.jpg, https://d2j6dbq0eux0bg.cloudfront.net/images/104219285/products/697978471/4555507760.jpg, https://d2j6dbq0eux0bg.cloudfront.net/images/104219285/products/697978471/4555506783.jpg, https://d2j6dbq0eux0bg.cloudfront.net/images/104219285/products/697978471/4596446110.jpg, https://d2j6dbq0eux0bg.cloudfront.net/images/104219285/products/697978471/4596442483.png",,,,,,,,,,"Elite K9",Talla,"XS, S, M, L",1,0,,Color,"Rojo, Azul, Negro, Multicam",1,0,,,,,,,697978471,https://www.specialk9.com/Chaleco-de-entrenamiento-p697978471,"Chaleco de entrenamiento","Descripción El chaleco de nailon está diseñado para uso durante todo el año y en todo tipo de clima. Tiene muchos bolsillos para equipo de entrenamiento. Bolsillo frontal extraíble que se puede llevar a ambos lados. Las correas de velcro le permiten sujetar tirones para centrarse en el talón. Hay un…"
variation,"CL32 MC L",,"Chaleco de entrenamiento - L / Multicam",1,,visible,,,taxable,parent,1,0,1,1,0,,,,,,,,84000.00,,,,,,,CL32,,,,,,,,Talla,L,1,0,,Color,Multicam,1,0,,,,,,,697978471,,,
variation,"CL32 MC M",,"Chaleco de entrenamiento - M / Multicam",1,,visible,,,taxable,parent,1,0,1,1,0,,,,,,,,84000.00,,,,,,,CL32,,,,,,,,Talla,M,1,0,,Color,Multicam,1,0,,,,,,,697978471,,,
variation,"CL32 MC S",,"Chaleco de entrenamiento - S / Multicam",1,,visible,,,taxable,parent,1,0,1,1,0,,,,,,,,84000.00,,,,,,,CL32,,,,,,,,Talla,S,1,0,,Color,Multicam,1,0,,,,,,,697978471,,,
variation,"CL32 MC XS",,"Chaleco de entrenamiento - XS / Multicam",1,,visible,,,taxable,parent,1,0,1,1,0,,,,,,,,84000.00,,,,,,,CL32,,,,,,,,Talla,XS,1,0,,Color,Multicam,1,0,,,,,,,697978471,,,
variation,"CL32 BLK L",,"Chaleco de entrenamiento - L / Negro",1,,visible,,,taxable,parent,1,0,1,1,0,,,,,,,,84000.00,,,,,,,CL32,,,,,,,,Talla,L,1,0,,Color,Negro,1,0,,,,,,,697978471,,,
variation,"CL32 BLK M",,"Chaleco de entrenamiento - M / Negro",1,,visible,,,taxable,parent,1,0,1,1,0,,,,,,,,84000.00,,,,,,,CL32,,,,,,,,Talla,M,1,0,,Color,Negro,1,0,,,,,,,697978471,,,
variation,"CL32 BLK S",,"Chaleco de entrenamiento - S / Negro",1,,visible,,,taxable,parent,1,0,1,1,0,,,,,,,,84000.00,,,,,,,CL32,,,,,,,,Talla,S,1,0,,Color,Negro,1,0,,,,,,,697978471,,,
variation,"CL32 BLK XS",,"Chaleco de entrenamiento - XS / Negro",1,,visible,,,taxable,parent,1,0,1,1,0,,,,,,,,84000.00,,,,,,,CL32,,,,,,,,Talla,XS,1,0,,Color,Negro,1,0,,,,,,,697978471,,,
variation,"CL32 BLU L",,"Chaleco de entrenamiento - L / Azul",1,,visible,,,taxable,parent,1,1,1,1,0,,,,,,,,84000.00,,,,,,,CL32,,,,,,,,Talla,L,1,0,,Color,Azul,1,0,,,,,,,697978471,,,
variation,"CL32 BLU M",,"Chaleco de entrenamiento - M / Azul",1,,visible,,,taxable,parent,1,0,1,1,0,,,,,,,,84000.00,,,,,,,CL32,,,,,,,,Talla,M,1,0,,Color,Azul,1,0,,,,,,,697978471,,,
variation,"CL32 BLU S",,"Chaleco de entrenamiento - S / Azul",1,,visible,,,taxable,parent,1,0,1,1,0,,,,,,,,84000.00,,,,,,,CL32,,,,,,,,Talla,S,1,0,,Color,Azul,1,0,,,,,,,697978471,,,
variation,"CL32 BLU XS",,"Chaleco de entrenamiento - XS / Azul",1,,visible,,,taxable,parent,1,0,1,1,0,,,,,,,,84000.00,,,,,,,CL32,,,,,,,,Talla,XS,1,0,,Color,Azul,1,0,,,,,,,697978471,,,
variation,"CL32 RD L",,"Chaleco de entrenamiento - L / Rojo",1,,visible,,,taxable,parent,1,1,1,1,0,,,,,,,,84000.00,,,,,,,CL32,,,,,,,,Talla,L,1,0,,Color,Rojo,1,0,,,,,,,697978471,,,
variation,"CL32 RD M",,"Chaleco de entrenamiento - M / Rojo",1,,visible,,,taxable,parent,1,1,1,1,0,,,,,,,,84000.00,,,,,,,CL32,,,,,,,,Talla,M,1,0,,Color,Rojo,1,0,,,,,,,697978471,,,
variation,"CL32 RD S",,"Chaleco de entrenamiento - S / Rojo",1,,visible,,,taxable,parent,1,0,1,1,0,,,,,,,,84000.00,,,,,,,CL32,,,,,,,,Talla,S,1,0,,Color,Rojo,1,0,,,,,,,697978471,,,
variation,"CL32 RD XS",,"Chaleco de entrenamiento - XS / Rojo",1,,visible,,,taxable,parent,1,1,1,1,0,,,,,,,,84000.00,,,,,,,CL32,,,,,,,,Talla,XS,1,0,,Color,Rojo,1,0,,,,,,,697978471,,,
variable,R004,,"Chaleco de entrenamiento ROK9",1,0,visible,,"<details><summary>Descripción</summary><section><p>Chaleco de entrenamiento</p><p>Roca K9</p></section></details><details><summary>Garantía</summary><section><div>Garantía por defectos de fábrica. Cortes y mordeduras no serán contemplados dentro de la garantía.</div><div><strong>Devoluciones</strong></div><div>Se realiza cambio si el producto presenta defecto de fábrica. </div><div>Muy respetuosamente pedimos que, al momento de solicitarnos un producto, tenga las medidas necesarias.</div><div>No se hacen reembolsos, se hacen cambios por productos disponibles, completando el mismo monto cancelado.</div></section></details>",taxable,,,,,,0,0.6,0.0,0.0,0.0,1,,,,"Entrenamiento, Todos los Productos, Indumentaria, Indumentaria > Entrenamiento",,,"https://d2j6dbq0eux0bg.cloudfront.net/images/104219285/products/697978482/4555502699.png, https://d2j6dbq0eux0bg.cloudfront.net/images/104219285/products/697978482/4555506833.png",,,,,,,,,,Rok9,Talla,XL,1,0,,Color,"Amarillo, Verde Oliva",1,0,,,,,,,697978482,https://www.specialk9.com/Chaleco-de-entrenamiento-ROK9-p697978482,"Chaleco de entrenamiento ROK9","Descripción Chaleco de entrenamiento Roca K9 Garantía Garantía por defectos de fábrica. Cortes y mordeduras no serán contemplados dentro de la garantía. Devoluciones Se realiza cambio si el producto presenta defecto de fábrica. Muy respetuosamente pedimos que, al momento de solicitarnos un producto,…"
variation,"R004 XL OD",,"Chaleco de entrenamiento ROK9 - XL / Verde Oliva",1,,visible,,,taxable,parent,1,1,1,1,0,,,,,,,,73000.00,,,,,,,R004,,,,,,,,Talla,XL,1,0,,Color,"Verde Oliva",1,0,,,,,,,697978482,,,
variation,"R004 XL YN",,"Chaleco de entrenamiento ROK9 - XL / Amarillo",1,,visible,,,taxable,parent,1,2,1,1,0,,,,,,,,73000.00,,,,,,,R004,,,,,,,,Talla,XL,1,0,,Color,Amarillo,1,0,,,,,,,697978482,,,
simple,"KV505 L",,"Chaleco Salvavidas para Perro",1,1,visible,,"<details><summary>Descripción</summary><section><p>El  Ruffwear K-9 Float Coat es lo último en flotación canina y seguridad en  el agua. Este es un chaleco salvavidas premium con paneles de espuma de  celda cerrada estratégicamente colocados que permiten que tu perro nade  de forma natural y apoyan una posición vertical; con agarre fuerte y de  bajo perfil en la parte posterior para ayudar al perro a salir del  agua. Tiene un borde reflectante para mejorar la visibilidad dentro o  fuera del agua. </p></section></details><details><summary>Talla</summary><section><p>Talla Grande: 32-36 pulgadas (81-91 cm)</p></section></details><details><summary>Garantía</summary><section><div>Garantía por defectos de fábrica. Cortes y mordeduras no serán contemplados dentro de la garantía.</div><div><strong>Devoluciones</strong></div><div>Se realiza cambio si el producto presenta defecto de fábrica.</div><div>Muy respetuosamente pedimos que, al momento de solicitarnos un producto, tenga las medidas necesarias.</div><div>No se hacen reembolsos, se hacen cambios por productos disponibles, completando el mismo monto cancelado.</div></section></details>",taxable,,1,1,1,0,0,1.5,0.0,0.0,0.0,1,,,70500.00,"Seguridad y Protección Canina, Todos los Productos",,,"https://d2j6dbq0eux0bg.cloudfront.net/images/104219285/4729341194.png, https://d2j6dbq0eux0bg.cloudfront.net/images/104219285/4729333964.jpg, https://d2j6dbq0eux0bg.cloudfront.net/images/104219285/4729349846.jpg, https://d2j6dbq0eux0bg.cloudfront.net/images/104219285/4729349851.jpg, https://d2j6dbq0eux0bg.cloudfront.net/images/104219285/4729349856.jpg",,,,,,,,,3,,,,,,,,,,,,,,,,,720306589,https://www.specialk9.com/Chaleco-Salvavidas-para-Perro-p720306589,"Chaleco Salvavidas para Perro","Descripción El Ruffwear K-9 Float Coat es lo último en flotación canina y seguridad en el agua. Este es un chaleco salvavidas premium con paneles de espuma de celda cerrada estratégicamente colocados que permiten que tu perro nade de forma natural y apoyan una posición vertical; con agarre fuerte y…"
simple,TE10,,"Chilillo de Agitación",1,0,visible,,"<details><summary>Descripción</summary><section><p>Empuñadura revestida de cuero.<br>Agarre para colgar.<br>Flexibilidad adecuada.<br>Ligereza.<br>Cierre y broche extraíbles.</p></section></details><details><summary>Garantía</summary><section><p>Un mes de garantía por defectos de fábrica. Importante el mantenimiento y manejo correcto del producto para el cuál fue diseñado. Mordeduras, cortes no serán contemplados dentro de la garantía.</p></section></details><p><br></p>",taxable,,1,0,1,1,0,0.4,0.0,0.0,0.0,1,,,33000.00,"Chilillos, Obediencia, Todos los Productos",,,"https://d2j6dbq0eux0bg.cloudfront.net/images/104219285/4936931014.jpg, https://d2j6dbq0eux0bg.cloudfront.net/images/104219285/4936931004.jpg, https://d2j6dbq0eux0bg.cloudfront.net/images/104219285/4936931009.jpg",,,,,"SC03-SC23,IDC,W04,51663,51541",,,,,"For Dog Trainers",,,,,,,,,,,,,,,,753234153,https://www.specialk9.com/Chilillo-de-Agitacion-p753234153,"Chilillo de Agitación","Descripción Empuñadura revestida de cuero. Agarre para colgar. Flexibilidad adecuada. Ligereza. Cierre y broche extraíbles. Garantía Un mes de garantía por defectos de fábrica. Importante el mantenimiento y manejo correcto del producto para el cuál fue diseñado. Mordeduras, cortes no serán…"
simple,W04,,"Chilillo de Cuero Agitación",1,0,visible,,"<details><summary>Descripción</summary><section><p>Chilillo de agitación forrado en cuero, flexible.</p><p>El palo de agitación está acolchado con cuero y es firme, pero flexible.</p><p>Cuenta con un acolchado adicional en el área de agarre para mayor comodidad.</p></section></details><details><summary>Garantía</summary><section><p>Un mes de garantía por defectos de fábrica. Importante el mantenimiento y manejo correcto del producto para el cuál fue diseñado. Mordeduras, y cortes no serán contemplados dentro de la garantía.</p></section></details><p><br></p>",taxable,,0,0,1,0,0,0.17,0.0,0.0,0.0,1,,,39000.00,"Chilillos, Obediencia, Todos los Productos",,,https://d2j6dbq0eux0bg.cloudfront.net/images/104219285/4555522802.jpg,,,,,"W Reyero,SC03-SC23,51541 57,L13 L14",,,,,"Elite K9",,,,,,,,,,,,,,,,698002165,https://www.specialk9.com/Chilillo-de-Cuero-Agitacion-p698002165,"Chilillo de Cuero Agitación","Descripción Chilillo de agitación forrado en cuero, flexible. El palo de agitación está acolchado con cuero y es firme, pero flexible. Cuenta con un acolchado adicional en el área de agarre para mayor comodidad. Garantía Un mes de garantía por defectos de fábrica. Importante el mantenimiento y…"
simple,"W Reyero",,"Chilillo Reyero",1,0,visible,,"<details><summary>Descripción</summary><section><p>Látigo resistente, fabricado en fibra y cuero.Con tralla en Biothane de color naranja.</p></section></details><details><summary>Garantía</summary><section><p>Un mes de garantía por defectos de fábrica. Importante el mantenimiento y manejo correcto del producto para el cuál fue diseñado. Mordeduras, cortes no serán contemplados dentro de la garantía.</p></section></details><p><br></p>",taxable,,1,5,1,0,0,0.17,0.0,0.0,0.0,1,,,33000.00,"Chilillos, Obediencia, Todos los Productos",,,https://d2j6dbq0eux0bg.cloudfront.net/images/104219285/4540452723.jpg,,,,,"SC03-SC23,IDC,W04,51663,51541",,,,,Reyero,,,,,,,,,,,,,,,,695633441,https://www.specialk9.com/Chilillo-Reyero-p695633441,"Chilillo Reyero","Descripción Látigo resistente, fabricado en fibra y cuero.Con tralla en Biothane de color naranja. Garantía Un mes de garantía por defectos de fábrica. Importante el mantenimiento y manejo correcto del producto para el cuál fue diseñado. Mordeduras, cortes no serán contemplados dentro de la garantía…"
variable,60155,,"Cierre ClicLock Negro",1,0,visible,,"<details><summary>Descripción</summary><section><p>El ClicLock de Herm Sprenger es el complemento perfecto para el collar de entrenamiento ya que aumenta la facilidad de uso.</p><p>Disponible en varios tamaños para adaptarse a su respectivo collar de entrenamiento.<br>Acero inoxidable negro.</p></section></details><details><summary>Tamaños</summary><section><p>Para collares de los siguientes grosores:</p><ul><li>2.25mm</li><li>3.2mm </li><li>4mm</li></ul></section></details><details><summary>Garantía</summary><section><div>Garantía por defectos de fábrica. Cortes y golpes no serán contemplados dentro de la garantía.</div><div><strong>Devoluciones</strong></div><div>Se realiza cambio si el producto presenta defecto de fábrica. </div><div>Muy respetuosamente pedimos que, al momento de solicitarnos un producto, tenga las medidas necesarias.</div><div>No se hacen reembolsos, se hacen cambios por productos disponibles, completando el mismo monto cancelado.</div></section></details>",taxable,,,,,,0,0.05,0.0,0.0,0.0,1,,,,"Collares, Collares > Collar Picos, Todos los Productos",,,"https://d2j6dbq0eux0bg.cloudfront.net/images/104219285/products/695890824/4541982286.jpg, https://d2j6dbq0eux0bg.cloudfront.net/images/104219285/products/695890824/4572047963.jpg, https://d2j6dbq0eux0bg.cloudfront.net/images/104219285/products/695890824/4572049262.jpg, https://d2j6dbq0eux0bg.cloudfront.net/images/104219285/products/695890824/4572047968.jpg",,,,,"50135 010 57,50045 010 57,00009,C701",,,,,"Herm Sprenger",Tamaño,"2.25mm, 3.2mm, 4mm",1,0,,,,,,,,,,,,695890824,https://www.specialk9.com/Cierre-ClicLock-Negro-p695890824,"Cierre ClicLock","Descripción El ClicLock de Herm Sprenger es el complemento perfecto para el collar de entrenamiento ya que aumenta la facilidad de uso. Disponible en varios tamaños para adaptarse a su respectivo collar de entrenamiento. Acero inoxidable negro. Tamaños Para collares de los siguientes grosores: 2…"
variation,6015534057,,"Cierre ClicLock Negro - 4mm",1,,visible,,,taxable,parent,1,9,1,1,0,,,,,,,,10000.00,,,,,,,60155,,,,,,,,Tamaño,4mm,1,0,,,,,,,,,,,,695890824,,,
variation,6015533257,,"Cierre ClicLock Negro - 3.2mm",1,,visible,,,taxable,parent,1,3,1,1,0,,,,,,,,15000.00,,,,,,,60155,,,,,,,,Tamaño,3.2mm,1,0,,,,,,,,,,,,695890824,,,
variation,6015532257,,"Cierre ClicLock Negro - 2.25mm",1,,visible,,,taxable,parent,1,1,1,1,0,,,,,,,,10000.00,,,,,,,60155,,,,,,,,Tamaño,2.25mm,1,0,,,,,,,,,,,,695890824,,,
variable,"6015533 2",,"Cierre ClicLock Plateado",1,0,visible,,"<details><summary>Descripción</summary><section><p>El ClicLock de Herm Sprenger es el complemento perfecto para el collar de entrenamiento ya que aumenta la facilidad de uso.</p><p>Disponible en varios tamaños para adaptarse a su respectivo collar de entrenamiento.<br>Acero inoxidable.</p></section></details><details><summary>Tamaños</summary><section><p>Para collares de los siguientes grosores:</p><ul><li>2.25mm</li><li>3.2mm</li></ul></section></details><details><summary>Garantía</summary><section><div>Garantía por defectos de fábrica. Cortes y golpes no serán contemplados dentro de la garantía.</div><div><strong>Devoluciones</strong></div><div>Se realiza cambio si el producto presenta defecto de fábrica. </div><div>Muy respetuosamente pedimos que, al momento de solicitarnos un producto, tenga las medidas necesarias.</div><div>No se hacen reembolsos, se hacen cambios por productos disponibles, completando el mismo monto cancelado.</div></section></details>",taxable,,,,,,0,0.05,0.0,0.0,0.0,1,,,,"Collares, Collares > Collar Picos, Todos los Productos",,,https://d2j6dbq0eux0bg.cloudfront.net/images/104219285/products/738855286/4843405059.jpg,,,,,"50135 010 57,50045 010 57,00009,C701",,,,,"Herm Sprenger",Tamaño,"3.2mm, 2.25mm",1,0,,,,,,,,,,,,738855286,https://www.specialk9.com/Cierre-ClicLock-Plateado-p738855286,"Cierre ClicLock Plateado","Descripción El ClicLock de Herm Sprenger es el complemento perfecto para el collar de entrenamiento ya que aumenta la facilidad de uso. Disponible en varios tamaños para adaptarse a su respectivo collar de entrenamiento. Acero inoxidable. Tamaños Para collares de los siguientes grosores: 2.25mm 3…"
variation,6015532255,,"Cierre ClicLock Plateado - 2.25mm",1,,visible,,,taxable,parent,1,3,1,1,0,,,,,,,,11500.00,,,,,,,"6015533 2",,,,,,,,Tamaño,2.25mm,1,0,,,,,,,,,,,,738855286,,,
variation,6015533255,,"Cierre ClicLock Plateado - 3.2mm",1,,visible,,,taxable,parent,1,1,1,1,0,,,,,,,,14000.00,,,,,,,"6015533 2",,,,,,,,Tamaño,3.2mm,1,0,,,,,,,,,,,,738855286,,,
simple,1002577,,"Cilindro de Madera de Pino 1.6"" x 12""",1,1,visible,,"<p>El Pino Cilindro 1.6"" ancho x 12"" largo es una barra cilíndrica de madera de pino, ideal para proyectos de carpintería, manualidades, decoración y construcción liviana. Cuenta con un diámetro de 1"" y una longitud de 12"", ofreciendo buena resistencia, facilidad de trabajo y un acabado natural adaptable a distintos tipos de proyectos.</p><div><section><div><p>Características:</p> <ul> <li> Fabricado en madera de pino </li> <li> Forma cilíndrica uniforme </li> <li> Medida: 1.6"" de diámetro x 12""</li> <li> Fácil de cortar, lijar y barnizar </li> <li> Ideal para muebles, barandas, soportes, manualidades y proyectos decorativos </li> <li> Acabado natural listo para personalizar según la necesidad del proyecto </li> </ul> </div><div></div><div><div></div></div></section><div></div></div><div></div>",taxable,,0,0,1,0,0,0.0,0.0,0.0,0.0,1,,,2260.00,"Todos los Productos",,,https://d2j6dbq0eux0bg.cloudfront.net/images/104219285/products/836304346/5772863337.png,,,,,,,,,62,"El Lagar",,,,,,,,,,,,,,,,836304346,https://www.specialk9.com/Cilindro-de-Madera-de-Pino-1-6-x-12-p836304346,"Cilindro de Madera de Pino 1.6"" x 12""","El Pino Cilindro 1.6"" ancho x 12"" largo es una barra cilíndrica de madera de pino, ideal para proyectos de carpintería, manualidades, decoración y construcción liviana. Cuenta con un diámetro de 1"" y una longitud de 12"", ofreciendo buena resistencia, facilidad de trabajo y un acabado natural…"
simple,A181,,"Clicker Deluxe",1,0,visible,,"<details><summary>Descripción</summary><section><p>Clicker Deluxe</p><p>- Herramienta fácil de usar.</p><p>- Con inserto de acero inoxidable.</p><p>- Con pulsera para facilitar el entrenamiento.</p><p>Marca Elite K9</p></section></details><details><summary>Garantía</summary><section><div>Garantía por defectos de fábrica. Cortes y golpes no serán contemplados dentro de la garantía.</div><div><strong>Devoluciones</strong></div><div>Se realiza cambio si el producto presenta defecto de fábrica. </div><p>No se hacen reembolsos, se hacen cambios por productos disponibles, completando el mismo monto cancelado.</p></section></details><p><br></p>",taxable,,1,1,1,0,0,0.02,0.0,0.0,0.0,1,,,8500.00,"Entrenamiento, Todos los Productos",,,https://d2j6dbq0eux0bg.cloudfront.net/images/104219285/4553964516.png,,,,,,,,,,"Elite K9",,,,,,,,,,,,,,,,697624978,https://www.specialk9.com/Clicker-Deluxe-p697624978,"Clicker Deluxe","Descripción Clicker Deluxe - Herramienta fácil de usar. - Con inserto de acero inoxidable. - Con pulsera para facilitar el entrenamiento. Marca Elite K9 Garantía Garantía por defectos de fábrica. Cortes y golpes no serán contemplados dentro de la garantía. Devoluciones Se realiza cambio si el…"
simple,A184,,"Clicker Deluxe con Silbato",1,0,visible,,"<details><summary>Descripción</summary><section><div>El clicker es una herramienta de entrenamiento fácil de usar que ofrece resultados. El clicker se adapta cómodamente a la mano y viene con un práctico lazo para la muñeca. Al presionar el botón se produce un ruido de clic que su perro aprenderá a asociar con su deseo de comunicarse con él.</div><div>Enseña un buen comportamiento</div><div>El inserto del clicker es de acero inoxidable</div><div>Incluye cordón Elite K-9</div></section></details><details><summary>Garantía</summary><section><div>Garantía por defectos de fábrica. Cortes y golpes no serán contemplados dentro de la garantía.</div><div><strong>Devoluciones</strong></div><div>Se realiza cambio si el producto presenta defecto de fábrica. </div><div>No se hacen reembolsos, se hacen cambios por productos disponibles, completando el mismo monto cancelado.</div></section></details>",taxable,,1,1,1,0,0,0.04,0.0,0.0,0.0,1,,,8500.00,"Entrenamiento, Todos los Productos",,,https://d2j6dbq0eux0bg.cloudfront.net/images/104219285/products/697624976/4553952022.jpg,,,,,,,,,,"Elite K9",,,,,,,,,,,,,,,,697624976,https://www.specialk9.com/Clicker-Deluxe-con-Silbato-p697624976,"Clicker Deluxe con Silbato","Descripción El clicker es una herramienta de entrenamiento fácil de usar que ofrece resultados. El clicker se adapta cómodamente a la mano y viene con un práctico lazo para la muñeca. Al presionar el botón se produce un ruido de clic que su perro aprenderá a asociar con su deseo de comunicarse con…"
simple,A182,,"Clicker Deluxe Cuadrado",1,0,visible,,"<details><summary>Descripción</summary><section><p>Clicker Deluxe cuadrado</p><p>- Herramienta fácil de usar.</p><p>- Con inserto de acero inoxidable.</p><p>- Con pulsera para facilitar el entrenamiento.</p><p>Marca Elite K9</p></section></details><details><summary>Garantía</summary><section><div>Garantía por defectos de fábrica. Cortes y golpes no serán contemplados dentro de la garantía.</div><div><strong>Devoluciones</strong></div><div>Se realiza cambio si el producto presenta defecto de fábrica. </div><p>No se hacen reembolsos, se hacen cambios por productos disponibles, completando el mismo monto cancelado.</p></section></details>",taxable,,1,2,1,0,0,0.04,0.0,0.0,0.0,1,,,8500.00,"Entrenamiento, Todos los Productos",,,https://d2j6dbq0eux0bg.cloudfront.net/images/104219285/4553970163.png,,,,,,,,,,"Elite K9",,,,,,,,,,,,,,,,697727524,https://www.specialk9.com/Clicker-Deluxe-Cuadrado-p697727524,"Clicker Deluxe Cuadrado","Descripción Clicker Deluxe cuadrado - Herramienta fácil de usar. - Con inserto de acero inoxidable. - Con pulsera para facilitar el entrenamiento. Marca Elite K9 Garantía Garantía por defectos de fábrica. Cortes y golpes no serán contemplados dentro de la garantía. Devoluciones Se realiza cambio si…"
variable,220CG,,"Collar Color & Gray Series 20mm",1,0,visible,,"<details><summary>Descripción</summary><section><p>Collar Color & Gray Series 20mm de Julius K9. Este collar está fabricado de un material textil resistente y agradable al tacto. Los finos hilos de goma del collar se sustituyen por poliéster para que no se pegue al pelaje del perro.</p></section></details><details><summary>Medidas</summary><section><p>Ancho: 20mm</p><p>Largo: 15.5"" a 25.5"" (39.3cm a 64.7cm)</p></section></details><details><summary>Garantía</summary><section><div>Garantía por defectos de fábrica. Cortes y mordeduras no serán contemplados dentro de la garantía.</div><div><strong>Devoluciones</strong></div><div>Se realiza cambio si el producto presenta defecto de fábrica. </div><div>Muy respetuosamente pedimos que, al momento de solicitarnos un producto, tenga las medidas necesarias.</div><div>No se hacen reembolsos, se hacen cambios por productos disponibles, completando el mismo monto cancelado.</div></section></details><p><br></p><p><br></p>",taxable,,,,,,0,0.045,0.0,0.0,0.0,1,,,,"Collares > Collar Nylon, Todos los Productos",,,"https://d2j6dbq0eux0bg.cloudfront.net/images/104219285/products/697533466/4553184622.jpg, https://d2j6dbq0eux0bg.cloudfront.net/images/104219285/products/697533466/4553185276.jpg, https://d2j6dbq0eux0bg.cloudfront.net/images/104219285/products/697533466/4553182966.jpg, https://d2j6dbq0eux0bg.cloudfront.net/images/104219285/products/697533466/4553185281.png, https://d2j6dbq0eux0bg.cloudfront.net/images/104219285/products/697533466/4571872536.jpg, https://d2j6dbq0eux0bg.cloudfront.net/images/104219285/products/697533466/4571872036.jpg",,,,,"59440 002 77,IDC,C05,N103H,225CG",,,,,"Julius K9",Color,"Negro, Azul, Rojo, Naranja",1,0,,,,,,,,,,,,697533466,https://www.specialk9.com/Collar-Color-&-Gray-Series-20mm-p697533466,"Collar Color & Gray Series 0.75""","Descripción Collar Color & Gray Series 20mm de Julius K9. Este collar está fabricado de un material textil resistente y agradable al tacto. Los finos hilos de goma del collar se sustituyen por poliéster para que no se pegue al pelaje del perro. Medidas Ancho: 20mm Largo: 15.5"" a 25.5"" (39.3cm a 64…"
variation,220CG-OR,,"Collar Color & Gray Series 20mm - Naranja",1,,visible,,,taxable,parent,1,2,1,1,0,,,,,,,,10500.00,,,,,,,220CG,,,,,,,,Color,Naranja,1,0,,,,,,,,,,,,697533466,,,
variation,220CG-R,,"Collar Color & Gray Series 20mm - Rojo",1,,visible,,,taxable,parent,1,2,1,1,0,,,,,,,,10500.00,,,,,,,220CG,,,,,,,,Color,Rojo,1,0,,,,,,,,,,,,697533466,,,
variation,220CG-B,,"Collar Color & Gray Series 20mm - Azul",1,,visible,,,taxable,parent,1,1,1,1,0,,,,,,,,10500.00,,,,,,,220CG,,,,,,,,Color,Azul,1,0,,,,,,,,,,,,697533466,,,
variation,220CG-,,"Collar Color & Gray Series 20mm - Negro",1,,visible,,,taxable,parent,1,3,1,1,0,,,,,,,,10500.00,,,,,,,220CG,,,,,,,,Color,Negro,1,0,,,,,,,,,,,,697533466,,,
variable,225CG,,"Collar Color & Gray Series  25mm",1,0,visible,,"<details><summary>Descripción</summary><section><p>Collar Color & Gray Series 1"" de Julius K9</p><p>Este collar está fabricado de un material textil resistente y agradable al tacto. Los finos hilos de goma del collar se sustituyen por poliéster para que no se pegue al pelaje del perro.</p></section></details><details><summary>Medidas</summary><section><p>Ancho: 25mm / 1""</p><p>Largo: 15.5"" a 25.5"" (39.3cm a 64.7cm)</p></section></details><details><summary>Garantía</summary><section><div>Garantía por defectos de fábrica. Cortes y mordeduras no serán contemplados dentro de la garantía.</div><div><strong>Devoluciones</strong></div><div>Se realiza cambio si el producto presenta defecto de fábrica. </div><div>Muy respetuosamente pedimos que, al momento de solicitarnos un producto, tenga las medidas necesarias.</div><div>No se hacen reembolsos, se hacen cambios por productos disponibles, completando el mismo monto cancelado.</div></section></details><p><br></p><p><br></p><p><br></p>",taxable,,,,,,0,0.065,0.0,0.0,0.0,1,,,,"Collares > Collar Nylon, Todos los Productos",,,"https://d2j6dbq0eux0bg.cloudfront.net/images/104219285/products/696671329/4547435468.jpg, https://d2j6dbq0eux0bg.cloudfront.net/images/104219285/products/696671329/4547433622.png, https://d2j6dbq0eux0bg.cloudfront.net/images/104219285/products/696671329/4547436307.jpg, https://d2j6dbq0eux0bg.cloudfront.net/images/104219285/products/696671329/4547436312.jpg, https://d2j6dbq0eux0bg.cloudfront.net/images/104219285/products/696671329/4571887993.jpg",,,,,"220CG,59440 002 77,IDC,C05,N103H,00011",,,,,"Julius K9",Color,"Negro, Azul, Rojo, Naranja",1,0,,,,,,,,,,,,696671329,https://www.specialk9.com/Collar-Color-&-Gray-Series-25mm-p696671329,"Collar Color & Gray Series  1""","Descripción Collar Color & Gray Series 1"" de Julius K9 Este collar está fabricado de un material textil resistente y agradable al tacto. Los finos hilos de goma del collar se sustituyen por poliéster para que no se pegue al pelaje del perro. Medidas Ancho: 25mm / 1"" Largo: 15.5"" a 25.5"" (39.3cm a 64…"
variation,225CG-BL,,"Collar Color & Gray Series  25mm - Negro",1,,visible,,,taxable,parent,1,1,1,1,0,,,,,,,,11500.00,,,,,,,225CG,,,,,,,,Color,Negro,1,0,,,,,,,,,,,,696671329,,,
variation,225CG-B,,"Collar Color & Gray Series  25mm - Azul",1,,visible,,,taxable,parent,1,2,1,1,0,,,,,,,,11500.00,,,,,,,225CG,,,,,,,,Color,Azul,1,0,,,,,,,,,,,,696671329,,,
variation,225CG-R,,"Collar Color & Gray Series  25mm - Rojo",1,,visible,,,taxable,parent,1,2,1,1,0,,,,,,,,11500.00,,,,,,,225CG,,,,,,,,Color,Rojo,1,0,,,,,,,,,,,,696671329,,,
variation,225CG-OR,,"Collar Color & Gray Series  25mm - Naranja",1,,visible,,,taxable,parent,1,1,1,1,0,,,,,,,,11500.00,,,,,,,225CG,,,,,,,,Color,Naranja,1,0,,,,,,,,,,,,696671329,,,
variable,00011,,"Collar con Agarre",1,0,visible,,"<details><summary>Descripción</summary><section><p>Color & Grey Series de Julius K9. Los finos hilos de goma del collar se sustituyen por poliéster para que no se pegue al pelaje del perro.</p><p>Esta versión del collar cuenta con un cierre de seguridad para mayor seguridad y puede personalizarlo con el espacio para parches intercambiables.<br></p></section></details><details><summary>Medidas</summary><section><ul><li>1,6"" de ancho x 15"" - 20"" de largo</li><li>1,9"" de ancho x 19"" - 27"" de largo</li></ul></section></details><details><summary>Garantía</summary><section><div>Garantía por defectos de fábrica. Cortes y mordeduras no serán contemplados dentro de la garantía.</div><div><strong>Devoluciones</strong></div><div>Se realiza cambio si el producto presenta defecto de fábrica. </div><div>Muy respetuosamente pedimos que, al momento de solicitarnos un producto, tenga las medidas necesarias.</div><div>No se hacen reembolsos, se hacen cambios por productos disponibles, completando el mismo monto cancelado.</div></section></details><p><br></p><p><br><br></p>",taxable,,,,,,0,0.0,0.0,0.0,0.0,1,,,,"Collares > Collar Nylon, Todos los Productos",,,"https://d2j6dbq0eux0bg.cloudfront.net/images/104219285/4541997711.jpg, https://d2j6dbq0eux0bg.cloudfront.net/images/104219285/4542009856.jpg, https://d2j6dbq0eux0bg.cloudfront.net/images/104219285/4542009861.jpg, https://d2j6dbq0eux0bg.cloudfront.net/images/104219285/4542009889.jpg, https://d2j6dbq0eux0bg.cloudfront.net/images/104219285/4541997716.jpg, https://d2j6dbq0eux0bg.cloudfront.net/images/104219285/4571914242.jpg, https://d2j6dbq0eux0bg.cloudfront.net/images/104219285/4571920757.png, https://d2j6dbq0eux0bg.cloudfront.net/images/104219285/4571914247.jpg, https://d2j6dbq0eux0bg.cloudfront.net/images/104219285/4571920762.jpg, https://d2j6dbq0eux0bg.cloudfront.net/images/104219285/4571920752.png, https://d2j6dbq0eux0bg.cloudfront.net/images/104219285/4571918821.png, https://d2j6dbq0eux0bg.cloudfront.net/images/104219285/4571931528.jpg",,,,,"59440 002 77,51112 57,225CG,51112 55,220CG,51663",,,,,"Julius K9",Color,"Negro, Amarillo, Rojo, Azul, Naranja",1,0,,Tamaño,"1.6"" ancho x 15"" a 20""largo, 1.9"" ancho x 19"" a 27"" largo",1,0,,,,,,,695890374,https://www.specialk9.com/Collar-con-Agarre-p695890374,"Collar con Agarre","Descripción Color & Grey Series de Julius K9. Los finos hilos de goma del collar se sustituyen por poliéster para que no se pegue al pelaje del perro. Esta versión del collar cuenta con un cierre de seguridad para mayor seguridad y puede personalizarlo con el espacio para parches intercambiables.…"
variation,200HA-K-OR-2015,,"Collar con Agarre - Naranja / 1.9"" ancho x 19"" a 27"" largo",1,,visible,,,taxable,parent,1,0,1,1,0,,,,,,,,15500.00,,,,,,,00011,,,,,,,,Color,Naranja,1,0,,Tamaño,"1.9"" ancho x 19"" a 27"" largo",1,0,,,,,,,695890374,,,
variation,100HA-K-O-2015,,"Collar con Agarre - Naranja / 1.6"" ancho x 15"" a 20""largo",1,,visible,,,taxable,parent,1,0,1,1,0,,,,,,,,14500.00,,,,,,,00011,,,,,,,,Color,Naranja,1,0,,Tamaño,"1.6"" ancho x 15"" a 20""largo",1,0,,,,,,,695890374,,,
variation,200HA-K-B-2015,,"Collar con Agarre - Azul / 1.9"" ancho x 19"" a 27"" largo",1,,visible,,,taxable,parent,1,1,1,1,0,,,,,,,,15500.00,,,,,,,00011,,,,,,,,Color,Azul,1,0,,Tamaño,"1.9"" ancho x 19"" a 27"" largo",1,0,,,,,,,695890374,,,
variation,100HA-K-B-2015,,"Collar con Agarre - Azul / 1.6"" ancho x 15"" a 20""largo",1,,visible,,,taxable,parent,1,0,1,1,0,,,,,,,,14500.00,,,,,,,00011,,,,,,,,Color,Azul,1,0,,Tamaño,"1.6"" ancho x 15"" a 20""largo",1,0,,,,,,,695890374,,,
variation,200HA-K-R-2015,,"Collar con Agarre - Rojo / 1.9"" ancho x 19"" a 27"" largo",1,,visible,,,taxable,parent,1,1,1,1,0,,,,,,,,15500.00,,,,,,,00011,,,,,,,,Color,Rojo,1,0,,Tamaño,"1.9"" ancho x 19"" a 27"" largo",1,0,,,,,,,695890374,,,
variation,100HA-K-R-2015,,"Collar con Agarre - Rojo / 1.6"" ancho x 15"" a 20""largo",1,,visible,,,taxable,parent,1,1,1,1,0,,,,,,,,14500.00,,,,,,,00011,,,,,,,,Color,Rojo,1,0,,Tamaño,"1.6"" ancho x 15"" a 20""largo",1,0,,,,,,,695890374,,,
variation,HA200-K-NE-2015,,"Collar con Agarre - Amarillo / 1.9"" ancho x 19"" a 27"" largo",1,,visible,,,taxable,parent,1,0,1,1,0,,,,,,,,15500.00,,,,,,,00011,,,,,,,,Color,Amarillo,1,0,,Tamaño,"1.9"" ancho x 19"" a 27"" largo",1,0,,,,,,,695890374,,,
variation,100HA-K-NE-2015,,"Collar con Agarre - Amarillo / 1.6"" ancho x 15"" a 20""largo",1,,visible,,,taxable,parent,1,0,1,1,0,,,,,,,,14500.00,,,,,,,00011,,,,,,,,Color,Amarillo,1,0,,Tamaño,"1.6"" ancho x 15"" a 20""largo",1,0,,,,,,,695890374,,,
variation,200HA-K-2015,,"Collar con Agarre - Negro / 1.9"" ancho x 19"" a 27"" largo",1,,visible,,,taxable,parent,1,0,1,1,0,,,,,,,,15500.00,,,,,,,00011,,,,,,,,Color,Negro,1,0,,Tamaño,"1.9"" ancho x 19"" a 27"" largo",1,0,,,,,,,695890374,,,
variation,100HA-K-2015,,"Collar con Agarre - Negro / 1.6"" ancho x 15"" a 20""largo",1,,visible,,,taxable,parent,1,0,1,1,0,,,,,,,,14500.00,,,,,,,00011,,,,,,,,Color,Negro,1,0,,Tamaño,"1.6"" ancho x 15"" a 20""largo",1,0,,,,,,,695890374,,,
variable,60058,,"Collar con agarre y anillo",1,0,visible,,"<details><summary>Descripción</summary><section><div>La garantía de por vida garantiza durabilidad y tranquilidad.</div><div>Clips de aleación de zinc y anillos en D de acero inoxidable para una resistencia superior.</div><div>El forro interior de neopreno garantiza la comodidad de su perro durante el uso.</div></section></details><details><summary>Medidas</summary><section><p>Talla M<br>Ancho: 1.5"" de ancho<br>Largo: Ajustable de 15"" a 18""</p><p>Talla L<br>Ancho: 2"" de ancho<br>Largo: Ajustable de 17"" a 22"" <br><br><br></p></section></details><details><summary>Garantía</summary><section><div>Garantía por defectos de fábrica. Cortes y mordeduras no serán contemplados dentro de la garantía.</div><div><strong>Devoluciones</strong></div><div>Se realiza cambio si el producto presenta defecto de fábrica. </div><div>Muy respetuosamente pedimos que, al momento de solicitarnos un producto, tenga las medidas necesarias.</div><div>No se hacen reembolsos, se hacen cambios por productos disponibles, completando el mismo monto cancelado.</div></section></details><p><br></p><p><br></p>",taxable,,,,,,0,0.225,0.0,0.0,0.0,1,,,,"Collares > Collar Nylon, Protección, Todos los Productos",,,"https://d2j6dbq0eux0bg.cloudfront.net/images/104219285/products/762524779/5005746911.png, https://d2j6dbq0eux0bg.cloudfront.net/images/104219285/products/762524779/5005746916.png, https://d2j6dbq0eux0bg.cloudfront.net/images/104219285/products/762524779/5005686409.jpg, https://d2j6dbq0eux0bg.cloudfront.net/images/104219285/products/762524779/5005707051.jpg",,,,,"C05,N103H,00011,225CG,220CG",,,,,"Boss Dog",Color,Naranja,1,0,,Talla,"Large 15"" a 22"" (2"" ancho), Medium 15"" a 18"" (1.5"" ancho)",1,0,,,,,,,762524779,https://www.specialk9.com/Collar-con-agarre-y-anillo-p762524779,"Collar con agarre y anillo","Descripción La garantía de por vida garantiza durabilidad y tranquilidad. Clips de aleación de zinc y anillos en D de acero inoxidable para una resistencia superior. El forro interior de neopreno garantiza la comodidad de su perro durante el uso. Medidas Talla M Ancho: 1.5"" de ancho Largo: Ajustable…"
variation,60220,,"Collar con agarre y anillo - Naranja / Medium 15"" a 18"" (1.5"" ancho)",1,,visible,,,taxable,parent,1,1,1,1,0,,,,,,,,43000.00,,,,,,,60058,,,,,,,,Color,Naranja,1,0,,Talla,"Medium 15"" a 18"" (1.5"" ancho)",1,0,,,,,,,762524779,,,
variation,"60058 ORN",,"Collar con agarre y anillo - Naranja / Large 15"" a 22"" (2"" ancho)",1,,visible,,,taxable,parent,1,1,1,1,0,,,,,,,,49500.00,,,,,,,60058,,,,,,,,Color,Naranja,1,0,,Talla,"Large 15"" a 22"" (2"" ancho)",1,0,,,,,,,762524779,,,
variable,N103H,,"Collar con agarre y hebilla COBRA®",1,0,visible,,"<details><summary>Descripción</summary><section><p>El collar de identificación, con agarre está fabricado con correas de nailon de alta resistencia, con un accesorio de correa y con anillo en V de acero.</p><p>Este collar cuenta con especificaciones militares, por lo que brinda a los guías un control total sobre su perro de trabajo durante los ejercicios de entrenamiento o mientras patrullan.</p><p>Sección de VELCRO® para colocar fácilmente el panel de identificación o el parche.<br></p></section></details><details><summary>Medidas</summary><section><p>Ancho: 1 ¾” de ancho.</p><p>Largo: Ajustable desde 16"" a 25"" de circunferencia en cuello.</p></section></details><details><summary>Garantía</summary><section><div>Garantía por defectos de fábrica. Cortes y mordeduras no serán contemplados dentro de la garantía.</div><div><strong>Devoluciones</strong></div><div>Se realiza cambio si el producto presenta defecto de fábrica. </div><div>Muy respetuosamente pedimos que, al momento de solicitarnos un producto, tenga las medidas necesarias.</div><div>No se hacen reembolsos, se hacen cambios por productos disponibles, completando el mismo monto cancelado.</div></section></details><p><br></p>",taxable,,,,,,0,0.24,0.0,0.0,0.0,1,,,,"Collares > Collar Nylon, Protección, Todos los Productos",,,"https://d2j6dbq0eux0bg.cloudfront.net/images/104219285/products/697593284/4553268630.jpg, https://d2j6dbq0eux0bg.cloudfront.net/images/104219285/products/697593284/4553258930.jpg, https://d2j6dbq0eux0bg.cloudfront.net/images/104219285/products/697593284/4553262639.jpg, https://d2j6dbq0eux0bg.cloudfront.net/images/104219285/products/697593284/4553274507.jpg",,,,,"00011,51541,225CG,51506,50135 010 57",,,,,"Ray Allen",Color,"Negro, Coyote, Gris, Verde Oliva",1,0,,,,,,,,,,,,697593284,https://www.specialk9.com/Collar-con-agarre-y-hebilla-COBRA-r-p697593284,"Collar con agarre y hebilla COBRA®","Descripción El collar de identificación, con agarre está fabricado con correas de nailon de alta resistencia, con un accesorio de correa y con anillo en V de acero. Este collar cuenta con especificaciones militares, por lo que brinda a los guías un control total sobre su perro de trabajo durante los…"
variation,N103H-RGR,,"Collar con agarre y hebilla COBRA® - Verde Oliva",1,,visible,,,taxable,parent,1,0,1,1,0,,,,,,,,92000.00,,,,,,,N103H,,,,,,,,Color,"Verde Oliva",1,0,,,,,,,,,,,,697593284,,,
variation,N103H-GRY,,"Collar con agarre y hebilla COBRA® - Gris",1,,visible,,,taxable,parent,1,2,1,1,0,,,,,,,,92000.00,,,,,,,N103H,,,,,,,,Color,Gris,1,0,,,,,,,,,,,,697593284,,,
variation,N103H-COY,,"Collar con agarre y hebilla COBRA® - Coyote",1,,visible,,,taxable,parent,1,2,1,1,0,,,,,,,,92000.00,,,,,,,N103H,,,,,,,,Color,Coyote,1,0,,,,,,,,,,,,697593284,,,
variation,N103H-BLK,,"Collar con agarre y hebilla COBRA® - Negro",1,,visible,,,taxable,parent,1,4,1,1,0,,,,,,,,92000.00,,,,,,,N103H,,,,,,,,Color,Negro,1,0,,,,,,,,,,,,697593284,,,
simple,C022,,"Collar de Agitación Boston de Cuero 2""",1,1,visible,,"<p>Elite K-9 se enorgullece en ofrecer estos finos collares de cuero. Están disponibles en una variedad de tamaños y están fabricados con cuero brida de grano superior (top grain leather). Además, cuentan con costuras y remaches en todos los puntos de tensión para mayor resistencia y durabilidad.</p><p>Color negro con herrajes plateados.</p>",taxable,,0,0,1,0,0,0.0,0.0,0.0,0.0,1,,,55900.00,"Collares, Todos los Productos",,,"https://d2j6dbq0eux0bg.cloudfront.net/images/104219285/products/836264605/5772614649.jpg, https://d2j6dbq0eux0bg.cloudfront.net/images/104219285/products/836264605/5772609490.jpg",,,,,,,,,58,,,,,,,,,,,,,,,,,836264605,https://www.specialk9.com/Collar-de-Agitacion-Boston-de-Cuero-2-p836264605,"Collar de Agitación Boston de Cuero 2""","Elite K-9 se enorgullece en ofrecer estos finos collares de cuero. Están disponibles en una variedad de tamaños y están fabricados con cuero brida de grano superior (top grain leather). Además, cuentan con costuras y remaches en todos los puntos de tensión para mayor resistencia y durabilidad. Color…"
variable,LC0,,"Collar de Agitación de Cuero Acolchado",1,1,visible,,"<p>El Collar de Agitación de Cuero Acolchado está diseñado para ofrecer máxima comodidad, control y durabilidad. Fabricado con cuero latigo premium y un forro acolchado de neopreno transpirable, este collar protege el cuello de tu perro contra irritaciones durante entrenamientos, rastreo y trabajo de agitación. La capa de neopreno ayuda a evitar el roce, repele la humedad y no acumula pelo, lo que lo hace ideal para uso diario.</p><div><section><div><p>Características:</p> <ul> <li> Construcción en cuero latigo de alta resistencia para mayor durabilidad y larga vida útil </li> <li> Acolchado de neopreno transpirable que previene irritaciones y acumulación de pelo </li> <li> Asa opcional para un mejor control y agarre </li> <li> Fabricado en Estados Unidos </li> </ul> <p>Si buscas un collar de agitación de cuero que combine resistencia profesional con comodidad durante todo el día, esta es la opción en la que confían entrenadores de perros de trabajo, handlers y profesionales K9 de todo el mundo.</p></div><div></div><div><div></div></div></section><div></div></div><div></div>",taxable,,,,,,0,0.0,0.0,0.0,0.0,1,,,,"Collares, Todos los Productos",,,"https://d2j6dbq0eux0bg.cloudfront.net/images/104219285/products/836262147/5772629089.jpg, https://d2j6dbq0eux0bg.cloudfront.net/images/104219285/products/836262147/5772631550.jpg, https://d2j6dbq0eux0bg.cloudfront.net/images/104219285/products/836262147/5772629841.jpg, https://d2j6dbq0eux0bg.cloudfront.net/images/104219285/products/836262147/5772631556.jpg, https://d2j6dbq0eux0bg.cloudfront.net/images/104219285/products/836262147/5772635251.jpg",,,,,,,,,59,"Elite K9",Ancho,"1.5"", 2""",1,0,,,,,,,,,,,,836262147,https://www.specialk9.com/Collar-de-Agitacion-de-Cuero-Acolchado-p836262147,"Collar de Agitación de Cuero Acolchado","El Collar de Agitación de Cuero Acolchado está diseñado para ofrecer máxima comodidad, control y durabilidad. Fabricado con cuero latigo premium y un forro acolchado de neopreno transpirable, este collar protege el cuello de tu perro contra irritaciones durante entrenamientos, rastreo y trabajo de…"
variation,LC020,,"Collar de Agitación de Cuero Acolchado - 2""",1,,visible,,,taxable,parent,1,2,1,1,0,,,,,,,,55900.00,,,,,,,LC0,,,,,,,,Ancho,"2""",1,0,,,,,,,,,,,,836262147,,,
variation,LC010,,"Collar de Agitación de Cuero Acolchado - 1.5""",1,,visible,,,taxable,parent,1,0,1,1,0,,,,,,,,50500.00,,,,,,,LC0,,,,,,,,Ancho,"1.5""",1,0,,,,,,,,,,,,836262147,,,
simple,C701,873199000362,"Collar de entrenamiento",1,0,visible,,"<details><summary>Descripción</summary><section><p>Collar de entrenamiento</p><p>Ayuda a entrenar a su perro suave y efectivamente.<br>Eslabón de alta resistencia.</p><p>Los eslabones se pueden agregar o quitar para un correcto ajuste.<br>Talla L</p></section></details><details><summary>Medida</summary><section><p>Largo de 21""</p></section></details><details><summary>Garantía</summary><section><div>Garantía por defectos de fábrica. Cortes y golpes no serán contemplados dentro de la garantía.</div><div><strong>Devoluciones</strong></div><div>Se realiza cambio si el producto presenta defecto de fábrica. </div><div>Muy respetuosamente pedimos que, al momento de solicitarnos un producto, tenga las medidas necesarias.</div><div>No se hacen reembolsos, se hacen cambios por productos disponibles, completando el mismo monto cancelado.</div></section></details><p><br></p>",taxable,,1,1,1,0,0,0.15,0.0,0.0,0.0,1,,,20500.00,"Collares, Collares > Collar Picos, Todos los Productos",,,"https://d2j6dbq0eux0bg.cloudfront.net/images/104219285/4541982276.jpg, https://d2j6dbq0eux0bg.cloudfront.net/images/104219285/4572065580.jpg",,,,,"50045 010 57,50026 010 - 50108 014 - 50004 010,50135 010 57",,,,,StarMark,,,,,,,,,,,,,,,,695834633,https://www.specialk9.com/Collar-de-entrenamiento-p695834633,"Collar de entrenamiento","Descripción Collar de entrenamiento Ayuda a entrenar a su perro suave y efectivamente. Eslabón de alta resistencia. Los eslabones se pueden agregar o quitar para un correcto ajuste. Talla L Medida Largo de 21"" Garantía Garantía por defectos de fábrica. Cortes y golpes no serán contemplados dentro de…"
variable,50175,,"Collar de Entrenamiento 1.5mm acero inoxidable",1,0,visible,,"<details><summary>Descripción</summary><section><p>Collar de Entrenamiento acero inoxidable, en 1.5mm de grosor, con sacavueltas.</p></section></details><details><summary>Medida</summary><section><p>Largo total del collar: 29cm</p></section></details><details><summary>Garantía</summary><section><div><p>Garantía por defectos de fábrica.</p><p><strong>Devoluciones</strong></p><div>Se realiza cambio si el producto presenta defecto de fábrica. </div><div>Muy respetuosamente pedimos que, al momento de solicitarnos un producto, tenga las medidas necesarias.</div><div>No se hacen reembolsos, se hacen cambios por productos disponibles, completando el mismo monto cancelado.</div></div><div></div></section></details>",taxable,,,,,,0,0.1,0.0,0.0,0.0,1,,,,"Collares, Collares > Collar Picos, Todos los Productos",,,"https://d2j6dbq0eux0bg.cloudfront.net/images/104219285/products/738863566/4843465652.png, https://d2j6dbq0eux0bg.cloudfront.net/images/104219285/products/738863566/4843458227.jpg, https://d2j6dbq0eux0bg.cloudfront.net/images/104219285/products/738863566/4572072028.png, https://d2j6dbq0eux0bg.cloudfront.net/images/104219285/products/738863566/4572072766.jpg",,,,,"50045 010 57,50026 010 - 50108 014 - 50004 010,C701,51508",,,,,"Herm Sprenger",Color,"Negro, Plateado",1,0,,,,,,,,,,,,738863566,https://www.specialk9.com/Collar-de-Entrenamiento-1-5mm-acero-inoxidable-p738863566,"Collar de Entrenamiento 1.5mm acero inoxidable","Descripción Collar de Entrenamiento acero inoxidable, en 1.5mm de grosor, con sacavueltas. Medida Largo total del collar: 29cm Garantía Garantía por defectos de fábrica. Devoluciones Se realiza cambio si el producto presenta defecto de fábrica. Muy respetuosamente pedimos que, al momento de…"
variation,"50175 012 55",,"Collar de Entrenamiento 1.5mm acero inoxidable - Plateado",1,,visible,,,taxable,parent,1,0,1,1,0,,,,,,,,22000.00,,,,,,,50175,,,,,,,,Color,Plateado,1,0,,,,,,,,,,,,738863566,,,
variation,"50075 012 57",,"Collar de Entrenamiento 1.5mm acero inoxidable - Negro",1,,visible,,,taxable,parent,1,4,1,1,0,,,,,,,,24000.00,,,,,,,50175,,,,,,,,Color,Negro,1,0,,,,,,,,,,,,738863566,,,
variable,"50135 010 57",,"Collar de Entrenamiento 2.25mm acero inoxidable",1,0,visible,,"<details><summary>Descripción</summary><section><p>Collar de Entrenamiento acero inoxidable, acabado negro en 2.25mm de grosor, con sacavueltas.</p></section></details><details><summary>Medidas</summary><section><p>Largo total del collar</p><p>- Con ClicLock: 45cm / 18""</p></section></details><details><summary>Garantía</summary><section><div><div>Garantía por defectos de fábrica.<br></div><div><strong>Devoluciones</strong></div><div>Se realiza cambio si el producto presenta defecto de fábrica. </div><div>Muy respetuosamente pedimos que, al momento de solicitarnos un producto, tenga las medidas necesarias.</div><div>No se hacen reembolsos, se hacen cambios por productos disponibles, completando el mismo monto cancelado.</div></div><div></div></section></details>",taxable,,,,,,0,0.1,0.0,0.0,0.0,1,,,,"Collares, Collares > Collar Picos, Todos los Productos",,,"https://d2j6dbq0eux0bg.cloudfront.net/images/104219285/products/695890827/4541977380.jpg, https://d2j6dbq0eux0bg.cloudfront.net/images/104219285/products/695890827/4759713520.png, https://d2j6dbq0eux0bg.cloudfront.net/images/104219285/products/695890827/4572072028.png, https://d2j6dbq0eux0bg.cloudfront.net/images/104219285/products/695890827/4572072048.jpg, https://d2j6dbq0eux0bg.cloudfront.net/images/104219285/products/695890827/4572072766.jpg",,,,,"60155,50045 010 57,50026 010 - 50108 014 - 50004 010,C701,51508",,,,,"Herm Sprenger",Estilo,"Con Cliclock y Sacavueltas",1,0,,,,,,,,,,,,695890827,https://www.specialk9.com/Collar-de-Entrenamiento-2-25mm-acero-inoxidable-p695890827,"Collar de Entrenamiento 2.25mm acero inoxidable","Descripción Collar de Entrenamiento acero inoxidable, acabado negro en 2.25mm de grosor, con sacavueltas. Medidas Largo total del collar - Con ClicLock: 45cm / 18"" Garantía Garantía por defectos de fábrica. Devoluciones Se realiza cambio si el producto presenta defecto de fábrica. Muy…"
variation,"50132 009 57",,"Collar de Entrenamiento 2.25mm acero inoxidable - Con Cliclock y Sacavueltas",1,,visible,,,taxable,parent,1,1,1,1,0,,,,,,,,29500.00,,,,,,,"50135 010 57",,,,,,,,Estilo,"Con Cliclock y Sacavueltas",1,0,,,,,,,,,,,,695890827,,,
variable,50185,,"Collar de Entrenamiento 3.0mm acero inoxidable",1,0,visible,,"<details><summary>Descripción</summary><section><p>Collar de Entrenamiento acero inoxidable, en 3.0 mm de grosor.</p></section></details><details><summary>Medidas:</summary><section><p>Largo total del collar:</p><p>Collar con cliclock central:  21 pulgadas / 54 cm</p></section></details><details><summary>Garantía</summary><section><div>Garantía por defectos de fábrica. </div><div><strong>Devoluciones</strong></div><div>Se realiza cambio si el producto presenta defecto de fábrica. </div><div>Muy respetuosamente pedimos que, al momento de solicitarnos un producto, tenga las medidas necesarias.</div><div>No se hacen reembolsos, se hacen cambios por productos disponibles, completando el mismo monto cancelado.</div></section></details>",taxable,,,,,,0,0.3,0.0,0.0,0.0,1,,,,"Collares, Collares > Collar Picos, Todos los Productos",,,"https://d2j6dbq0eux0bg.cloudfront.net/images/104219285/4847660726.jpg, https://d2j6dbq0eux0bg.cloudfront.net/images/104219285/4847660731.jpg, https://d2j6dbq0eux0bg.cloudfront.net/images/104219285/4847669504.webp, https://d2j6dbq0eux0bg.cloudfront.net/images/104219285/4847666831.png",,,,,"00009,50026 010 - 50108 014 - 50004 010,50135 010 57,C701,60155",,,,,"Herm Sprenger",Estilo,"ClicLock Central y Sacavueltas, ClicLock Lateral y Sacavueltas",1,0,,,,,,,,,,,,739797357,https://www.specialk9.com/Collar-de-Entrenamiento-3-0mm-acero-inoxidable-p739797357,"Collar de Entrenamiento 3.0mm acero inoxidable","Descripción Collar de Entrenamiento acero inoxidable, en 3.0 mm de grosor. Medidas: Largo total del collar: Collar con cliclock central: 21 pulgadas / 54 cm Garantía Garantía por defectos de fábrica. Devoluciones Se realiza cambio si el producto presenta defecto de fábrica. Muy respetuosamente…"
variation,"50185 55 L",,"Collar de Entrenamiento 3.0mm acero inoxidable - ClicLock Lateral y Sacavueltas",1,,visible,,,taxable,parent,1,0,1,1,0,,,,,,,,47000.00,,,,,,,50185,,,,,,,,Estilo,"ClicLock Lateral y Sacavueltas",1,0,,,,,,,,,,,,739797357,,,
variation,"50185 55 C",,"Collar de Entrenamiento 3.0mm acero inoxidable - ClicLock Central y Sacavueltas",1,,visible,,,taxable,parent,1,0,1,1,0,,,,,,,,45000.00,,,,,,,50185,,,,,,,,Estilo,"ClicLock Central y Sacavueltas",1,0,,,,,,,,,,,,739797357,,,
variable,"60164 - 57",,"Collar de Entrenamiento 3.0mm acero inoxidable negro",1,0,visible,,"<details><summary>Descripción</summary><section><p>Collar de Entrenamiento acero inoxidable, acabado negro en 3.0 mm de grosor.</p></section></details><details><summary>Medidas</summary><section><ul><li>Largo del Collar: 55cm (22"")<br>Tamaño Maximo de cuello: 45cm (18"")</li></ul></section></details><details><summary>Garantía</summary><section><div>Garantía por defectos de fábrica. </div><div><strong>Devoluciones</strong></div><div>Se realiza cambio si el producto presenta defecto de fábrica. </div><div>Muy respetuosamente pedimos que, al momento de solicitarnos un producto, tenga las medidas necesarias.</div><div>No se hacen reembolsos, se hacen cambios por productos disponibles, completando el mismo monto cancelado.</div></section></details>",taxable,,,,,,0,0.3,0.0,0.0,0.0,1,,,,"Collares, Collares > Collar Picos, Todos los Productos",,,"https://d2j6dbq0eux0bg.cloudfront.net/images/104219285/products/740003332/4848930557.png, https://d2j6dbq0eux0bg.cloudfront.net/images/104219285/products/740003332/4847669504.webp, https://d2j6dbq0eux0bg.cloudfront.net/images/104219285/products/740003332/4847666831.png",,,,,"00009,50026 010 - 50108 014 - 50004 010,50135 010 57,C701,60155",,,,,"Herm Sprenger",Estilo,"ClicLock Central y Sacavueltas",1,0,,,,,,,,,,,,740003332,https://www.specialk9.com/Collar-de-Entrenamiento-3-0mm-acero-inoxidable-negro-p740003332,"Collar de Entrenamiento 3.0mm acero inoxidable negro","Descripción Collar de Entrenamiento acero inoxidable, acabado negro en 3.0 mm de grosor. Medidas Largo del Collar: 55cm (22"") Tamaño Maximo de cuello: 45cm (18"") Garantía Garantía por defectos de fábrica. Devoluciones Se realiza cambio si el producto presenta defecto de fábrica. Muy respetuosamente…"
variation,"50181 014 57",,"Collar de Entrenamiento 3.0mm acero inoxidable negro - ClicLock Central y Sacavueltas",1,,visible,,,taxable,parent,1,1,1,1,0,,,,,,,,51000.00,,,,,,,"60164 - 57",,,,,,,,Estilo,"ClicLock Central y Sacavueltas",1,0,,,,,,,,,,,,740003332,,,
variable,"50026 010 - 50108 014 - 50004 010",,"Collar de Entrenamiento 3.2mm acero inoxidable",1,0,visible,,"<details><summary>Descripción</summary><section><p>Collar de Entrenamiento acero inoxidable en 3.2mm de grosor.</p></section></details><details><summary>Medidas</summary><section><p>Largo total del collar</p><p>- Con Cliclock: 57cm / 22.5""</p></section></details><details><summary>Garantía</summary><section><div>Garantía por defectos de fábrica. </div><div><strong>Devoluciones</strong></div><div>Se realiza cambio si el producto presenta defecto de fábrica. </div><div>Muy respetuosamente pedimos que, al momento de solicitarnos un producto, tenga las medidas necesarias.</div><div>No se hacen reembolsos, se hacen cambios por productos disponibles, completando el mismo monto cancelado.</div></section></details><p><br></p>",taxable,,,,,,0,0.0,0.0,0.0,0.0,1,,,,"Collares, Collares > Collar Picos, Todos los Productos",,,"https://d2j6dbq0eux0bg.cloudfront.net/images/104219285/4541982423.jpg, https://d2j6dbq0eux0bg.cloudfront.net/images/104219285/4573727094.jpg, https://d2j6dbq0eux0bg.cloudfront.net/images/104219285/4573727099.jpg, https://d2j6dbq0eux0bg.cloudfront.net/images/104219285/4573727106.jpg, https://d2j6dbq0eux0bg.cloudfront.net/images/104219285/4573727320.jpg, https://d2j6dbq0eux0bg.cloudfront.net/images/104219285/4573727325.jpg, https://d2j6dbq0eux0bg.cloudfront.net/images/104219285/4573727396.jpg, https://d2j6dbq0eux0bg.cloudfront.net/images/104219285/4573727203.jpg",,,,,"00009,50135 010 57,C701,60155,50045 010 57",,,,,"Herm Sprenger",Estilo,"Con anillo vivo y ClicLock, Con ClicLock, Con anillo, Con sacavueltas y cliclock",1,0,,,,,,,,,,,,695890332,https://www.specialk9.com/Collar-de-Entrenamiento-3-2mm-acero-inoxidable-p695890332,"Collar de Entrenamiento 3.2mm acero inoxidable","Descripción Collar de Entrenamiento acero inoxidable en 3.2mm de grosor. Medidas Largo total del collar - Con Cliclock: 57cm / 22.5"" Garantía Garantía por defectos de fábrica. Devoluciones Se realiza cambio si el producto presenta defecto de fábrica. Muy respetuosamente pedimos que, al momento de…"
variation,"50101 010 55",,"Collar de Entrenamiento 3.2mm acero inoxidable - Con sacavueltas y cliclock",1,,visible,,,taxable,parent,0,0,1,0,0,,,,,,,,53000.00,,,,,,,"50026 010 - 50108 014 - 50004 010",,,,,,,,Estilo,"Con sacavueltas y cliclock",1,0,,,,,,,,,,,,695890332,,,
variation,"50004 010 55",,"Collar de Entrenamiento 3.2mm acero inoxidable - Con anillo",1,,visible,,,taxable,parent,1,0,1,1,0,,,,,,,,48500.00,,,,,,,"50026 010 - 50108 014 - 50004 010",,,,,,,,Estilo,"Con anillo",1,0,,,,,,,,,,,,695890332,,,
variation,"50108 014 55",,"Collar de Entrenamiento 3.2mm acero inoxidable - Con ClicLock",1,,visible,,,taxable,parent,1,0,1,1,0,,,,,,,,46000.00,,,,,,,"50026 010 - 50108 014 - 50004 010",,,,,,,,Estilo,"Con ClicLock",1,0,,,,,,,,,,,,695890332,,,
variation,"50026 010 55",,"Collar de Entrenamiento 3.2mm acero inoxidable - Con anillo vivo y ClicLock",1,,visible,,,taxable,parent,1,0,1,1,0,,,,,,,,49700.00,,,,,,,"50026 010 - 50108 014 - 50004 010",,,,,,,,Estilo,"Con anillo vivo y ClicLock",1,0,,,,,,,,,,,,695890332,,,
simple,"50101 010 67","50101 010 67","Collar de Entrenamiento 3.2mm con Cliclock - Curogan",1,0,visible,,"<details><summary>Descripción</summary><section><p>Collar de Entrenamiento material curogan en 3.2mm de grosor.<br>Medida: 23"" / 58cm de largo. </p></section></details><details><summary>Garantía</summary><section><div>Garantía por defectos de fábrica. </div><div><strong>Devoluciones</strong></div><div>Se realiza cambio si el producto presenta defecto de fábrica. </div><div>Muy respetuosamente pedimos que, al momento de solicitarnos un producto, tenga las medidas necesarias.</div><div>No se hacen reembolsos, se hacen cambios por productos disponibles, completando el mismo monto cancelado.</div></section></details>",taxable,,0,0,1,0,0,0.3,0.0,0.0,0.0,1,,,56000.00,"Collares, Collares > Collar Picos, Todos los Productos",,,https://d2j6dbq0eux0bg.cloudfront.net/images/104219285/5160571447.png,,,,,"00009,50026 010 - 50108 014 - 50004 010,50135 010 57,C701,60155",,,,,"Herm Sprenger",,,,,,,,,,,,,,,,780703631,https://www.specialk9.com/Collar-de-Entrenamiento-3-2mm-con-Cliclock-Curogan-p780703631,"Collar de Entrenamiento 3.2mm con Cliclock - Curogan","Descripción Collar de Entrenamiento material curogan en 3.2mm de grosor. Medida: 23"" / 58cm de largo. Garantía Garantía por defectos de fábrica. Devoluciones Se realiza cambio si el producto presenta defecto de fábrica. Muy respetuosamente pedimos que, al momento de solicitarnos un producto, tenga…"
simple,"50045 010 57",20-Apr-22,"Collar de Entrenamiento 4mm acero inoxidable Negro",1,0,visible,,"<details><summary>Descripción</summary><section><p>Collar de Entrenamiento acero inoxidable, acabado negro en 4mm de grosor, con anillo.</p></section></details><details><summary>Medida</summary><section><p>Medida: 63.5 cm / 25""</p></section></details><details><summary>Garantía</summary><section><div>Garantía por defectos de fábrica. <strong>Devoluciones</strong></div><div>Se realiza cambio si el producto presenta defecto de fábrica. </div><div>Muy respetuosamente pedimos que, al momento de solicitarnos un producto, tenga las medidas necesarias.</div><div>No se hacen reembolsos, se hacen cambios por productos disponibles, completando el mismo monto cancelado.</div></section></details>",taxable,,1,2,1,0,0,0.4,0.0,0.0,0.0,1,,,59000.00,"Collares, Collares > Collar Picos, Todos los Productos",,,"https://d2j6dbq0eux0bg.cloudfront.net/images/104219285/products/695885318/4541977373.jpg, https://d2j6dbq0eux0bg.cloudfront.net/images/104219285/products/695885318/4573757029.jpg, https://d2j6dbq0eux0bg.cloudfront.net/images/104219285/products/695885318/4573753900.jpg",,,,,"00009,50026 010 - 50108 014 - 50004 010,50135 010 57,C701,60155",,,,,"Herm Sprenger",,,,,,,,,,,,,,,,695885318,https://www.specialk9.com/Collar-de-Entrenamiento-4mm-acero-inoxidable-Negro-p695885318,"Collar de Entrenamiento 4mm acero inoxidable","Descripción Collar de Entrenamiento acero inoxidable, acabado negro en 4mm de grosor, con anillo. Medida Medida: 63.5 cm / 25"" Garantía Garantía por defectos de fábrica. Devoluciones Se realiza cambio si el producto presenta defecto de fábrica. Muy respetuosamente pedimos que, al momento de…"
variable,60221,,"Collar de entrenamiento con ClicLock 3.2mm acero inoxidable negro",1,0,visible,,"<details><summary>Descripción</summary><section><p>Collar de Entrenamiento acero inoxidable, acabado negro en 3.2mm de grosor con ClicLock</p></section></details><details><summary>Garantía</summary><section><div>Garantía por defectos de fábrica. </div><div><strong>Devoluciones</strong></div><div>Se realiza cambio si el producto presenta defecto de fábrica. </div><div>Muy respetuosamente pedimos que, al momento de solicitarnos un producto, tenga las medidas necesarias.</div><div>No se hacen reembolsos, se hacen cambios por productos disponibles, completando el mismo monto cancelado.</div></section></details>",taxable,,,,,,0,0.3,0.0,0.0,0.0,1,,,,"Collares, Collares > Collar Picos, Todos los Productos",,,"https://d2j6dbq0eux0bg.cloudfront.net/images/104219285/products/795071615/5359590016.png, https://d2j6dbq0eux0bg.cloudfront.net/images/104219285/products/795071615/4759578555.png, https://d2j6dbq0eux0bg.cloudfront.net/images/104219285/products/795071615/4573732564.jpg, https://d2j6dbq0eux0bg.cloudfront.net/images/104219285/products/795071615/4573731272.jpg, https://d2j6dbq0eux0bg.cloudfront.net/images/104219285/products/795071615/4573732594.png",,,,,"00009,50026 010 - 50108 014 - 50004 010,50135 010 57,C701,60155",,,,,"Herm Sprenger",Estilo,"ClicLock Centro, ClicLock Lado",1,0,,,,,,,,,,,,795071615,https://www.specialk9.com/Collar-de-entrenamiento-con-ClicLock-3-2mm-acero-inoxidable-negro-p795071615,"Collar de entrenamiento con ClicLock 3.2mm acero inoxidable negro","Descripción Collar de Entrenamiento acero inoxidable, acabado negro en 3.2mm de grosor con ClicLock Garantía Garantía por defectos de fábrica. Devoluciones Se realiza cambio si el producto presenta defecto de fábrica. Muy respetuosamente pedimos que, al momento de solicitarnos un producto, tenga las…"
variation,"50122 009 57",,"Collar de entrenamiento con ClicLock 3.2mm acero inoxidable negro - ClicLock Lado",1,,visible,,,taxable,parent,1,1,1,1,0,,,,,,,,57000.00,,,,,,,60221,,,,,,,,Estilo,"ClicLock Lado",1,0,,,,,,,,,,,,795071615,,,
variation,5010101057,,"Collar de entrenamiento con ClicLock 3.2mm acero inoxidable negro - ClicLock Centro",1,,visible,,,taxable,parent,1,-1,1,1,0,,,,,,,,55000.00,,,,,,,60221,,,,,,,,Estilo,"ClicLock Centro",1,0,,,,,,,,,,,,795071615,,,
simple,5020102002,,"Collar de Eslabón Retorcido Acero Cromado 1.35mm",1,1,visible,,"<p>Collar de cadena para perro que combina uso decorativo y funcional para entrenamiento. Sus eslabones cortos permiten un deslizamiento suave a través del aro, ideal para razas de pelo corto.</p><p><strong>Recomendación de talla:</strong> elegir una medida aproximadamente <strong>3” (7.6 cm)</strong> mayor que el contorno real del cuello del perro.</p>",taxable,,0,0,1,0,0,0.0,0.0,0.0,0.0,1,,,21500.00,"Collares, Collares > Collar Eslabón, Todos los Productos",,,https://d2j6dbq0eux0bg.cloudfront.net/images/104219285/products/829310410/5707520957.webp,,,,,,,,,54,,,,,,,,,,,,,,,,,829310410,https://www.specialk9.com/Collar-de-Eslabon-Retorcido-Acero-Cromado-1-35mm-p829310410,"Collar de Eslabón Retorcido Acero Cromado 1.35mm","Collar de cadena para perro que combina uso decorativo y funcional para entrenamiento. Sus eslabones cortos permiten un deslizamiento suave a través del aro, ideal para razas de pelo corto. Recomendación de talla: elegir una medida aproximadamente 3” (7.6 cm) mayor que el contorno real del cuello…"
variable,51508,,"Collar de exhibición acero inoxidable 3mm",1,0,visible,,"<details><summary>Descripción</summary><section><p>Collar de Exhibición acero inoxidable en 3mm.</p></section></details><details><summary>Garantía</summary><section><p>Garantía por defectos de fábrica. Cortes y golpes no serán contemplados dentro de la garantía.</p><p><strong></strong><strong>Devoluciones<br></strong>Se realiza cambio si el producto presenta defecto de fábrica.</p><p>Muy respetuosamente pedimos que, al momento de solicitarnos un producto, tenga las medidas necesarias.</p><p>No se hacen reembolsos, se hacen cambios por productos disponibles, completando el mismo monto cancelado.<br></p></section></details>",taxable,,,,,,0,0.12,0.0,0.0,0.0,1,,,,"Collares > Collar Eslabón, Obediencia, Todos los Productos",,,https://d2j6dbq0eux0bg.cloudfront.net/images/104219285/4555726007.png,,,,,"51541 57,60155,51112 57,225CG,50135 010 57",,,,,"Herm Sprenger",Tamaño,"22"", 25""",1,0,,,,,,,,,,,,698065029,https://www.specialk9.com/Collar-de-exhibicion-acero-inoxidable-3mm-p698065029,"Collar de exhibición acero inoxidable 3mm","Descripción Collar de Exhibición acero inoxidable en 3mm. Garantía Garantía por defectos de fábrica. Cortes y golpes no serán contemplados dentro de la garantía. Devoluciones Se realiza cambio si el producto presenta defecto de fábrica. Muy respetuosamente pedimos que, al momento de solicitarnos un…"
variation,"51508 064 55",,"Collar de exhibición acero inoxidable 3mm - 25""",1,,visible,,,taxable,parent,1,1,1,1,0,,,,,,,,45000.00,,,,,,,51508,,,,,,,,Tamaño,"25""",1,0,,,,,,,,,,,,698065029,,,
variation,"51508 056 55",,"Collar de exhibición acero inoxidable 3mm - 22""",1,,visible,,,taxable,parent,1,1,1,1,0,,,,,,,,43000.00,,,,,,,51508,,,,,,,,Tamaño,"22""",1,0,,,,,,,,,,,,698065029,,,
variable,C05,,"Collar de Identificación",1,0,visible,,"<details><summary>Descripción</summary><section><p>Hecho de nailon tubular de especificaciones militares de 1"" de ancho</p><p>Cuenta con una hebilla de plástico de liberación rápida.<br>Espaciador deslizante de metal y anillo en D de 1""<br></p></section></details><details><summary>Medidas</summary><section><p>Ancho: 1"" de ancho</p><p>Largo: Ajustable de 16"" a 23"" de largo.</p></section></details><details><summary>Garantía</summary><section><div>Garantía por defectos de fábrica. Cortes y golpes no serán contemplados dentro de la garantía.</div><div><strong>Devoluciones</strong></div><div>Se realiza cambio si el producto presenta defecto de fábrica. </div><div>Muy respetuosamente pedimos que, al momento de solicitarnos un producto, tenga las medidas necesarias.</div><div>No se hacen reembolsos, se hacen cambios por productos disponibles, completando el mismo monto cancelado..</div></section></details>",taxable,,,,,,0,0.07,0.0,0.0,0.0,1,,,,"Collares > Collar Nylon, Todos los Productos",,,"https://d2j6dbq0eux0bg.cloudfront.net/images/104219285/products/697534911/4553258727.jpg, https://d2j6dbq0eux0bg.cloudfront.net/images/104219285/products/697534911/4553262527.jpg",,,,,"225CG,51506,220CG,50135 010 57,BBV",,,,,"Elite K9",Color,"Coyote, Negro",1,0,,,,,,,,,,,,697534911,https://www.specialk9.com/Collar-de-Identificacion-p697534911,"Collar de Identificación","Descripción Hecho de nailon tubular de especificaciones militares de 1"" de ancho Cuenta con una hebilla de plástico de liberación rápida. Espaciador deslizante de metal y anillo en D de 1"" Medidas Ancho: 1"" de ancho Largo: Ajustable de 16"" a 23"" de largo. Garantía Garantía por defectos de fábrica.…"
variation,C051,,"Collar de Identificación - Coyote",1,,visible,,,taxable,parent,1,1,1,1,0,,,,,,,,20300.00,,,,,,,C05,,,,,,,,Color,Coyote,1,0,,,,,,,,,,,,697534911,,,
variation,C050,,"Collar de Identificación - Negro",1,,visible,,,taxable,parent,1,1,1,1,0,,,,,,,,20300.00,,,,,,,C05,,,,,,,,Color,Negro,1,0,,,,,,,,,,,,697534911,,,
variable,51506,,"Collar Eslabón Largo plano acero inoxidable 3mm",1,0,visible,,"<details><summary>Descripción</summary><section><p>Collar Eslabón plano acero inoxidable en 3mm de grosor</p><p>Eslabón largo.</p></section></details><details><summary>Garantía</summary><section><div>Garantía por defectos de fábrica. Cortes y golpes no serán contemplados dentro de la garantía.</div><div><strong>Devoluciones</strong></div><div>Se realiza cambio si el producto presenta defecto de fábrica. </div><div>Muy respetuosamente pedimos que, al momento de solicitarnos un producto, tenga las medidas necesarias.</div><div>No se hacen reembolsos, se hacen cambios por productos disponibles, completando el mismo monto cancelado.</div></section></details>",taxable,,,,,,0,0.11,0.0,0.0,0.0,1,,,,"Collares > Collar Eslabón, Obediencia, Todos los Productos",,,https://d2j6dbq0eux0bg.cloudfront.net/images/104219285/products/698029386/4555726178.jpg,,,,,"51508,N103H,51541 57,50135 010 57,51112 57",,,,,"Herm Sprenger",Tamaño,"18"", 20"", 22"", 24.5"", 26""",1,0,,,,,,,,,,,,698029386,https://www.specialk9.com/Collar-Eslabon-Largo-plano-acero-inoxidable-3mm-p698029386,"Collar Eslabón Largo plano acero inoxidable 3mm","Descripción Collar Eslabón plano acero inoxidable en 3mm de grosor Eslabón largo. Garantía Garantía por defectos de fábrica. Cortes y golpes no serán contemplados dentro de la garantía. Devoluciones Se realiza cambio si el producto presenta defecto de fábrica. Muy respetuosamente pedimos que, al…"
variation,"51506 046 55",,"Collar Eslabón Largo plano acero inoxidable 3mm - 18""",1,,visible,,,taxable,parent,1,0,1,1,0,,,,,,,,21500.00,,,,,,,51506,,,,,,,,Tamaño,"18""",1,0,,,,,,,,,,,,698029386,,,
variation,"51506 050 55",,"Collar Eslabón Largo plano acero inoxidable 3mm - 20""",1,,visible,,,taxable,parent,1,0,1,1,0,,,,,,,,22500.00,,,,,,,51506,,,,,,,,Tamaño,"20""",1,0,,,,,,,,,,,,698029386,,,
variation,"51506 057 55",,"Collar Eslabón Largo plano acero inoxidable 3mm - 22""",1,,visible,,,taxable,parent,1,0,1,1,0,,,,,,,,23500.00,,,,,,,51506,,,,,,,,Tamaño,"22""",1,0,,,,,,,,,,,,698029386,,,
variation,"51506 061 55",,"Collar Eslabón Largo plano acero inoxidable 3mm - 24.5""",1,,visible,,,taxable,parent,1,1,1,1,0,,,,,,,,24500.00,,,,,,,51506,,,,,,,,Tamaño,"24.5""",1,0,,,,,,,,,,,,698029386,,,
variation,"51506 065 55",,"Collar Eslabón Largo plano acero inoxidable 3mm - 26""",1,,visible,,,taxable,parent,1,1,1,1,0,,,,,,,,25500.00,,,,,,,51506,,,,,,,,Tamaño,"26""",1,0,,,,,,,,,,,,698029386,,,
variable,"51441 - 55",,"Collar Eslabón plano acero inoxidable - 2mm",1,0,visible,,"<details><summary>Descripción</summary><section><p>Collar Acero Inoxidable, grosor de 2.0mm. </p></section></details><details><summary>Garantía</summary><section><div>Garantía por defectos de fábrica. Cortes y golpes no serán contemplados dentro de la garantía.</div><div><strong>Devoluciones</strong></div><div>Se realiza cambio si el producto presenta defecto de fábrica. </div><div>Muy respetuosamente pedimos que, al momento de solicitarnos un producto, tenga las medidas necesarias.</div><div>No se hacen reembolsos, se hacen cambios por productos disponibles, completando el mismo monto cancelado.</div></section></details><p><br></p>",taxable,,,,,,0,0.11,0.0,0.0,0.0,1,,,,"Collares > Collar Eslabón, Obediencia, Todos los Productos",,,"https://d2j6dbq0eux0bg.cloudfront.net/images/104219285/4847572629.jpg, https://d2j6dbq0eux0bg.cloudfront.net/images/104219285/4847574431.jpg",,,,,"51663 06 55,IDC,51508,C05,50135 010 57",,,,,"Herm Sprenger",Tamaño,"12"", 15""",1,0,,,,,,,,,,,,739771215,https://www.specialk9.com/Collar-Eslabon-plano-acero-inoxidable-2mm-p739771215,"Collar Eslabón plano acero inoxidable - 2mm","Descripción Collar Acero Inoxidable, grosor de 2.0mm. Garantía Garantía por defectos de fábrica. Cortes y golpes no serán contemplados dentro de la garantía. Devoluciones Se realiza cambio si el producto presenta defecto de fábrica. Muy respetuosamente pedimos que, al momento de solicitarnos un…"
variation,"51441 038 55",,"Collar Eslabón plano acero inoxidable - 2mm - 15""",1,,visible,,,taxable,parent,1,0,1,1,0,,,,,,,,17500.00,,,,,,,"51441 - 55",,,,,,,,Tamaño,"15""",1,0,,,,,,,,,,,,739771215,,,
variation,"51441 030 55",,"Collar Eslabón plano acero inoxidable - 2mm - 12""",1,,visible,,,taxable,parent,1,1,1,1,0,,,,,,,,16500.00,,,,,,,"51441 - 55",,,,,,,,Tamaño,"12""",1,0,,,,,,,,,,,,739771215,,,
variable,51541,,"Collar Eslabón Plano Acero Inoxidable 3mm",1,0,visible,,"<details><summary>Descripción</summary><section><p>Collar de Eslabón plano acero inoxidable 3mm</p><p>Eslabón Corto</p></section></details><details><summary>Garantía</summary><section><div>Garantía por defectos de fábrica. Cortes y golpes no serán contemplados dentro de la garantía.</div><div><strong>Devoluciones</strong></div><div>Se realiza cambio si el producto presenta defecto de fábrica. </div><div>Muy respetuosamente pedimos que, al momento de solicitarnos un producto, tenga las medidas necesarias.</div><div>No se hacen reembolsos, se hacen cambios por productos disponibles, completando el mismo monto cancelado.</div></section></details><p><br></p>",taxable,,,,,,0,0.12,0.0,0.0,0.0,1,,,,"Collares > Collar Eslabón, Obediencia, Todos los Productos",,,https://d2j6dbq0eux0bg.cloudfront.net/images/104219285/4555726075.jpg,,,,,"59440 002 77,51506,50135 010 57,51112 57,51541 57",,,,,"Herm Sprenger",Tamaño,"17"", 19.5"", 21.25""",1,0,,,,,,,,,,,,698029374,https://www.specialk9.com/Collar-Eslabon-Plano-Acero-Inoxidable-3mm-p698029374,"Collar Eslabón Plano Acero Inoxidable 3mm","Descripción Collar de Eslabón plano acero inoxidable 3mm Eslabón Corto Garantía Garantía por defectos de fábrica. Cortes y golpes no serán contemplados dentro de la garantía. Devoluciones Se realiza cambio si el producto presenta defecto de fábrica. Muy respetuosamente pedimos que, al momento de…"
variation,"51541 054 55 C100 22",,"Collar Eslabón Plano Acero Inoxidable 3mm - 21.25""",1,,visible,,,taxable,parent,1,0,1,1,0,,,,,,,,28000.00,,,,,,,51541,,,,,,,,Tamaño,"21.25""",1,0,,,,,,,,,,,,698029374,,,
variation,"51545 050 55 C100 20",,"Collar Eslabón Plano Acero Inoxidable 3mm - 19.5""",1,,visible,,,taxable,parent,1,4,1,1,0,,,,,,,,25000.00,,,,,,,51541,,,,,,,,Tamaño,"19.5""",1,0,,,,,,,,,,,,698029374,,,
variation,"51541 044 55 C100 17",,"Collar Eslabón Plano Acero Inoxidable 3mm - 17""",1,,visible,,,taxable,parent,1,5,1,1,0,,,,,,,,24000.00,,,,,,,51541,,,,,,,,Tamaño,"17""",1,0,,,,,,,,,,,,698029374,,,
variable,"51663 06 55",,"Collar Eslabón plano acero inoxidable 4mm",1,0,visible,,"<details open=""""><summary>Descripción</summary><section><p>Collar Eslabón plano acero inoxidable en 4mm de grosor</p><p>Eslabón largo</p></section></details><details><summary>Garantía</summary><section><div>Garantía por defectos de fábrica. Cortes y golpes no serán contemplados dentro de la garantía.</div><div><strong>Devoluciones</strong></div><div>Se realiza cambio si el producto presenta defecto de fábrica.</div><div>Muy respetuosamente pedimos que, al momento de solicitarnos un producto, tenga las medidas necesarias.</div><div>No se hacen reembolsos, se hacen cambios por productos disponibles, completando el mismo monto cancelado.</div></section></details><p><br></p>",taxable,,,,,,0,0.2,0.0,0.0,0.0,1,,,,"Collares > Collar Eslabón, Obediencia, Todos los Productos",,,https://d2j6dbq0eux0bg.cloudfront.net/images/104219285/products/698065032/4555722138.jpg,,,,,"51541,220CG,51508,50135 010 57,225CG",,,,,"Herm Sprenger",Tamaño,"25"", 23"", 21.5""",1,0,,,,,,,,,,,,698065032,https://www.specialk9.com/Collar-Eslabon-plano-acero-inoxidable-4mm-p698065032,"Collar Eslabón plano acero inoxidable 4mm","Descripción Collar Eslabón plano acero inoxidable en 4mm de grosor Eslabón largo Garantía Garantía por defectos de fábrica. Cortes y golpes no serán contemplados dentro de la garantía. Devoluciones Se realiza cambio si el producto presenta defecto de fábrica. Muy respetuosamente pedimos que, al…"
variation,"51663 060 55",,"Collar Eslabón plano acero inoxidable 4mm - 21.5""",1,,visible,,,taxable,parent,1,0,1,1,0,,,,,,,,33800.00,,,,,,,"51663 06 55",,,,,,,,Tamaño,"21.5""",1,0,,,,,,,,,,,,698065032,,,
variation,5160405855,,"Collar Eslabón plano acero inoxidable 4mm - 23""",1,,visible,,,taxable,parent,1,0,1,1,0,,,,,,,,33800.00,,,,,,,"51663 06 55",,,,,,,,Tamaño,"23""",1,0,,,,,,,,,,,,698065032,,,
variation,"51663 063 55",,"Collar Eslabón plano acero inoxidable 4mm - 25""",1,,visible,,,taxable,parent,1,9,1,1,0,,,,,,,,33800.00,,,,,,,"51663 06 55",,,,,,,,Tamaño,"25""",1,0,,,,,,,,,,,,698065032,,,
variable,51604,,"Collar Eslabón Plano Acero Inoxidable 4mm",1,0,visible,,"<details open=""""><summary>Descripción</summary><section><p>Collar de Eslabón plano en 4mm de grosor.<br>Material Acero inoxidable</p></section></details><details><summary>Garantía</summary><section><div>Garantía por defectos de fábrica. Cortes y golpes no serán contemplados dentro de la garantía.</div><div><strong>Devoluciones</strong></div><div>Se realiza cambio si el producto presenta defecto de fábrica. </div><div>Muy respetuosamente pedimos que, al momento de solicitarnos un producto, tenga las medidas necesarias.</div><div>No se hacen reembolsos, se hacen cambios por productos disponibles, completando el mismo monto cancelado.</div></section></details><p><br></p>",taxable,,,,,,0,0.2,0.0,0.0,0.0,1,,,,"Collares > Collar Eslabón, Obediencia, Todos los Productos",,,https://d2j6dbq0eux0bg.cloudfront.net/images/104219285/products/698029390/4555734649.jpg,,,,,"51663,00011,50045 010 57,220CG,N103H",,,,,"Herm Sprenger",Tamaño,"25"", 23"", 21",1,0,,,,,,,,,,,,698029390,https://www.specialk9.com/Collar-Eslabon-Plano-Acero-Inoxidable-4mm-p698029390,"Collar Eslabón Plano Acero Inoxidable 4mm","Descripción Collar de Eslabón plano en 4mm de grosor. Material Acero inoxidable Garantía Garantía por defectos de fábrica. Cortes y golpes no serán contemplados dentro de la garantía. Devoluciones Se realiza cambio si el producto presenta defecto de fábrica. Muy respetuosamente pedimos que, al…"
variation,"51604 054 55",,"Collar Eslabón Plano Acero Inoxidable 4mm - 21",1,,visible,,,taxable,parent,1,2,1,1,0,,,,,,,,37200.00,,,,,,,51604,,,,,,,,Tamaño,21,1,0,,,,,,,,,,,,698029390,,,
variation,"51604 058 55",,"Collar Eslabón Plano Acero Inoxidable 4mm - 23""",1,,visible,,,taxable,parent,1,2,1,1,0,,,,,,,,39200.00,,,,,,,51604,,,,,,,,Tamaño,"23""",1,0,,,,,,,,,,,,698029390,,,
variation,"51604 063 55",,"Collar Eslabón Plano Acero Inoxidable 4mm - 25""",1,,visible,,,taxable,parent,1,0,1,1,0,,,,,,,,41200.00,,,,,,,51604,,,,,,,,Tamaño,"25""",1,0,,,,,,,,,,,,698029390,,,
variable,51441,,"Collar Eslabón plano acero inoxidable negro - 2mm",1,0,visible,,"<details><summary>Descripción</summary><section><p>Collar Acero Inoxidable, acabado negro, grosor de 2.0mm. </p></section></details><details><summary>Garantía</summary><section><div>Garantía por defectos de fábrica. Cortes y golpes no serán contemplados dentro de la garantía.</div><div><strong>Devoluciones</strong></div><div>Se realiza cambio si el producto presenta defecto de fábrica. </div><div>Muy respetuosamente pedimos que, al momento de solicitarnos un producto, tenga las medidas necesarias.</div><div>No se hacen reembolsos, se hacen cambios por productos disponibles, completando el mismo monto cancelado.</div></section></details><p><br></p>",taxable,,,,,,0,0.11,0.0,0.0,0.0,1,,,,"Collares > Collar Eslabón, Obediencia, Todos los Productos",,,https://d2j6dbq0eux0bg.cloudfront.net/images/104219285/4565950041.jpg,,,,,"51663 06 55,IDC,51508,C05,50135 010 57",,,,,"Herm Sprenger",Tamaño,"12"", 13.5""",1,0,,,,,,,,,,,,739585082,https://www.specialk9.com/Collar-Eslabon-plano-acero-inoxidable-negro-2mm-p739585082,"Collar Eslabón plano acero inoxidable negro - 2mm","Descripción Collar Acero Inoxidable, acabado negro, grosor de 2.0mm. Garantía Garantía por defectos de fábrica. Cortes y golpes no serán contemplados dentro de la garantía. Devoluciones Se realiza cambio si el producto presenta defecto de fábrica. Muy respetuosamente pedimos que, al momento de…"
variation,"51441 034 57",,"Collar Eslabón plano acero inoxidable negro - 2mm - 13.5""",1,,visible,,,taxable,parent,1,1,1,1,0,,,,,,,,18000.00,,,,,,,51441,,,,,,,,Tamaño,"13.5""",1,0,,,,,,,,,,,,739585082,,,
variation,"51441 030 57",,"Collar Eslabón plano acero inoxidable negro - 2mm - 12""",1,,visible,,,taxable,parent,1,1,1,1,0,,,,,,,,17000.00,,,,,,,51441,,,,,,,,Tamaño,"12""",1,0,,,,,,,,,,,,739585082,,,
variable,"51541 57",,"Collar Eslabón plano acero inoxidable negro - 3mm",1,0,visible,,"<details><summary>Descripción</summary><section><p>Collar Acero Inoxidable, acabado negro, grosor de 3.0mm. </p></section></details><details><summary>Garantía</summary><section><div>Garantía por defectos de fábrica. Cortes y golpes no serán contemplados dentro de la garantía.</div><div><strong>Devoluciones</strong></div><div>Se realiza cambio si el producto presenta defecto de fábrica. </div><div>Muy respetuosamente pedimos que, al momento de solicitarnos un producto, tenga las medidas necesarias.</div><div>No se hacen reembolsos, se hacen cambios por productos disponibles, completando el mismo monto cancelado.</div></section></details><p><br></p>",taxable,,,,,,0,0.11,0.0,0.0,0.0,1,,,,"Collares > Collar Eslabón, Obediencia, Todos los Productos",,,https://d2j6dbq0eux0bg.cloudfront.net/images/104219285/4565950041.jpg,,,,,"51663 06 55,IDC,51508,C05,50135 010 57",,,,,"Herm Sprenger",Tamaño,"17"", 20"", 22"", 24""",1,0,,,,,,,,,,,,698045593,https://www.specialk9.com/Collar-Eslabon-plano-acero-inoxidable-negro-3mm-p698045593,"Collar Eslabón plano acero inoxidable negro - 3mm","Descripción Collar Acero Inoxidable, acabado negro, grosor de 3.0mm. Garantía Garantía por defectos de fábrica. Cortes y golpes no serán contemplados dentro de la garantía. Devoluciones Se realiza cambio si el producto presenta defecto de fábrica. Muy respetuosamente pedimos que, al momento de…"
variation,"51541 060 57",,"Collar Eslabón plano acero inoxidable negro - 3mm - 24""",1,,visible,,,taxable,parent,1,10,1,1,0,,,,,,,,31000.00,,,,,,,"51541 57",,,,,,,,Tamaño,"24""",1,0,,,,,,,,,,,,698045593,,,
variation,"51541 054 57",,"Collar Eslabón plano acero inoxidable negro - 3mm - 22""",1,,visible,,,taxable,parent,1,14,1,1,0,,,,,,,,29500.00,,,,,,,"51541 57",,,,,,,,Tamaño,"22""",1,0,,,,,,,,,,,,698045593,,,
variation,"51541 049 57",,"Collar Eslabón plano acero inoxidable negro - 3mm - 20""",1,,visible,,,taxable,parent,1,6,1,1,0,,,,,,,,28500.00,,,,,,,"51541 57",,,,,,,,Tamaño,"20""",1,0,,,,,,,,,,,,698045593,,,
variation,"51541 044 57",,"Collar Eslabón plano acero inoxidable negro - 3mm - 17""",1,,visible,,,taxable,parent,1,2,1,1,0,,,,,,,,27500.00,,,,,,,"51541 57",,,,,,,,Tamaño,"17""",1,0,,,,,,,,,,,,698045593,,,
variable,51641,,"Collar Eslabón plano acero inoxidable negro 4 mm",1,0,visible,,"<details><summary>Descripción</summary><section><p>Collar Fur Saver Herm Sprenger®</p><p>Acero Inoxidable, acabado negro, grosor de 4.0mm</p></section></details><details><summary>Garantía</summary><section><div>Garantía por defectos de fábrica. Cortes y golpes no serán contemplados dentro de la garantía.</div><div><strong>Devoluciones</strong></div><div>Se realiza cambio si el producto presenta defecto de fábrica.</div><div>Muy respetuosamente pedimos que, al momento de solicitarnos un producto, tenga las medidas necesarias.</div><div>No se hacen reembolsos, se hacen cambios por productos disponibles, completando el mismo monto cancelado.</div></section></details><p><br></p>",taxable,,,,,,0,0.0,0.0,0.0,0.0,1,,,,"Collares > Collar Eslabón, Obediencia, Todos los Productos",,,https://d2j6dbq0eux0bg.cloudfront.net/images/104219285/products/698029392/4555734749.jpg,,,,,,,,,,"Herm Sprenger",Tamaño,"20""",1,0,,,,,,,,,,,,698029392,https://www.specialk9.com/Collar-Eslabon-plano-acero-inoxidable-negro-4-mm-p698029392,"Collar Eslabón plano acero inoxidable negro 4 mm","Descripción Collar Fur Saver Herm Sprenger® Acero Inoxidable, acabado negro, grosor de 4.0mm Garantía Garantía por defectos de fábrica. Cortes y golpes no serán contemplados dentro de la garantía. Devoluciones Se realiza cambio si el producto presenta defecto de fábrica. Muy respetuosamente pedimos…"
variation,"51641 051 57",,"Collar Eslabón plano acero inoxidable negro 4 mm - 20""",1,,visible,,,taxable,parent,1,0,1,1,0,,,,,,,,33000.00,,,,,,,51641,,,,,,,,Tamaño,"20""",1,0,,,,,,,,,,,,698029392,,,
variable,516630,,"Collar Eslabón Plano Acero Inoxidable Negro - 4mm",-1,1,hidden,,"<details><summary>Descripción</summary><section><p>Collar de entrenamiento tipo cadena fabricado por Herm Sprenger en Alemania, diseñado con eslabones largos que permiten un deslizamiento suave y uniforme a través de las anillas mientras reducen el desgaste y la rotura del pelaje. Su diseño lo convierte en una excelente opción para perros de pelo largo, fino o de doble capa, aunque es apto para cualquier tipo de manto.</p><div>Fabricado en acero inoxidable negro de alta calidad, ofrece una excelente resistencia a la corrosión, humedad y ambientes costeros, siendo adecuado para uso diario, entrenamiento y trabajo profesional en cualquier condición climática. El acabado negro se obtiene mediante un proceso de tratamiento superficial que proporciona una apariencia discreta y elegante, desarrollando con el uso una pátina característica propia del desgaste natural del material.</div></section></details><details><summary>Especificaciones técnicas<br></summary><section><div>- Marca: Herm Sprenger</div><div>- Modelo: Collar Eslabón Plano Largo</div><div>- Tipo de producto: Collar de entrenamiento tipo cadena</div><div>- Material: Acero inoxidable negro</div><div>- Calibre del alambre: 4 mm</div><div>- Tipo de eslabón: Plano Largo</div><div>- Anillas metálicas: 2</div><div>- Compatible con limitador de tensión mediante anilla adicional</div><div>- Adecuado para pelo corto, medio y largo</div><div>- Resistente a la corrosión y ambientes húmedos</div><div>- Fabricado en Alemania</div></section></details><details><summary><p>Sugerencias para la selección de talla:</p></summary><section><p>Se recomienda elegir una longitud aproximadamente 3"" (7,6 cm) mayor que la medida real del cuello del perro.</p><p>Por ejemplo, si el cuello de su perro mide 17"" (43,2 cm), se recomienda seleccionar como mínimo una talla de 20"" (50,8 cm) para garantizar un ajuste cómodo.</p></section></details>",taxable,,,,,,0,0.0,0.0,0.0,0.0,1,,,,,,,https://d2j6dbq0eux0bg.cloudfront.net/images/104219285/products/848558232/5890888631.webp,,,,,,,,,88,"Herm Sprenger",Tamaño,"24""",1,0,,,,,,,,,,,,848558232,https://www.specialk9.com/Collar-Eslabon-Plano-Acero-Inoxidable-Negro-4mm-p848558232,"Collar Eslabón Plano Acero Inoxidable Negro - 4mm","Descripción Collar de entrenamiento tipo cadena fabricado por Herm Sprenger en Alemania, diseñado con eslabones largos que permiten un deslizamiento suave y uniforme a través de las anillas mientras reducen el desgaste y la rotura del pelaje. Su diseño lo convierte en una excelente opción para…"
variation,"51663 060 57",,"Collar Eslabón Plano Acero Inoxidable Negro - 4mm - 24""",-1,,visible,,,taxable,parent,1,0,1,1,0,,,,,,,,51700.00,,,,,,,516630,,,,,,,,Tamaño,"24""",1,0,,,,,,,,,,,,848558232,,,
variable,"51541 055 6",,"Collar Eslabón Plano Curogan 3mm",1,0,visible,,"<details><summary>Descripción</summary><section><p>Collar de Eslabón plano curogan 3mm</p><p>Eslabón Corto</p></section></details><details><summary>Garantía</summary><section><div>Garantía por defectos de fábrica. Cortes y golpes no serán contemplados dentro de la garantía.</div><div><strong>Devoluciones</strong></div><div>Se realiza cambio si el producto presenta defecto de fábrica. </div><div>Muy respetuosamente pedimos que, al momento de solicitarnos un producto, tenga las medidas necesarias.</div><div>No se hacen reembolsos, se hacen cambios por productos disponibles, completando el mismo monto cancelado.</div></section></details><p><br></p>",taxable,,,,,,0,0.12,0.0,0.0,0.0,1,,,,"Collares > Collar Eslabón, Obediencia, Todos los Productos",,,https://d2j6dbq0eux0bg.cloudfront.net/images/104219285/4889159745.jpg,,,,,"59440 002 77,51506,50135 010 57,51112 57,51541 57",,,,,"Herm Sprenger",Tamaño,"21.75""",1,0,,,,,,,,,,,,746165220,https://www.specialk9.com/Collar-Eslabon-Plano-Curogan-3mm-p746165220,"Collar Eslabón Plano Curogan 3mm","Descripción Collar de Eslabón plano curogan 3mm Eslabón Corto Garantía Garantía por defectos de fábrica. Cortes y golpes no serán contemplados dentro de la garantía. Devoluciones Se realiza cambio si el producto presenta defecto de fábrica. Muy respetuosamente pedimos que, al momento de solicitarnos…"
variation,"51541 055 67",,"Collar Eslabón Plano Curogan 3mm - 21.75""",1,,visible,,,taxable,parent,1,1,1,1,0,,,,,,,,28000.00,,,,,,,"51541 055 6",,,,,,,,Tamaño,"21.75""",1,0,,,,,,,,,,,,746165220,,,
variable,51663,,"Collar Eslabón Plano Curogan 4mm",1,0,visible,,"<details><summary>Descripción</summary><section><p>Collar de Eslabón Plano, Curogan en 4mm de grosor.</p><p>Esta calidad fue desarrollada para perros que reaccionan a otros materiales con un pelaje descolorido. CUROGAN es una excelente alternativa para más del 90% de estos perros. Además de sus propiedades antialérgicas (sin níquel), los collares CUROGAN son muy populares por su atractivo aspecto. El alto contenido de cobre le da al collar un color brillante que se oscurece con el uso. Debido al alto contenido de cobre, estas cadenas tienen en su interior una mayor abrasión del material.<br></p></section></details><details><summary>Garantía</summary><section><div>Garantía por defectos de fábrica. Cortes y golpes no serán contemplados dentro de la garantía.</div><div><strong>Devoluciones</strong></div><div>Se realiza cambio si el producto presenta defecto de fábrica. </div><div>Muy respetuosamente pedimos que, al momento de solicitarnos un producto, tenga las medidas necesarias.</div><div>No se hacen reembolsos, se hacen cambios por productos disponibles, completando el mismo monto cancelado.</div></section></details><p><br></p>",taxable,,,,,,0,0.0,0.0,0.0,0.0,1,,,,"Collares > Collar Eslabón, Obediencia, Todos los Productos",,,https://d2j6dbq0eux0bg.cloudfront.net/images/104219285/products/698065035/4555731596.jpg,,,,,"C701,59440 002 77,N103H,225CG,220CG",,,,,"Herm Sprenger",Tamaño,"20"", 21"", 23"", 25"", 26.5"", 27.5""",1,0,,,,,,,,,,,,698065035,https://www.specialk9.com/Collar-Eslabon-Plano-Curogan-4mm-p698065035,"Collar Eslabón Plano Curogan 4mm","Descripción Collar de Eslabón Plano, Curogan en 4mm de grosor. Esta calidad fue desarrollada para perros que reaccionan a otros materiales con un pelaje descolorido. CUROGAN es una excelente alternativa para más del 90% de estos perros. Además de sus propiedades antialérgicas (sin níquel), los…"
variation,"51604 054 67",,"Collar Eslabón Plano Curogan 4mm - 21""",1,,visible,,,taxable,parent,1,0,1,1,0,,,,,,,,49000.00,,,,,,,51663,,,,,,,,Tamaño,"21""",1,0,,,,,,,,,,,,698065035,,,
variation,"51663 069 67",,"Collar Eslabón Plano Curogan 4mm - 27.5""",1,,visible,,,taxable,parent,1,1,1,1,0,,,,,,,,39000.00,,,,,,,51663,,,,,,,,Tamaño,"27.5""",1,0,,,,,,,,,,,,698065035,,,
variation,"51663 066 67",,"Collar Eslabón Plano Curogan 4mm - 26.5""",1,,visible,,,taxable,parent,1,0,1,1,0,,,,,,,,33500.00,,,,,,,51663,,,,,,,,Tamaño,"26.5""",1,0,,,,,,,,,,,,698065035,,,
variation,"51663 063 67",,"Collar Eslabón Plano Curogan 4mm - 25""",1,,visible,,,taxable,parent,1,8,1,1,0,,,,,,,,33000.00,,,,,,,51663,,,,,,,,Tamaño,"25""",1,0,,,,,,,,,,,,698065035,,,
variation,"51663 058 67",,"Collar Eslabón Plano Curogan 4mm - 23""",1,,visible,,,taxable,parent,1,0,1,1,0,,,,,,,,28500.00,,,,,,,51663,,,,,,,,Tamaño,"23""",1,0,,,,,,,,,,,,698065035,,,
variation,"51663 050 67",,"Collar Eslabón Plano Curogan 4mm - 20""",1,,visible,,,taxable,parent,1,1,1,1,0,,,,,,,,27500.00,,,,,,,51663,,,,,,,,Tamaño,"20""",1,0,,,,,,,,,,,,698065035,,,
variable,"51112 55",,"Collar eslabón retorcido, acero inoxidable - 3mm",1,0,visible,,"<details><summary>Descripción</summary><section><p>Collar de eslabón retorcido de 3mm de grosor, en acero inoxidable. Recomendado para perros de pelo corto. Acción inmediata en el entrenamiento y corrección del comportamiento.</p></section></details><details><summary>Garantía</summary><section><div>Garantía por defectos de fábrica. Cortes y golpes no serán contemplados dentro de la garantía.</div><div><strong>Devoluciones</strong></div><div>Se realiza cambio si el producto presenta defecto de fábrica. </div><div>Muy respetuosamente pedimos que, al momento de solicitarnos un producto, tenga las medidas necesarias.</div><div>No se hacen reembolsos, se hacen cambios por productos disponibles, completando el mismo monto cancelado.</div></section></details><p><br></p>",taxable,,,,,,0,0.12,0.0,0.0,0.0,1,,,,"Collares > Collar Eslabón, Obediencia, Todos los Productos",,,https://d2j6dbq0eux0bg.cloudfront.net/images/104219285/4553185397.jpg,,,,,"50045 010 57,59440 002 77,225CG,N103H,220CG",,,,,"Herm Sprenger",Tamaño,"18"", 20"", 22""",1,0,,,,,,,,,,,,697533468,https://www.specialk9.com/Collar-eslabon-retorcido-acero-inoxidable-3mm-p697533468,"Collar eslabón retorcido, acero inoxidable - 3mm","Descripción Collar de eslabón retorcido de 3mm de grosor, en acero inoxidable. Recomendado para perros de pelo corto. Acción inmediata en el entrenamiento y corrección del comportamiento. Garantía Garantía por defectos de fábrica. Cortes y golpes no serán contemplados dentro de la garantía.…"
variation,"51112 055 55",,"Collar eslabón retorcido, acero inoxidable - 3mm - 22""",1,,visible,,,taxable,parent,1,0,1,1,0,,,,,,,,23000.00,,,,,,,"51112 55",,,,,,,,Tamaño,"22""",1,0,,,,,,,,,,,,697533468,,,
variation,"51112 050 55",,"Collar eslabón retorcido, acero inoxidable - 3mm - 20""",1,,visible,,,taxable,parent,1,-1,1,1,0,,,,,,,,22000.00,,,,,,,"51112 55",,,,,,,,Tamaño,"20""",1,0,,,,,,,,,,,,697533468,,,
variation,"51112 045 55",,"Collar eslabón retorcido, acero inoxidable - 3mm - 18""",1,,visible,,,taxable,parent,1,0,1,1,0,,,,,,,,21200.00,,,,,,,"51112 55",,,,,,,,Tamaño,"18""",1,0,,,,,,,,,,,,697533468,,,
variable,"51112 57",,"Collar eslabón retorcido, acero inoxidable negro - 3mm",1,0,visible,,"<details><summary>Descripción</summary><section><p>Collar de eslabón retorcido de 3mm de grosor, acabado negro, en acero inoxidable. Recomendado para perros de pelo corto. Acción inmediata en el entrenamiento y corrección del comportamiento.</p></section></details><details><summary>Garantía</summary><section><div>Garantía por defectos de fábrica. Cortes y golpes no serán contemplados dentro de la garantía.</div><div><strong>Devoluciones</strong></div><div>Se realiza cambio si el producto presenta defecto de fábrica. </div><div>Muy respetuosamente pedimos que, al momento de solicitarnos un producto, tenga las medidas necesarias.</div><div>No se hacen reembolsos, se hacen cambios por productos disponibles, completando el mismo monto cancelado.</div></section></details><p><br></p>",taxable,,,,,,0,0.12,0.0,0.0,0.0,1,,,,"Collares > Collar Eslabón, Obediencia, Todos los Productos",,,https://d2j6dbq0eux0bg.cloudfront.net/images/104219285/products/698045591/4555741485.jpg,,,,,"59440 002 77,C05,N103H,00011,225CG",,,,,"Herm Sprenger",Tamaño,"16"", 18"", 20"", 22"", 24""",1,0,,,,,,,,,,,,698045591,https://www.specialk9.com/Collar-eslabon-retorcido-acero-inoxidable-negro-3mm-p698045591,"Collar eslabón retorcido, acero inoxidable negro - 3mm","Descripción Collar de eslabón retorcido de 3mm de grosor, acabado negro, en acero inoxidable. Recomendado para perros de pelo corto. Acción inmediata en el entrenamiento y corrección del comportamiento. Garantía Garantía por defectos de fábrica. Cortes y golpes no serán contemplados dentro de la…"
variation,"51112 060 57",,"Collar eslabón retorcido, acero inoxidable negro - 3mm - 24""",1,,visible,,,taxable,parent,1,0,1,1,0,,,,,,,,29000.00,,,,,,,"51112 57",,,,,,,,Tamaño,"24""",1,0,,,,,,,,,,,,698045591,,,
variation,"51112 055 57",,"Collar eslabón retorcido, acero inoxidable negro - 3mm - 22""",1,,visible,,,taxable,parent,1,5,1,1,0,,,,,,,,24000.00,,,,,,,"51112 57",,,,,,,,Tamaño,"22""",1,0,,,,,,,,,,,,698045591,,,
variation,"51112 050 57",,"Collar eslabón retorcido, acero inoxidable negro - 3mm - 20""",1,,visible,,,taxable,parent,1,0,1,1,0,,,,,,,,23000.00,,,,,,,"51112 57",,,,,,,,Tamaño,"20""",1,0,,,,,,,,,,,,698045591,,,
variation,"51112 045 57",,"Collar eslabón retorcido, acero inoxidable negro - 3mm - 18""",1,,visible,,,taxable,parent,1,3,1,1,0,,,,,,,,20000.00,,,,,,,"51112 57",,,,,,,,Tamaño,"18""",1,0,,,,,,,,,,,,698045591,,,
variation,"51112 040 57",,"Collar eslabón retorcido, acero inoxidable negro - 3mm - 16""",1,,visible,,,taxable,parent,1,9,1,1,0,,,,,,,,20000.00,,,,,,,"51112 57",,,,,,,,Tamaño,"16""",1,0,,,,,,,,,,,,698045591,,,
variable,51381,,"Collar Eslabón Retorcido Acero Inoxidable Negro - 4mm",1,1,visible,,"<details><summary>Descripción</summary><section><div>Collar de entrenamiento tipo cadena fabricado por Herm Sprenger en Alemania, diseñado con eslabones redondos cortos que permiten un deslizamiento suave y uniforme a través de la anilla durante el manejo y trabajo con correa. Su construcción robusta proporciona una excelente resistencia y durabilidad para uso diario y entrenamiento profesional.</div><div>El diseño de eslabones redondos y compactos lo convierte en una opción especialmente adecuada para perros de pelo corto, reduciendo el riesgo de enganches o enredos en el pelaje y ofreciendo un funcionamiento rápido y consistente durante las correcciones y el trabajo de obediencia.</div></section></details><details><summary>Especificaciones técnicas<br></summary><section><p>- Marca: Herm Sprenger</p><div>- Modelo: Collar de Eslabón Retorcido</div><div>- Tipo de producto: Collar de entrenamiento tipo cadena</div><div>- Material: Acero Inoxidable con Acabado en Negro</div><div>- Calibre del alambre: 4 mm</div><div>- Tipo de eslabón: Retorcido</div><div>- Anillas metálicas: 2</div><div>- Tipo de funcionamiento: Collar corredizo (Choke Style)</div><div>- Recomendado para: Perros de pelo corto</div><div>- Fabricado en: Alemania</div></section></details><details><summary>Sugerencias para la selección de talla<br></summary><section><p><br>Se recomienda elegir una longitud aproximadamente 3"" (7,6 cm) mayor que la medida real del cuello del perro.</p><p>Por ejemplo, si el cuello de su perro mide 15"" (38,1 cm), se recomienda seleccionar como mínimo una talla de 18"" (45,7 cm) para garantizar un ajuste cómodo.</p></section></details>",taxable,,,,,,0,0.0,0.0,0.0,0.0,1,,,,,,,https://d2j6dbq0eux0bg.cloudfront.net/images/104219285/products/848610257/5890907753.webp,,,,,,,,,89,"Herm Sprenger",Tamaño,"24"", 26""",1,0,,,,,,,,,,,,848610257,https://www.specialk9.com/Collar-Eslabon-Retorcido-Acero-Inoxidable-Negro-4mm-p848610257,"Collar Eslabón Retorcido Acero Inoxidable Negro - 4mm","Descripción Collar de entrenamiento tipo cadena fabricado por Herm Sprenger en Alemania, diseñado con eslabones redondos cortos que permiten un deslizamiento suave y uniforme a través de la anilla durante el manejo y trabajo con correa. Su construcción robusta proporciona una excelente resistencia y…"
variation,"51381 065 57",,"Collar Eslabón Retorcido Acero Inoxidable Negro - 4mm - 26""",1,,visible,,,taxable,parent,1,0,1,1,0,,,,,,,,44500.00,,,,,,,51381,,,,,,,,Tamaño,"26""",1,0,,,,,,,,,,,,848610257,,,
variation,"51381 060 57",,"Collar Eslabón Retorcido Acero Inoxidable Negro - 4mm - 24""",1,,visible,,,taxable,parent,1,0,1,1,0,,,,,,,,42700.00,,,,,,,51381,,,,,,,,Tamaño,"24""",1,0,,,,,,,,,,,,848610257,,,
variable,IDC,,"Collar ID con hebilla COBRA®",1,0,visible,,"<details><summary>Descripción</summary><section><p>Collar de Identificación con hebilla COBRA® de 2"" de ancho, con panel de velcro para parche. Hecho de nylon de especificaciones militares.</p></section></details><details><summary>Medidas</summary><section><p>Ancho: 2"" de ancho<br>Largo: Ajustable</p></section></details><details><summary>Garantía</summary><section><div>Garantía por defectos de fábrica. Cortes y mordeduras no serán contemplados dentro de la garantía.</div><div><strong>Devoluciones</strong></div><div>Se realiza cambio si el producto presenta defecto de fábrica. </div><div>Muy respetuosamente pedimos que, al momento de solicitarnos un producto, tenga las medidas necesarias.</div><div>No se hacen reembolsos, se hacen cambios por productos disponibles, completando el mismo monto cancelado.</div></section></details><p><br></p><p><br></p>",taxable,,,,,,0,0.225,0.0,0.0,0.0,1,,,,"Collares > Collar Nylon, Protección, Todos los Productos",,,"https://d2j6dbq0eux0bg.cloudfront.net/images/104219285/products/697977502/4555234402.jpg, https://d2j6dbq0eux0bg.cloudfront.net/images/104219285/products/697977502/4555233949.jpg, https://d2j6dbq0eux0bg.cloudfront.net/images/104219285/products/697977502/4572027825.jpg, https://d2j6dbq0eux0bg.cloudfront.net/images/104219285/products/697977502/4572025344.jpg",,,,,"C05,N103H,00011,225CG,220CG",,,,,"Elite K9",Color,"Negro, Coyote",1,0,,,,,,,,,,,,697977502,https://www.specialk9.com/Collar-ID-con-hebilla-COBRA-r-p697977502,"Collar ID con hebilla COBRA®","Descripción Collar de Identificación con hebilla COBRA® de 2"" de ancho, con panel de velcro para parche. Hecho de nylon de especificaciones militares. Medidas Ancho: 2"" de ancho Largo: Ajustable Garantía Garantía por defectos de fábrica. Cortes y mordeduras no serán contemplados dentro de la…"
variation,IDC205,,"Collar ID con hebilla COBRA® - Coyote",1,,visible,,,taxable,parent,1,2,1,1,0,,,,,,,,69000.00,,,,,,,IDC,,,,,,,,Color,Coyote,1,0,,,,,,,,,,,,697977502,,,
variation,IDC105,,"Collar ID con hebilla COBRA® - Negro",1,,visible,,,taxable,parent,1,-1,1,1,0,,,,,,,,69000.00,,,,,,,IDC,,,,,,,,Color,Negro,1,0,,,,,,,,,,,,697977502,,,
simple,M1K9-DT,,"Collar M1 con hebilla COBRA",1,0,visible,,,taxable,,1,0,1,1,0,0.0,0.0,0.0,0.0,1,,,56000.00,"Collares > Collar Nylon, Todos los Productos",,,https://d2j6dbq0eux0bg.cloudfront.net/images/104219285/4553262609.jpg,,,,,,,,,,,,,,,,,,,,,,,,,,697534930,https://www.specialk9.com/Collar-M1-con-hebilla-COBRA-p697534930,"Collar M1 con hebilla COBRA",
simple,"50050 014 66",,"Collar NeckTech con ClicLock",1,0,visible,,"<details><summary>Descripción</summary><section><p>Este collar NeckTech Sport con puntas es seguro y fácil de poner y quitar gracias al diseño ClicLock.</p></section></details><details><summary>Medida</summary><section><p>Medida: 60 cm / 24""</p></section></details><details><summary>Garantía</summary><section><div>Garantía por defectos de fábrica. </div><div><strong>Devoluciones</strong></div><div>Se realiza cambio si el producto presenta defecto de fábrica. </div><div>Muy respetuosamente pedimos que, al momento de solicitarnos un producto, tenga las medidas necesarias.</div><div>No se hacen reembolsos, se hacen cambios por productos disponibles, completando el mismo monto cancelado.</div></section></details>",taxable,,1,0,1,1,0,0.3,0.0,0.0,0.0,1,,,65000.00,"Collares, Collares > Collar Picos, Todos los Productos",,,https://d2j6dbq0eux0bg.cloudfront.net/images/104219285/4541969710.jpg,,,,,"50045 010 57,50026 010 - 50108 014 - 50004 010,50135 010 57,C701",,,,,"Herm Sprenger",,,,,,,,,,,,,,,,695890328,https://www.specialk9.com/Collar-NeckTech-con-ClicLock-p695890328,"Collar NeckTech con ClicLock","Descripción Este collar NeckTech Sport con puntas es seguro y fácil de poner y quitar gracias al diseño ClicLock. Medida Medida: 60 cm / 24"" Garantía Garantía por defectos de fábrica. Devoluciones Se realiza cambio si el producto presenta defecto de fábrica. Muy respetuosamente pedimos que, al…"
simple,744622342017,,"Collar para E-Collar",1,0,visible,,"<details><summary>Descripción</summary><section><p>Correa de reemplazo Dogtra</p><p>Medida: 1"" ancho x 30"" de largo.</p><p>Color negro</p><p>Se adapta a Collares Dogtra: ARC, 1900NCP, 1902NCP, 1900S, 1902S, 2300NCP, 2302NCP, 3500NCP, 3502NCP, Edge, Edge RT, YS500, 1400NCP, 1500NCP, 1600NCP, 1700NCP, 1800 series, 2200 series, 7100H, 7102H, y H Plus.</p></section></details><details><summary>Garantía</summary><section><div>Garantía por defectos de fábrica. Cortes y mordeduras no serán contemplados dentro de la garantía.</div><div><strong>Devoluciones</strong></div><div>Se realiza cambio si el producto presenta defecto de fábrica. </div><div>Muy respetuosamente pedimos que, al momento de solicitarnos un producto, tenga las medidas necesarias.</div><div>No se hacen reembolsos, se hacen cambios por productos disponibles, completando el mismo monto cancelado.</div></section></details><p><br></p>",taxable,,1,1,1,1,0,0.1,0.0,0.0,0.0,1,,,11700.00,"E-Collars, Todos los Productos",,,"https://d2j6dbq0eux0bg.cloudfront.net/images/104219285/4553236655.jpg, https://d2j6dbq0eux0bg.cloudfront.net/images/104219285/4596206165.jpg",,,,,744622050097,,,,,Dogtra,,,,,,,,,,,,,,,,697534879,https://www.specialk9.com/Collar-para-E-Collar-p697534879,"Correa para E-Collar","Descripción Correa de reemplazo Dogtra Medida: 1"" ancho x 30"" de largo. Color negro Se adapta a Collares Dogtra: ARC, 1900NCP, 1902NCP, 1900S, 1902S, 2300NCP, 2302NCP, 3500NCP, 3502NCP, Edge, Edge RT, YS500, 1400NCP, 1500NCP, 1600NCP, 1700NCP, 1800 series, 2200 series, 7100H, 7102H, y H Plus.…"
variable,51665,,"Collar Prueba",-1,0,hidden,,,taxable,,,,,,0,0.0,0.0,0.0,0.0,1,,,,"Todos los Productos",,,,,,,,,,,,,,Tamaño,"2 metros, 3metros",1,0,,,,,,,,,,,,699046968,https://www.specialk9.com/Collar-Prueba-p699046968,"Collar Prueba",
variation,51665-3M,,"Collar Prueba - 3metros",-1,,visible,,,taxable,parent,1,7,1,0,0,,,,,,,,1500.00,,,,,,,51665,,,,,,,,Tamaño,3metros,1,0,,,,,,,,,,,,699046968,,,
variation,51665-2M,,"Collar Prueba - 2 metros",-1,,visible,,,taxable,parent,1,8,1,0,0,,,,,,,,100.00,,,,,,,51665,,,,,,,,Tamaño,"2 metros",1,0,,,,,,,,,,,,699046968,,,
simple,"59440 002 77",,"Collar Reflectivo con ClicLock",1,0,visible,,"<details><summary>Descripción</summary><section><p>Collar hecho de nailon resistente, liviano y antideslizante.</p><p>Muy fácil de limpiar gracias a sus propiedades repelentes al agua y de secado rápido.</p><p>Rayas reflectantes para mayor seguridad y visibilidad en entornos con poca luz.</p><p>Cuenta con cierre ClicLock para ponerlo y quitarlo fácilmente.</p></section></details><details><summary>Medidas</summary><section><p>Ancho: 20mm de ancho</p><p>Largo: Totalmente ajustable de 16"" a 22"" de largo</p></section></details><details><summary>Garantía</summary><section><div>Garantía por defectos de fábrica. Cortes, mordeduras y golpes al cierre no serán contemplados dentro de la garantía.</div><div><strong>Devoluciones</strong></div><div>Se realiza cambio si el producto presenta defecto de fábrica. </div><div>Muy respetuosamente pedimos que, al momento de solicitarnos un producto, tenga las medidas necesarias.</div><div>No se hacen reembolsos, se hacen cambios por productos disponibles, completando el mismo monto cancelado.</div></section></details><p><br></p><p><br></p>",taxable,,1,1,1,1,0,0.08,0.0,0.0,0.0,1,,,21500.00,"Collares > Collar Nylon, Todos los Productos",,,"https://d2j6dbq0eux0bg.cloudfront.net/images/104219285/4541989736.jpg, https://d2j6dbq0eux0bg.cloudfront.net/images/104219285/4572041388.jpg, https://d2j6dbq0eux0bg.cloudfront.net/images/104219285/4572039243.jpg",,,,,"IDC,C05,N103H,00011,225CG,220CG",,,,,"Herm Sprenger",,,,,,,,,,,,,,,,695885323,https://www.specialk9.com/Collar-Reflectivo-con-ClicLock-p695885323,"Collar Reflectivo con ClicLock","Descripción Collar hecho de nailon resistente, liviano y antideslizante. Muy fácil de limpiar gracias a sus propiedades repelentes al agua y de secado rápido. Rayas reflectantes para mayor seguridad y visibilidad en entornos con poca luz. Cuenta con cierre ClicLock para ponerlo y quitarlo fácilmente…"
variable,AL008,,"Conectores ASAT",1,0,visible,,"<details><summary>Descripción</summary><section><div>Tienen el aspecto y el tacto del cuero y están aprobados por la policía, el ejército y el Schutzhund para un uso extremo. Nunca volverás a usar cuero.</div><ul><li>Resistente al estiramiento</li><li>Impermeable, resistente al moho y a la putrefacción</li><li>Flexible hasta -20 °F</li><li>No se ve afectado por el calor hasta 300 °F</li><li>La resistencia a la rotura de la correa de 1/2"" es de 500 lbs.</li><li>La resistencia a la rotura de la correa de 3/4"" es de 750 lbs.</li><li>No requiere mantenimiento para estas correas: se limpian fácilmente con un paño húmedo</li><li>Se recomiendan las correas de 3/4"" para usar durante la agitación y el trabajo de mordida</li></ul><p>NOTA: La mayoría de las longitudes están disponibles en anchos de 1/2"" y 3/4"".</p></section></details><details><summary>Garantía</summary><section><div>Garantía por defectos de fábrica. Cortes y mordeduras no serán contemplados dentro de la garantía.</div><div><strong>Devoluciones</strong></div><div>Se realiza cambio si el producto presenta defecto de fábrica. </div><div>Muy respetuosamente pedimos que, al momento de solicitarnos un producto, tenga las medidas necesarias.</div><div>No se hacen reembolsos, se hacen cambios por productos disponibles, completando el mismo monto cancelado.</div></section></details><p><br></p>",taxable,,,,,,0,0.08,0.0,0.0,0.0,1,,,,"Correas > Biothane, Todos los Productos",,,https://d2j6dbq0eux0bg.cloudfront.net/images/104219285/4541396625.jpg,,,,,"L13 L14,L0272,AL01,AL00,AL06PL 3/4",,,,,"Elite K9",Ancho,"1/2"", 3/4""",1,0,,,,,,,,,,,,695816830,https://www.specialk9.com/Conectores-ASAT-p695816830,"Conectores ASAT","Descripción Tienen el aspecto y el tacto del cuero y están aprobados por la policía, el ejército y el Schutzhund para un uso extremo. Nunca volverás a usar cuero. Resistente al estiramiento Impermeable, resistente al moho y a la putrefacción Flexible hasta -20 °F No se ve afectado por el calor hasta…"
variation,"AL008 3/4",,"Conectores ASAT - 3/4""",1,,visible,,,taxable,parent,1,0,1,1,0,,,,,,,,12900.00,,,,,,,AL008,,,,,,,,Ancho,"3/4""",1,0,,,,,,,,,,,,695816830,,,
variation,"AL008 1/2",,"Conectores ASAT - 1/2""",1,,visible,,,taxable,parent,1,0,1,1,0,,,,,,,,11500.00,,,,,,,AL008,,,,,,,,Ancho,"1/2""",1,0,,,,,,,,,,,,695816830,,,
simple,644622359063,,"Contactos de titanio para E-Collar",1,0,visible,,"<details><summary>Descripción</summary><section><p>Mejore la experiencia de entrenamiento de su perro con puntos de contacto de titanio. Estos puntos de contacto cuentan con una almohadilla de confort con dos puntos de contacto con aletas flexibles de titanio. Este diseño permite que la estimulación se distribuya de manera más uniforme, lo que promueve un mejor contacto y reactividad. Además, los perros con piel sensible pueden beneficiarse del acabado de titanio más amigable.  Los puntos de contacto funcionan con la mayoría de las unidades Dogtra existentes. REVISE TABLA DE COMPATIBILIDAD.<br>No es compatible con X-SERIES, CUE y PATHFINDER2 SERIES.</p></section></details><details><summary>Garantía</summary><section><div>Garantía por defectos de fábrica. Cortes y golpes no serán contemplados dentro de la garantía.</div><div><strong>Devoluciones</strong></div><div>Se realiza cambio si el producto presenta defecto de fábrica. </div><div>Muy respetuosamente pedimos que, al momento de solicitarnos un producto, tenga las medidas necesarias.</div><div>No se hacen reembolsos, se hacen cambios por productos disponibles, completando el mismo monto cancelado.</div><p><br></p></section></details>",taxable,,1,0,1,1,0,0.025,0.0,0.0,0.0,1,,,33000.00,"E-Collars, Todos los Productos",,,"https://d2j6dbq0eux0bg.cloudfront.net/images/104219285/4553236600.png, https://d2j6dbq0eux0bg.cloudfront.net/images/104219285/4595239353.jpg, https://d2j6dbq0eux0bg.cloudfront.net/images/104219285/4595235708.jpg, https://d2j6dbq0eux0bg.cloudfront.net/images/104219285/4595235713.jpg, https://d2j6dbq0eux0bg.cloudfront.net/images/104219285/4595235718.jpg, https://d2j6dbq0eux0bg.cloudfront.net/images/104219285/4595239402.png",,,,,,,,,,Dogtra,,,,,,,,,,,,,,,,697533492,https://www.specialk9.com/Contactos-de-titanio-para-E-Collar-p697533492,"Contactos de titanio para E-Collar","Descripción Mejore la experiencia de entrenamiento de su perro con puntos de contacto de titanio. Estos puntos de contacto cuentan con una almohadilla de confort con dos puntos de contacto con aletas flexibles de titanio. Este diseño permite que la estimulación se distribuya de manera más uniforme,…"
variable,"TSS TLS TJS",,"Corbatín de Mordida",1,0,visible,,"<details><summary>Descripción</summary><section><p>El corbatín de mordida es una excelente herramienta de desarrollo de presa en cachorros. Ayuda al desarrollar y probar impulsos a una temprana edad.</p><p>Mide: 25"" de largo</p><p>Hecho de lino francés, yute o cuero.</p></section></details><details><summary>Garantía</summary><section><div>Garantía por defectos de fábrica. Cortes y golpes no serán contemplados dentro de la garantía.</div><div><strong>Devoluciones</strong></div><div>Se realiza cambio si el producto presenta defecto de fábrica.</div><div>Muy respetuosamente pedimos que, al momento de solicitarnos un producto, tenga las medidas necesarias.</div><div>No se hacen reembolsos, se hacen cambios por productos disponibles, completando el mismo monto cancelado.</div></section></details><p><br></p>",taxable,,,,,,0,0.24,0.0,0.0,0.0,1,,,,"Recompensas > Mordedores, Todos los Productos",,,"https://d2j6dbq0eux0bg.cloudfront.net/images/104219285/4541125399.jpg, https://d2j6dbq0eux0bg.cloudfront.net/images/104219285/4541129705.jpg, https://d2j6dbq0eux0bg.cloudfront.net/images/104219285/4597865505.jpg",,,,,,,,,,"Elite K9",Material,"Cuero, Yute, Lino Francés, Lino Camuflaje",1,0,,,,,,,,,,,,695756072,https://www.specialk9.com/Corbatin-de-Mordida-p695756072,"Corbatín de Mordida","Descripción El corbatín de mordida es una excelente herramienta de desarrollo de presa en cachorros. Ayuda al desarrollar y probar impulsos a una temprana edad. Mide: 25"" de largo Hecho de lino francés, yute o cuero. Garantía Garantía por defectos de fábrica. Cortes y golpes no serán contemplados…"
variation,TSC-WC,,"Corbatín de Mordida - Lino Camuflaje",1,,visible,,,taxable,parent,1,0,1,1,0,,,,,,,,24500.00,,,,,,,"TSS TLS TJS",,,,,,,,Material,"Lino Camuflaje",1,0,,,,,,,,,,,,695756072,,,
variation,TJS,,"Corbatín de Mordida - Yute",1,,visible,,,taxable,parent,1,0,1,1,0,,,,,,,,24500.00,,,,,,,"TSS TLS TJS",,,,,,,,Material,Yute,1,0,,,,,,,,,,,,695756072,,,
variation,TLS,,"Corbatín de Mordida - Cuero",1,,visible,,,taxable,parent,1,0,1,1,0,,,,,,,,26500.00,,,,,,,"TSS TLS TJS",,,,,,,,Material,Cuero,1,0,,,,,,,,,,,,695756072,,,
variation,TSS,,"Corbatín de Mordida - Lino Francés",1,,visible,,,taxable,parent,1,0,1,1,0,,,,,,,,24500.00,,,,,,,"TSS TLS TJS",,,,,,,,Material,"Lino Francés",1,0,,,,,,,,,,,,695756072,,,
variable,RN3062,,"Correa antideslizante",1,0,visible,,"<details><summary>Descripción</summary><section>Correa de nailon antideslizante duradera y resistente, lo que permite pasear a su perro varias veces al día sin preocuparse por el desgaste ni el mal tiempo.Fabricada con nailon de alta calidad con goma y un mosquetón sacavueltas.<br> <br>Medidas: 6' de largo x 3/4"" ancho</section></details><details><summary>Garantía</summary><section><div>Garantía por defectos de fábrica. Cortes y mordeduras no serán contemplados dentro de la garantía.</div><div><strong>Devoluciones</strong></div><div>Se realiza cambio si el producto presenta defecto de fábrica. </div><div>Muy respetuosamente pedimos que, al momento de solicitarnos un producto, tenga las medidas necesarias.</div><div>No se hacen reembolsos, se hacen cambios por productos disponibles, completando el mismo monto cancelado.</div></section></details><p><br></p>",taxable,,,,,,0,0.7,0.0,0.0,0.0,1,,,,"Correas > Nylon, Todos los Productos",,,"https://d2j6dbq0eux0bg.cloudfront.net/images/104219285/products/753731989/4941348751.png, https://d2j6dbq0eux0bg.cloudfront.net/images/104219285/products/753731989/4941348756.png, https://d2j6dbq0eux0bg.cloudfront.net/images/104219285/products/753731989/4941348077.png, https://d2j6dbq0eux0bg.cloudfront.net/images/104219285/products/753731989/4941337643.png, https://d2j6dbq0eux0bg.cloudfront.net/images/104219285/products/753731989/4941337648.png",,,,,"L13 L14,L07,5923050171,BL001-002,LL06",,,,,DogLine,Color,"Rojo, Verde",1,0,,,,,,,,,,,,753731989,https://www.specialk9.com/Correa-antideslizante-p753731989,"Correa antideslizante","Descripción Correa de nailon antideslizante duradera y resistente, lo que permite pasear a su perro varias veces al día sin preocuparse por el desgaste ni el mal tiempo.Fabricada con nailon de alta calidad con goma y un mosquetón sacavueltas. Medidas: 6' de largo x 3/4"" ancho Garantía Garantía por…"
variation,RN3062-5,,"Correa antideslizante - Verde",1,,visible,,,taxable,parent,1,1,1,1,0,,,,,,,,23500.00,,,,,,,RN3062,,,,,,,,Color,Verde,1,0,,,,,,,,,,,,753731989,,,
variation,RN3062-3,,"Correa antideslizante - Rojo",1,,visible,,,taxable,parent,1,0,1,1,0,,,,,,,,23500.00,,,,,,,RN3062,,,,,,,,Color,Rojo,1,0,,,,,,,,,,,,753731989,,,
variable,GR-10,,"Correa Antideslizante",1,0,visible,,"<details><summary>Descripción</summary><section><div>Correas Antideslizante Grip-Rite tienen un agarre de goma elevado entretejido en la cinta de algodón.</div><div>La goma aporta comodidad y refuerza la correa para hacerla más fuerte y proporcionar un mejor agarre.</div></section></details><details><summary>Garantía</summary><section><div>Garantía por defectos de fábrica. Cortes y mordeduras no serán contemplados dentro de la garantía.</div><div><strong>Devoluciones</strong></div><div>Se realiza cambio si el producto presenta defecto de fábrica.</div><div>Muy respetuosamente pedimos que, al momento de solicitarnos un producto, tenga las medidas necesarias.</div><div>No se hacen reembolsos, se hacen cambios por productos disponibles, completando el mismo monto cancelado.</div></section></details>",taxable,,,,,,0,0.2,0.0,0.0,0.0,1,,,,"Correas > Nylon, Todos los Productos",,,"https://d2j6dbq0eux0bg.cloudfront.net/images/104219285/4773740776.jpg, https://d2j6dbq0eux0bg.cloudfront.net/images/104219285/4846371772.jpg",,,,,,,,,,"Elite K9",Largo,"10 pies (3 mts), 6 pies (1.8 mts), 4 pies (1.2 mts), 15 pies (4.5 mts)",1,0,,,,,,,,,,,,727000231,https://www.specialk9.com/Correa-Antideslizante-p727000231,"Correa Antideslizante","Descripción Correas Antideslizante Grip-Rite tienen un agarre de goma elevado entretejido en la cinta de algodón. La goma aporta comodidad y refuerza la correa para hacerla más fuerte y proporcionar un mejor agarre. Garantía Garantía por defectos de fábrica. Cortes y mordeduras no serán contemplados…"
variation,GR-434,,"Correa Antideslizante - 4 pies (1.2 mts)",1,,visible,,,taxable,parent,1,1,0,1,0,,,,,,,,13500.00,,,,,,,GR-10,,,,,,,,Largo,"4 pies (1.2 mts)",1,0,,,,,,,,,,,,727000231,,,
variation,GR-634,,"Correa Antideslizante - 6 pies (1.8 mts)",1,,visible,,,taxable,parent,1,0,0,1,0,,,,,,,,15500.00,,,,,,,GR-10,,,,,,,,Largo,"6 pies (1.8 mts)",1,0,,,,,,,,,,,,727000231,,,
variation,GR-1034,,"Correa Antideslizante - 10 pies (3 mts)",1,,visible,,,taxable,parent,1,1,0,1,0,,,,,,,,19800.00,,,,,,,GR-10,,,,,,,,Largo,"10 pies (3 mts)",1,0,,,,,,,,,,,,727000231,,,
variation,GR-1534,,"Correa Antideslizante - 15 pies (4.5 mts)",1,,visible,,,taxable,parent,1,1,0,1,0,,,,,,,,21885.00,,,,,,,GR-10,,,,,,,,Largo,"15 pies (4.5 mts)",1,0,,,,,,,,,,,,727000231,,,
simple,GR-634-PL,,"Correa Antideslizante Tipo Police",1,0,visible,,"<details><summary>Descripción</summary><section><div>Correas Antideslizante Grip-Rite tienen un agarre de goma elevado entretejido en la cinta de algodón.</div><div>La goma aporta comodidad y refuerza la correa para hacerla más fuerte y proporcionar un mejor agarre.</div><p>Medidas: 6' de largo x 3/4"" de ancho<br></p></section></details><details><summary>Garantía</summary><section><div>Garantía por defectos de fábrica. Cortes y mordeduras no serán contemplados dentro de la garantía.</div><div><strong>Devoluciones</strong></div><div>Se realiza cambio si el producto presenta defecto de fábrica.</div><div>Muy respetuosamente pedimos que, al momento de solicitarnos un producto, tenga las medidas necesarias.</div><div>No se hacen reembolsos, se hacen cambios por productos disponibles, completando el mismo monto cancelado.</div></section></details>",taxable,,1,1,1,1,0,0.3,0.0,0.0,0.0,1,,,27500.00,"Correas > Nylon, Todos los Productos",,,https://d2j6dbq0eux0bg.cloudfront.net/images/104219285/4846227610.jpg,,,,,"AL00,AL06PL 3/4,AL0,AL100,AL06G",,,,,"Elite K9",,,,,,,,,,,,,,,,739527344,https://www.specialk9.com/Correa-Antideslizante-Tipo-Police-p739527344,"Correa Antideslizante Tipo Police","Descripción Correas Antideslizante Grip-Rite tienen un agarre de goma elevado entretejido en la cinta de algodón. La goma aporta comodidad y refuerza la correa para hacerla más fuerte y proporcionar un mejor agarre. Medidas: 6' de largo x 3/4"" de ancho Garantía Garantía por defectos de fábrica.…"
variable,L13ST1073,,"Correa artesanal de cuero para perro con anilla flotante de latón",1,1,visible,,"<h3><strong>Descripción del producto:</strong></h3> <p>La <strong>correa de cuero cosido para perro</strong> es la elección perfecta para rastreo, patrullaje, exposiciones caninas y cualquier actividad con tu perro. ¡Es una herramienta indispensable en la vida de tu mascota!</p> <hr> <h3><strong>Características del producto:</strong></h3> <ul> <li> Cuero de la mejor calidad de 12 mm (1/2"") de ancho</li> <li> Mosquetón de latón resistente</li> <li> Anilla flotante de latón en el mango</li> <li> Bordes lisos y redondeados para mayor comodidad</li></ul>",taxable,,,,,,0,0.0,0.0,0.0,0.0,1,,,,"Correas, Correas > Cuero",,,"https://d2j6dbq0eux0bg.cloudfront.net/images/104219285/products/809947864/5530037745.jpg, https://d2j6dbq0eux0bg.cloudfront.net/images/104219285/products/809947864/5530055752.jpg",,,,,,,,,33,"For Dog Trainers",Tamaño,"4 pies (1.20m)",1,0,,Color,"Negro, Café",1,0,,,,,,,809947864,https://www.specialk9.com/Correa-artesanal-de-cuero-para-perro-con-anilla-flotante-de-laton-p809947864,"Correa artesanal de cuero para perro con anilla flotante de latón","Descripción del producto: La correa de cuero cosido para perro es la elección perfecta para rastreo, patrullaje, exposiciones caninas y cualquier actividad con tu perro. ¡Es una herramienta indispensable en la vida de tu mascota! Características del producto: Cuero de la mejor calidad de 12 mm…"
variation,L13ST1073-BR,,"Correa artesanal de cuero para perro con anilla flotante de latón - 4 pies (1.20m) / Café",1,,visible,,,taxable,parent,1,0,1,1,0,,,,,,,,39000.00,,,,,,,L13ST1073,,,,,,,,Tamaño,"4 pies (1.20m)",1,0,,Color,Café,1,0,,,,,,,809947864,,,
variation,L13ST1073-BLK,,"Correa artesanal de cuero para perro con anilla flotante de latón - 4 pies (1.20m) / Negro",1,,visible,,,taxable,parent,1,0,1,1,0,,,,,,,,39000.00,,,,,,,L13ST1073,,,,,,,,Tamaño,"4 pies (1.20m)",1,0,,Color,Negro,1,0,,,,,,,809947864,,,
variable,AL00,,"Correa ASAT",1,0,visible,,"<details><summary>Descripción</summary><section><p>Correa de Biothane. Se ven y se sienten como cuero y están aprobados por la policía, el ejército y Schutzhund/IGP para uso extremo. Nunca volverás al cuero.</p><ul><li>Resistente al estiramiento</li><li>Resistente al agua, al moho y a la putrefacción</li><li>Flexible hasta -20° F</li><li>No se ve afectado por el calor hasta 300° F</li><li>La resistencia a la rotura de esta correa es de 3/4"" (1.90 cm) es de 750 libras (340 kilos).</li><li>No requieren mantenimiento para estas correas: se limpian fácilmente con un paño húmedo</li><li>Se recomienda el uso de correas de 3/4"" (1.90 cm) durante la agitación y el trabajo de mordida.</li></ul></section></details><details><summary>Garantía</summary><section><div>Garantía por defectos de fábrica. Cortes y mordeduras no serán contemplados dentro de la garantía.</div><div><strong>Devoluciones</strong></div><div>Se realiza cambio si el producto presenta defecto de fábrica. </div><p>No se hacen reembolsos, se hacen cambios por productos disponibles, completando el mismo monto cancelado.</p></section></details><p><br></p>",taxable,,,,,,0,0.0,0.0,0.0,0.0,1,,,,"Correas, Correas > Biothane, Todos los Productos",,,"https://d2j6dbq0eux0bg.cloudfront.net/images/104219285/products/701981763/4587493369.jpg, https://d2j6dbq0eux0bg.cloudfront.net/images/104219285/products/701981763/4587492723.jpg, https://d2j6dbq0eux0bg.cloudfront.net/images/104219285/products/701981763/4587493823.jpg, https://d2j6dbq0eux0bg.cloudfront.net/images/104219285/products/701981763/4587493374.jpg, https://d2j6dbq0eux0bg.cloudfront.net/images/104219285/products/701981763/4587492733.jpg, https://d2j6dbq0eux0bg.cloudfront.net/images/104219285/products/701981763/4587493379.jpg, https://d2j6dbq0eux0bg.cloudfront.net/images/104219285/products/701981763/4587493384.jpg",,,,,"L0272,AL0,MAL,5923050171,L13 L14,L07,BL001-002,AL06PL 3/4",,,,,"Elite K9",Largo,"2', 3', 4', 5', 6', 36"", 42""",1,0,,Ancho,"1/2"", 3/4""",1,0,,Anillo,"Con anillo, Sin anillo",1,0,,701981763,https://www.specialk9.com/Correa-ASAT-p701981763,"Correa ASAT","Descripción Correa de Biothane. Se ven y se sienten como cuero y están aprobados por la policía, el ejército y Schutzhund/IGP para uso extremo. Nunca volverás al cuero. Resistente al estiramiento Resistente al agua, al moho y a la putrefacción Flexible hasta -20° F No se ve afectado por el calor…"
variation,"AL06R 3/4",,"Correa ASAT - 6' / 3/4"" / Con anillo",1,,visible,,,taxable,parent,1,0,1,1,0,,,,,,,,26000.00,,,,,,,AL00,,,,,,,,Largo,6',1,0,,Ancho,"3/4""",1,0,,Anillo,"Con anillo",1,0,,701981763,,,
variation,"AL06 3/4",,"Correa ASAT - 6' / 3/4"" / Sin anillo",1,,visible,,,taxable,parent,1,2,1,1,0,,,,,,,,24500.00,,,,,,,AL00,,,,,,,,Largo,6',1,0,,Ancho,"3/4""",1,0,,Anillo,"Sin anillo",1,0,,701981763,,,
variation,"AL06 1/2",,"Correa ASAT - 6' / 1/2"" / Sin anillo",1,,visible,,,taxable,parent,1,4,1,1,0,,,,,,,,24000.00,,,,,,,AL00,,,,,,,,Largo,6',1,0,,Ancho,"1/2""",1,0,,Anillo,"Sin anillo",1,0,,701981763,,,
variation,"AL05 3/4",,"Correa ASAT - 5' / 3/4"" / Sin anillo",1,,visible,,,taxable,parent,1,0,1,1,0,,,,,,,,21500.00,,,,,,,AL00,,,,,,,,Largo,5',1,0,,Ancho,"3/4""",1,0,,Anillo,"Sin anillo",1,0,,701981763,,,
variation,"AL05 1/2",,"Correa ASAT - 5' / 1/2"" / Sin anillo",1,,visible,,,taxable,parent,1,0,1,1,0,,,,,,,,21500.00,,,,,,,AL00,,,,,,,,Largo,5',1,0,,Ancho,"1/2""",1,0,,Anillo,"Sin anillo",1,0,,701981763,,,
variation,"AL04 1/2",,"Correa ASAT - 4' / 1/2"" / Sin anillo",1,,visible,,,taxable,parent,1,0,1,1,0,,,,,,,,19400.00,,,,,,,AL00,,,,,,,,Largo,4',1,0,,Ancho,"1/2""",1,0,,Anillo,"Sin anillo",1,0,,701981763,,,
variation,"AL04 3/4",,"Correa ASAT - 4' / 3/4"" / Sin anillo",1,,visible,,,taxable,parent,1,0,1,1,0,,,,,,,,21000.00,,,,,,,AL00,,,,,,,,Largo,4',1,0,,Ancho,"3/4""",1,0,,Anillo,"Sin anillo",1,0,,701981763,,,
variation,"AL03 3/4",,"Correa ASAT - 3' / 3/4"" / Sin anillo",1,,visible,,,taxable,parent,1,0,1,1,0,,,,,,,,16000.00,,,,,,,AL00,,,,,,,,Largo,3',1,0,,Ancho,"3/4""",1,0,,Anillo,"Sin anillo",1,0,,701981763,,,
variation,"AL03 1/2",,"Correa ASAT - 3' / 1/2"" / Sin anillo",1,,visible,,,taxable,parent,1,0,1,1,0,,,,,,,,16000.00,,,,,,,AL00,,,,,,,,Largo,3',1,0,,Ancho,"1/2""",1,0,,Anillo,"Sin anillo",1,0,,701981763,,,
variation,"AL02 1/2",,"Correa ASAT - 2' / 1/2"" / Sin anillo",1,,visible,,,taxable,parent,1,0,1,1,0,,,,,,,,15500.00,,,,,,,AL00,,,,,,,,Largo,2',1,0,,Ancho,"1/2""",1,0,,Anillo,"Sin anillo",1,0,,701981763,,,
variation,"AL02 3/4",,"Correa ASAT - 2' / 3/4"" / Sin anillo",1,,visible,,,taxable,parent,1,0,1,1,0,,,,,,,,15500.00,,,,,,,AL00,,,,,,,,Largo,2',1,0,,Ancho,"3/4""",1,0,,Anillo,"Sin anillo",1,0,,701981763,,,
variation,"AL42 3/4",,"Correa ASAT - 42"" / 3/4"" / Con anillo",1,,visible,,,taxable,parent,1,0,1,1,0,,,,,,,,21200.00,,,,,,,AL00,,,,,,,,Largo,"42""",1,0,,Ancho,"3/4""",1,0,,Anillo,"Con anillo",1,0,,701981763,,,
variation,"AL42 1/2",,"Correa ASAT - 42"" / 1/2"" / Con anillo",1,,visible,,,taxable,parent,1,0,1,1,0,,,,,,,,19800.00,,,,,,,AL00,,,,,,,,Largo,"42""",1,0,,Ancho,"1/2""",1,0,,Anillo,"Con anillo",1,0,,701981763,,,
variation,"AL36 3/4",,"Correa ASAT - 36"" / 3/4"" / Con anillo",1,,visible,,,taxable,parent,1,0,1,1,0,,,,,,,,19500.00,,,,,,,AL00,,,,,,,,Largo,"36""",1,0,,Ancho,"3/4""",1,0,,Anillo,"Con anillo",1,0,,701981763,,,
variation,"AL36 1/2",,"Correa ASAT - 36"" / 1/2"" / Con anillo",1,,visible,,,taxable,parent,1,0,1,1,0,,,,,,,,17500.00,,,,,,,AL00,,,,,,,,Largo,"36""",1,0,,Ancho,"1/2""",1,0,,Anillo,"Con anillo",1,0,,701981763,,,
variable,591102307,,"Correa ASAT ajustable",1,0,visible,,"<details><summary>Descripción</summary><section><p>Se ven y se sienten como cuero y están aprobados por la policía, el ejército y Schutzhund/IGP para uso extremo. Nunca volverás al cuero.</p><ul><li>Resistente al estiramiento</li><li>Resistente al agua, al moho y a la putrefacción</li><li>Flexible hasta -20° F</li><li>No se ve afectado por el calor hasta 300° F</li><li>La resistencia a la rotura del cable de 1/2"" (1.27 cm) es de 500 lbs (226.7 kilos).</li><li>La resistencia a la rotura del cable de 3/4"" (1.90 cm) es de 500 libras (226.7 kilos).</li><li>No requieren mantenimiento para estos cables: se limpian fácilmente con un paño húmedo</li><li>Se recomienda el uso de cables de 3/4"" (1.90 cm) durante la agitación y el trabajo de mordida.</li></ul></section></details><details><summary>Garantía</summary><section><div>Garantía por defectos de fábrica. Cortes y mordeduras no serán contemplados dentro de la garantía.</div><div><strong>Devoluciones</strong></div><div>Se realiza cambio si el producto presenta defecto de fábrica. </div><div>Muy respetuosamente pedimos que, al momento de solicitarnos un producto, tenga las medidas necesarias.</div><div>No se hacen reembolsos, se hacen cambios por productos disponibles, completando el mismo monto cancelado.</div></section></details><p><br></p>",taxable,,,,,,0,0.24,0.0,0.0,0.0,1,,,,"Correas, Correas > Biothane, Todos los Productos",,,"https://d2j6dbq0eux0bg.cloudfront.net/images/104219285/products/762212620/5003736974.png, https://d2j6dbq0eux0bg.cloudfront.net/images/104219285/products/762212620/5005242211.png, https://d2j6dbq0eux0bg.cloudfront.net/images/104219285/products/762212620/5005246642.png",,,,,"AL0,AL00,AL01,AL06PL 3/4,LTSA6-LUSC6,LL06",,,,,"Herm Sprenger",Color,Naranja,1,0,,,,,,,,,,,,762212620,https://www.specialk9.com/Correa-ASAT-ajustable-p762212620,"Correa ASAT ajustable","Descripción Se ven y se sienten como cuero y están aprobados por la policía, el ejército y Schutzhund/IGP para uso extremo. Nunca volverás al cuero. Resistente al estiramiento Resistente al agua, al moho y a la putrefacción Flexible hasta -20° F No se ve afectado por el calor hasta 300° F La…"
variation,5911023077,,"Correa ASAT ajustable - Naranja",1,,visible,,,taxable,parent,1,0,1,1,0,,,,,,,,33500.00,,,,,,,591102307,,,,,,,,Color,Naranja,1,0,,,,,,,,,,,,762212620,,,
variable,AL06G,,"Correa ASAT antideslizante",1,0,visible,,"<details><summary>Descripción</summary><section><p>Se ven y se sienten como cuero y están aprobados por la policía, el ejército y Schutzhund/IGP para uso extremo. Nunca volverás al cuero.</p><ul><li>Superficie texturizada</li><li>Resistente al estiramiento</li><li>Resistente al agua, al moho y a la putrefacción</li><li>Flexible hasta -20° F</li><li>No se ve afectado por el calor hasta 300° F</li><li>La resistencia a la rotura del cable de 1/2"" (1.27 cm) es de 500 lbs (226.7 kilos).</li><li>La resistencia a la rotura del cable de 3/4"" (1.90 cm) es de 750 libras (340 kilos).</li><li>No requieren mantenimiento para estos cables: se limpian fácilmente con un paño húmedo</li><li>Se recomienda el uso de cables de 3/4"" (1.90 cm) durante la agitación y el trabajo de mordida.</li></ul></section></details><details><summary>Garantía</summary><section><div>Garantía por defectos de fábrica. Cortes y mordeduras no serán contemplados dentro de la garantía.</div><div><strong>Devoluciones</strong></div><div>Se realiza cambio si el producto presenta defecto de fábrica. </div><div>Muy respetuosamente pedimos que, al momento de solicitarnos un producto, tenga las medidas necesarias.</div><div>No se hacen reembolsos, se hacen cambios por productos disponibles, completando el mismo monto cancelado.</div></section></details><p><br></p>",taxable,,,,,,0,0.24,0.0,0.0,0.0,1,,,,"Correas, Correas > Biothane, Todos los Productos",,,"https://d2j6dbq0eux0bg.cloudfront.net/images/104219285/products/695890980/4542185121.jpg, https://d2j6dbq0eux0bg.cloudfront.net/images/104219285/products/695890980/4576613204.png",,,,,"AL0,AL00,AL01,AL06PL 3/4,LTSA6-LUSC6,LL06",,,,,"Elite K9",Largo,"6"", 15""",1,0,,,,,,,,,,,,695890980,https://www.specialk9.com/Correa-ASAT-antideslizante-p695890980,"Correa ASAT antideslizante","Descripción Se ven y se sienten como cuero y están aprobados por la policía, el ejército y Schutzhund/IGP para uso extremo. Nunca volverás al cuero. Superficie texturizada Resistente al estiramiento Resistente al agua, al moho y a la putrefacción Flexible hasta -20° F No se ve afectado por el calor…"
variation,AL15G,,"Correa ASAT antideslizante - 15""",1,,visible,,,taxable,parent,1,-2,1,1,0,,,,,,,,34875.00,,,,,,,AL06G,,,,,,,,Largo,"15""",1,0,,,,,,,,,,,,695890980,,,
variation,AL6G,,"Correa ASAT antideslizante - 6""",1,,visible,,,taxable,parent,1,3,1,1,0,,,,,,,,24000.00,,,,,,,AL06G,,,,,,,,Largo,"6""",1,0,,,,,,,,,,,,695890980,,,
variable,MAL,,"Correa ASAT Coyote",1,0,visible,,"<details><summary>Descripción</summary><section><p>Correa color café coyote. Se ven y se sienten como cuero y están aprobados por la policía, el ejército y Schutzhund/IGP para uso extremo. Nunca volverás al cuero.</p><ul><li>Resistente al estiramiento</li><li>Resistente al agua, al moho y a la putrefacción</li><li>Flexible hasta -20° F</li><li>No se ve afectado por el calor hasta 300° F</li><li>La resistencia a la rotura del cable de 3/4"" (1.90 cm) es de 750 libras (340 kilos).</li><li>No requieren mantenimiento para estos cables: se limpian fácilmente con un paño húmedo</li><li>Se recomienda el uso de cables de 3/4"" (1.90 cm) durante la agitación y el trabajo de mordida.</li></ul></section></details><details><summary>Garantía</summary><section><div>Garantía por defectos de fábrica. Cortes y mordeduras no serán contemplados dentro de la garantía.</div><div><strong>Devoluciones</strong></div><div>Se realiza cambio si el producto presenta defecto de fábrica. </div><div>Muy respetuosamente pedimos que, al momento de solicitarnos un producto, tenga las medidas necesarias.</div><div>No se hacen reembolsos, se hacen cambios por productos disponibles, completando el mismo monto cancelado.</div></section></details>",taxable,,,,,,0,0.0,0.0,0.0,0.0,1,,,,"Correas, Correas > Biothane, Todos los Productos",,,https://d2j6dbq0eux0bg.cloudfront.net/images/104219285/products/695890828/4541982416.jpg,,,,,"AL06G,AL00,AL06PL 3/4,LTSA6-LUSC6,LL06,L0272,AL100,AL0",,,,,"Elite K9",Anillo,"Con anillo, Sin anillo",1,0,,Largo,"36"", 42"", 2', 6', 10', 15', 33'",1,0,,Ancho,"1/2"", 3/4""",1,0,,695890828,https://www.specialk9.com/Correa-ASAT-Coyote-p695890828,"Correa ASAT Coyote","Descripción Correa color café coyote. Se ven y se sienten como cuero y están aprobados por la policía, el ejército y Schutzhund/IGP para uso extremo. Nunca volverás al cuero. Resistente al estiramiento Resistente al agua, al moho y a la putrefacción Flexible hasta -20° F No se ve afectado por el…"
variation,MAL33,,"Correa ASAT Coyote - Sin anillo / 33' / 3/4""",1,,visible,,,taxable,parent,1,0,1,1,0,,,,,,,,35900.00,,,,,,,MAL,,,,,,,,Anillo,"Sin anillo",1,0,,Largo,33',1,0,,Ancho,"3/4""",1,0,,695890828,,,
variation,MAL15,,"Correa ASAT Coyote - Sin anillo / 15' / 3/4""",1,,visible,,,taxable,parent,1,0,1,1,0,,,,,,,,32200.00,,,,,,,MAL,,,,,,,,Anillo,"Sin anillo",1,0,,Largo,15',1,0,,Ancho,"3/4""",1,0,,695890828,,,
variation,MAL10,,"Correa ASAT Coyote - Sin anillo / 10' / 3/4""",1,,visible,,,taxable,parent,1,0,1,1,0,,,,,,,,30500.00,,,,,,,MAL,,,,,,,,Anillo,"Sin anillo",1,0,,Largo,10',1,0,,Ancho,"3/4""",1,0,,695890828,,,
variation,"MAL06 3/4",,"Correa ASAT Coyote - Sin anillo / 6' / 3/4""",1,,visible,,,taxable,parent,1,0,1,1,0,,,,,,,,24000.00,,,,,,,MAL,,,,,,,,Anillo,"Sin anillo",1,0,,Largo,6',1,0,,Ancho,"3/4""",1,0,,695890828,,,
variation,MAL042,,"Correa ASAT Coyote - Sin anillo / 42"" / 3/4""",1,,visible,,,taxable,parent,1,0,1,1,0,,,,,,,,21200.00,,,,,,,MAL,,,,,,,,Anillo,"Sin anillo",1,0,,Largo,"42""",1,0,,Ancho,"3/4""",1,0,,695890828,,,
variation,"MAL042 R",,"Correa ASAT Coyote - Con anillo / 42"" / 3/4""",1,,visible,,,taxable,parent,1,1,1,1,0,,,,,,,,21200.00,,,,,,,MAL,,,,,,,,Anillo,"Con anillo",1,0,,Largo,"42""",1,0,,Ancho,"3/4""",1,0,,695890828,,,
variation,"MAL036 3/4",,"Correa ASAT Coyote - Sin anillo / 36"" / 3/4""",1,,visible,,,taxable,parent,1,0,1,1,0,,,,,,,,19500.00,,,,,,,MAL,,,,,,,,Anillo,"Sin anillo",1,0,,Largo,"36""",1,0,,Ancho,"3/4""",1,0,,695890828,,,
variation,"MAL036 R",,"Correa ASAT Coyote - Con anillo / 36"" / 3/4""",1,,visible,,,taxable,parent,1,0,1,1,0,,,,,,,,19500.00,,,,,,,MAL,,,,,,,,Anillo,"Con anillo",1,0,,Largo,"36""",1,0,,Ancho,"3/4""",1,0,,695890828,,,
variation,MAL02,,"Correa ASAT Coyote - Sin anillo / 2' / 3/4""",1,,visible,,,taxable,parent,1,1,1,1,0,,,,,,,,17500.00,,,,,,,MAL,,,,,,,,Anillo,"Sin anillo",1,0,,Largo,2',1,0,,Ancho,"3/4""",1,0,,695890828,,,
simple,"AL06PL 3/4",,"Correa ASAT Police",1,0,visible,,"<details><summary>Descripción</summary><section><p>Se ven y se sienten como cuero y están aprobados por la policía, el ejército y Schutzhund para uso extremo.</p><ul><li>Resistente al estiramiento</li><li>Resistente al agua, al moho y a la putrefacción</li><li>Flexible hasta -20° F</li><li>No se ve afectado por el calor hasta 300° F</li><li>La resistencia a la rotura de la correa de 3/4"" (1.90 cm) es de 750 libras (340 klios) .</li><li>No requieren mantenimiento para estas correas: se limpian fácilmente con un paño húmedo</li><li>Se recomienda el uso de correas de 3/4"" (1.90 cm) durante la agitación y el trabajo de mordida.</li></ul><p>NOTA: Esta correa policial de 6' (1.82 metros ) está disponible solo en 3/4"" (1.90 cm) de ancho.</p></section></details><details><summary>Garantía</summary><section><div>Garantía por defectos de fábrica. Cortes y mordeduras no serán contemplados dentro de la garantía.</div><div><strong>Devoluciones</strong></div><div>Se realiza cambio si el producto presenta defecto de fábrica. </div><div>Muy respetuosamente pedimos que, al momento de solicitarnos un producto, tenga las medidas necesarias.</div><div>No se hacen reembolsos, se hacen cambios por productos disponibles, completando el mismo monto cancelado.</div></section></details><p><br></p>",taxable,,1,1,1,0,0,0.32,0.0,0.0,0.0,1,,,33000.00,"Correas, Correas > Biothane, Todos los Productos",,,https://d2j6dbq0eux0bg.cloudfront.net/images/104219285/products/695799449/4541428688.jpg,,,,,"L0272,LL06,AL100,5923050171,L13 L14,L07,BL001-002",,,,,"Elite K9",,,,,,,,,,,,,,,,695799449,https://www.specialk9.com/Correa-ASAT-Police-p695799449,"Correa ASAT Police","Descripción Se ven y se sienten como cuero y están aprobados por la policía, el ejército y Schutzhund para uso extremo. Resistente al estiramiento Resistente al agua, al moho y a la putrefacción Flexible hasta -20° F No se ve afectado por el calor hasta 300° F La resistencia a la rotura de la correa…"
simple,B7242-4,193756167643,"Correa ASAT Reflectiva",1,0,visible,,"<details><summary>Descripción</summary><section><p>Se ven y se sienten como cuero y están aprobados por la policía, el ejército y Schutzhund para uso extremo. Nunca volverás al cuero.</p><ul><li>Resistente al estiramiento</li><li>Resistente al agua, al moho y a la putrefacción</li><li>La resistencia a la rotura del cable de 3/4"" (1.90 cm) es de 500 libras (226.7 kilos).</li><li>No requieren mantenimiento para estos cables: se limpian fácilmente con un paño húmedo</li><li>Se recomienda el uso de correas de 3/4"" (1.90 cm) durante la agitación y el trabajo de mordida.</li><li>Medidas: 4' (1.21 metros) pies de largo x 3/4"" (1.90 cm) de pulgada de ancho</li></ul></section></details><details><summary>Garantía</summary><section><div>Garantía por defectos de fábrica. Cortes y mordeduras no serán contemplados dentro de la garantía.</div><div><strong>Devoluciones</strong></div><div>Se realiza cambio si el producto presenta defecto de fábrica. </div><div>Muy respetuosamente pedimos que, al momento de solicitarnos un producto, tenga las medidas necesarias.</div><div>No se hacen reembolsos, se hacen cambios por productos disponibles, completando el mismo monto cancelado.</div></section></details><p><br></p>",taxable,,1,1,1,0,0,0.32,0.0,0.0,0.0,1,,,27500.00,"Correas, Correas > Biothane, Todos los Productos",,,"https://d2j6dbq0eux0bg.cloudfront.net/images/104219285/products/750647390/4999362642.png, https://d2j6dbq0eux0bg.cloudfront.net/images/104219285/products/750647390/4999379026.png, https://d2j6dbq0eux0bg.cloudfront.net/images/104219285/products/750647390/4999348244.png",,,,,"L0272,LL06,AL100,5923050171,L13 L14,L07,BL001-002",,,,,DogLine,,,,,,,,,,,,,,,,750647390,https://www.specialk9.com/Correa-ASAT-Reflectiva-p750647390,"Correa ASAT Reflectiva","Descripción Se ven y se sienten como cuero y están aprobados por la policía, el ejército y Schutzhund para uso extremo. Nunca volverás al cuero. Resistente al estiramiento Resistente al agua, al moho y a la putrefacción La resistencia a la rotura del cable de 3/4"" (1.90 cm) es de 500 libras (226.7…"
simple,L0272,,"Correa Boston Leather Police",1,0,visible,,"<details><summary>Descripción</summary><section><ul><li>72"" (1.9 metros) de largo 1"" (2.54 cm) de ancho</li><li>Dos anillos en D estacionarios y un anillo en O flotante. Broches tipo perno en ambos extremos.</li><li>Se ajusta en diferentes lugares para formar cables de 40"" (1.01 metros), 50"" (1.27 metros), 60"" (1.52 metros) y una longitud total de 72"" (1.9 metros)</li><li>Cuero de alta calidad</li></ul></section></details><details><summary>Garantía</summary><section><div>Garantía por defectos de fábrica. Cortes y mordeduras no serán contemplados dentro de la garantía.</div><div><strong>Devoluciones</strong></div><div>Se realiza cambio si el producto presenta defecto de fábrica. </div><div>Muy respetuosamente pedimos que, al momento de solicitarnos un producto, tenga las medidas necesarias.</div><div>No se hacen reembolsos, se hacen cambios por productos disponibles, completando el mismo monto cancelado.</div></section></details>",taxable,,0,0,1,0,0,0.3,0.0,0.0,0.0,1,,,46000.00,"Correas, Correas > Cuero, Todos los Productos",,,https://d2j6dbq0eux0bg.cloudfront.net/images/104219285/products/695799412/4541346383.jpg,,,,,"LL06,AL100,AL0,AL06PL 3/4,AL00,L13 L14,L01",,,,,"Boston Leather",,,,,,,,,,,,,,,,695799412,https://www.specialk9.com/Correa-Boston-Leather-Police-p695799412,"Correa Boston Leather Police","Descripción 72"" (1.9 metros) de largo 1"" (2.54 cm) de ancho Dos anillos en D estacionarios y un anillo en O flotante. Broches tipo perno en ambos extremos. Se ajusta en diferentes lugares para formar cables de 40"" (1.01 metros), 50"" (1.27 metros), 60"" (1.52 metros) y una longitud total de 72"" (1.9…"
variable,BL001-002,,"Correa Bungee Táctica",1,0,visible,,"<details><summary>Descripción</summary><section><p>Correa elástica bungee táctica con liberación rápida.</p><p>Medida: 28"" (71 cm) de largo - se extiende hasta 38"" (96 cm)<br></p><div>Esta correa fue diseñada para manejadores K-9 de operaciones especiales y policial. La correa elástica tiene un anillo en el mango que se fija al cinturón de liberación rápida. Si el perro tira, sentirá la fuerte tensión del bungee, pensará que lo están corrigiendo y automáticamente volverá a la posición del talón. Le permite liberar sus manos para usar su arma de fuego y aún así controlar su K-9. La hebilla de liberación rápida te permite desplegar a tu perro más rápido.</div></section></details><details><summary>Garantía</summary><section><div>Garantía por defectos de fábrica. Cortes y mordeduras no serán contemplados dentro de la garantía.</div><div><strong>Devoluciones</strong></div><div>Se realiza cambio si el producto presenta defecto de fábrica. </div><div>Muy respetuosamente pedimos que, al momento de solicitarnos un producto, tenga las medidas necesarias.</div><p>No se hacen reembolsos, se hacen cambios por productos disponibles, completando el mismo monto cancelado.</p></section></details>",taxable,,,,,,0,0.34,0.0,0.0,0.0,1,,,,"Correas, Correas > Nylon, Todos los Productos",,,https://d2j6dbq0eux0bg.cloudfront.net/images/104219285/products/695799598/4541262184.jpg,,,,,"LL06,L0272,AL00",,,,,"Elite K9",Color,"Negro, Coyote",1,0,,,,,,,,,,,,695799598,https://www.specialk9.com/Correa-Bungee-Tactica-p695799598,"Correa Bungee Táctica","Descripción Correa elástica bungee táctica con liberación rápida. Medida: 28"" (71 cm) de largo - se extiende hasta 38"" (96 cm) Esta correa fue diseñada para manejadores K-9 de operaciones especiales y policial. La correa elástica tiene un anillo en el mango que se fija al cinturón de liberación…"
variation,"Bl001 + BL002 C",,"Correa Bungee Táctica - Coyote",1,,visible,,,taxable,parent,1,0,1,1,0,,,,,,,,95100.00,,,,,,,BL001-002,,,,,,,,Color,Coyote,1,0,,,,,,,,,,,,695799598,,,
variation,"BL001 + BL002 B",,"Correa Bungee Táctica - Negro",1,,visible,,,taxable,parent,1,2,1,1,0,,,,,,,,95100.00,,,,,,,BL001-002,,,,,,,,Color,Negro,1,0,,,,,,,,,,,,695799598,,,
simple,60176,,"Correa con hebilla de liberación rápida",1,0,visible,,"<details><summary>Descripción</summary><section><div>Los clips de aluminio de aviación brindan resistencia sin el peso.</div><div>Clip de dos gatillos fácil de usar para una conexión rápida y segura.</div><div>Materiales duraderos y ligeros para un uso cómodo y duradero.</div><p>Medidas:<br>Largo: 6 pies (1.8mts)<br>Ancho 1 pulgada (2.54cm)</p></section></details><details><summary>Garantía</summary><section><div>Garantía por defectos de fábrica. Cortes y mordeduras no serán contemplados dentro de la garantía.</div><div><strong>Devoluciones</strong></div><div>Se realiza cambio si el producto presenta defecto de fábrica. </div><div>Muy respetuosamente pedimos que, al momento de solicitarnos un producto, tenga las medidas necesarias.</div><div>No se hacen reembolsos, se hacen cambios por productos disponibles, completando el mismo monto cancelado.</div></section></details><p><br></p>",taxable,,1,1,1,1,0,0.2,0.0,0.0,0.0,1,,,45000.00,"Correas, Correas > Nylon, Todos los Productos",,,"https://d2j6dbq0eux0bg.cloudfront.net/images/104219285/5005810480.png, https://d2j6dbq0eux0bg.cloudfront.net/images/104219285/5005810495.jpg, https://d2j6dbq0eux0bg.cloudfront.net/images/104219285/5005873750.jpg, https://d2j6dbq0eux0bg.cloudfront.net/images/104219285/5005826184.jpg",,,,,"LTSA6-LUSC6,BL001-002,AL06G",,,,,"Boss Dog",,,,,,,,,,,,,,,,762516592,https://www.specialk9.com/Correa-con-hebilla-de-liberacion-rapida-p762516592,"Correa con hebilla de liberación rápida","Descripción Los clips de aluminio de aviación brindan resistencia sin el peso. Clip de dos gatillos fácil de usar para una conexión rápida y segura. Materiales duraderos y ligeros para un uso cómodo y duradero. Medidas: Largo: 6 pies (1.8mts) Ancho 1 pulgada (2.54cm) Garantía Garantía por defectos…"
simple,N0469-3,796546043907,"Correa con letras reflectivas",1,0,visible,,"<details><summary>Descripción</summary><section>Correa de nailon fabricadas con letras reflectantes visibles en ambos lados, están hechas de nailon resistente con mosquetón sacavueltas niquelado para mayor durabilidad. Las costuras reforzadas en los puntos de tensión le otorgan mayor resistencia. <br>Medidas: 6' (1.82 metros) de largo x 1"" (2.54 cm) ancho</section></details><details><summary>Garantía</summary><section><div>Garantía por defectos de fábrica. Cortes y mordeduras no serán contemplados dentro de la garantía.</div><div><strong>Devoluciones</strong></div><div>Se realiza cambio si el producto presenta defecto de fábrica. </div><div>Muy respetuosamente pedimos que, al momento de solicitarnos un producto, tenga las medidas necesarias.</div><div>No se hacen reembolsos, se hacen cambios por productos disponibles, completando el mismo monto cancelado.</div></section></details><p><br></p>",taxable,,1,1,1,0,0,0.5,0.0,0.0,0.0,1,,,16000.00,"Correas > Nylon, Todos los Productos",,,"https://d2j6dbq0eux0bg.cloudfront.net/images/104219285/products/753731892/4940918378.png, https://d2j6dbq0eux0bg.cloudfront.net/images/104219285/products/753731892/4940918363.png, https://d2j6dbq0eux0bg.cloudfront.net/images/104219285/products/753731892/4940918368.png, https://d2j6dbq0eux0bg.cloudfront.net/images/104219285/products/753731892/4940918373.png",,,,,"L13 L14,L07,5923050171,BL001-002,LL06",,,,,DogLine,,,,,,,,,,,,,,,,753731892,https://www.specialk9.com/Correa-con-letras-reflectivas-p753731892,"Correa con letras reflectivas","Descripción Correa de nailon fabricadas con letras reflectantes visibles en ambos lados, están hechas de nailon resistente con mosquetón sacavueltas niquelado para mayor durabilidad. Las costuras reforzadas en los puntos de tensión le otorgan mayor resistencia. Medidas: 6' (1.82 metros) de largo x…"
variable,AL0,,"Correa de Arrastre ASAT",1,0,visible,,"<details><summary>Descripción</summary><section><p>Estos nuevos correa ASAT son la próxima generación en cables K-9. Se ven y se sienten como cuero y están aprobados por la policía, el ejército y Schutzhund para uso extremo. Nunca volverás al cuero.</p><ul><li>Resistente al estiramiento</li><li>Resistente al agua, al moho y a la putrefacción</li><li>Flexible hasta -20° F</li><li>No se ve afectado por el calor hasta 300° F</li><li>La resistencia a la rotura del cable de 1/2"" (1.27 cm) es de 500 lbs (226.7 kilos).</li><li>La resistencia a la rotura del cable de 3/4"" (1.90 cm) es de 750 libras (340 kilos).</li><li>No requieren mantenimiento para estos cables: se limpian fácilmente con un paño húmedo</li><li>Se recomienda el uso de cables de 3/4"" (1.90 cm) durante la agitación y el trabajo de mordida.</li></ul></section></details><details><summary>Garantía</summary><section><div>Garantía por defectos de fábrica. Cortes y mordeduras no serán contemplados dentro de la garantía.</div><div><strong>Devoluciones</strong></div><div>Se realiza cambio si el producto presenta defecto de fábrica. </div><div>Muy respetuosamente pedimos que, al momento de solicitarnos un producto, tenga las medidas necesarias.</div><div>No se hacen reembolsos, se hacen cambios por productos disponibles, completando el mismo monto cancelado.</div></section></details>",taxable,,,,,,0,0.2,0.0,0.0,0.0,1,,,,"Correas, Correas > Biothane, Todos los Productos",,,"https://d2j6dbq0eux0bg.cloudfront.net/images/104219285/products/696660324/4547385132.jpg, https://d2j6dbq0eux0bg.cloudfront.net/images/104219285/products/696660324/4578541132.jpg",,,,,"5923050171,L13 L14,L15 L18,L07,BL001-002,MAL,AL00",,,,,"Elite K9",Tamaño,"22"", 3', 4', 6'",1,0,,Ancho,"3/4"", 1/2""",1,0,,,,,,,696660324,https://www.specialk9.com/Correa-de-Arrastre-ASAT-p696660324,"Correa de Arrastre ASAT","Descripción Estos nuevos correa ASAT son la próxima generación en cables K-9. Se ven y se sienten como cuero y están aprobados por la policía, el ejército y Schutzhund para uso extremo. Nunca volverás al cuero. Resistente al estiramiento Resistente al agua, al moho y a la putrefacción Flexible hasta…"
variation,"AL06D 3/4",,"Correa de Arrastre ASAT - 6' / 3/4""",1,,visible,,,taxable,parent,1,2,1,1,0,,,,,,,,23500.00,,,,,,,AL0,,,,,,,,Tamaño,6',1,0,,Ancho,"3/4""",1,0,,,,,,,696660324,,,
variation,"AL04D 3/4",,"Correa de Arrastre ASAT - 4' / 3/4""",1,,visible,,,taxable,parent,1,0,1,1,0,,,,,,,,16000.00,,,,,,,AL0,,,,,,,,Tamaño,4',1,0,,Ancho,"3/4""",1,0,,,,,,,696660324,,,
variation,"AL03D 3/4",,"Correa de Arrastre ASAT - 3' / 3/4""",1,,visible,,,taxable,parent,1,0,1,1,0,,,,,,,,15500.00,,,,,,,AL0,,,,,,,,Tamaño,3',1,0,,Ancho,"3/4""",1,0,,,,,,,696660324,,,
variation,"AL06D 1/2",,"Correa de Arrastre ASAT - 6' / 1/2""",1,,visible,,,taxable,parent,1,2,1,1,0,,,,,,,,12900.00,,,,,,,AL0,,,,,,,,Tamaño,6',1,0,,Ancho,"1/2""",1,0,,,,,,,696660324,,,
variation,"AL04D 1/2",,"Correa de Arrastre ASAT - 4' / 1/2""",1,,visible,,,taxable,parent,1,0,1,1,0,,,,,,,,15000.00,,,,,,,AL0,,,,,,,,Tamaño,4',1,0,,Ancho,"1/2""",1,0,,,,,,,696660324,,,
variation,"AL03D 1/2",,"Correa de Arrastre ASAT - 3' / 1/2""",1,,visible,,,taxable,parent,1,0,1,1,0,,,,,,,,15500.00,,,,,,,AL0,,,,,,,,Tamaño,3',1,0,,Ancho,"1/2""",1,0,,,,,,,696660324,,,
variation,AL0022,,"Correa de Arrastre ASAT - 22"" / 1/2""",1,,visible,,,taxable,parent,1,3,1,1,0,,,,,,,,12900.00,,,,,,,AL0,,,,,,,,Tamaño,"22""",1,0,,Ancho,"1/2""",1,0,,,,,,,696660324,,,
simple,"DG LD 2m",,"Correa de Arrastre Cuero",1,0,visible,,"<details><summary>Descripción</summary><section><p>Correa de cuero trenzado de 2 metros, sin agarre</p><ul><li>Correa trenzada hecha de cuero de color negro.</li><li>12mm de ancho </li><li>Mosquetón de latón resistente</li></ul></section></details><details><summary>Garantía</summary><section><div>Garantía por defectos de fábrica. Cortes y mordeduras no serán contemplados dentro de la garantía.</div><div><strong>Devoluciones</strong></div><div>Se realiza cambio si el producto presenta defecto de fábrica. </div><div>Muy respetuosamente pedimos que, al momento de solicitarnos un producto, tenga las medidas necesarias.</div><div>No se hacen reembolsos, se hacen cambios por productos disponibles, completando el mismo monto cancelado.</div></section></details><p><br></p>",taxable,,1,3,1,0,0,0.3,0.0,0.0,0.0,1,,,37200.00,"Correas, Correas > Cuero, Todos los Productos",,,https://d2j6dbq0eux0bg.cloudfront.net/images/104219285/products/759868293/4983218143.jpg,,,,,"L01,MAL,AL06G,AL00,L13 L14,L07,BL001-002",,,,,DogLine,,,,,,,,,,,,,,,,759868293,https://www.specialk9.com/Correa-de-Arrastre-Cuero-p759868293,"Correa de Arrastre Cuero","Descripción Correa de cuero trenzado de 2 metros, sin agarre Correa trenzada hecha de cuero de color negro. 12mm de ancho Mosquetón de latón resistente Garantía Garantía por defectos de fábrica. Cortes y mordeduras no serán contemplados dentro de la garantía. Devoluciones Se realiza cambio si el…"
variable,AWP6B,,"Correa de Asalto 6' – Impermeable",1,1,visible,,"<p>Enlace reforzado entre el herraje y la cinta.</p><p> Cinta con doble costura para evitar desprendimientos.<br> Mango integrado para un control preciso.<br> Herraje Griphook™.</p><p><strong>Opciones de color:</strong> Negro, Olive Drab o Coyote Tan.</p><p><strong>Grabado básico disponible:</strong> “POLICE”, “SHERIFF” o sin grabado.<br> El color del bordado se selecciona para combinar discretamente con la cinta.</p><p><strong>Garantía de por vida.</strong></p><p>La cinta es completamente impermeable y a prueba de polvo; la vegetación con espinas no se adhiere. Su acabado imita la apariencia y sensación del cuero, pero al ser sintética es más ligera, más resistente y soporta hasta <strong>3,000 lb</strong> de fuerza de ruptura.</p>",taxable,,,,,,0,0.0,0.0,0.0,0.0,1,,,,"Correas, Correas > Nylon, Todos los Productos",,,"https://d2j6dbq0eux0bg.cloudfront.net/images/104219285/products/826968530/5686113040.jpg, https://d2j6dbq0eux0bg.cloudfront.net/images/104219285/products/826968530/5695027343.jpg, https://d2j6dbq0eux0bg.cloudfront.net/images/104219285/products/826968530/5695051797.jpg, https://d2j6dbq0eux0bg.cloudfront.net/images/104219285/products/826968530/5686111378.jpg",,,,,,,,,52,"K9 Storm",Color,"Negro, Coyote, Verde Oliva",1,0,,,,,,,,,,,,826968530,https://www.specialk9.com/Correa-de-Asalto-6-Impermeable-p826968530,"Correa de Asalto 6' – Impermeable","Enlace reforzado entre el herraje y la cinta. Cinta con doble costura para evitar desprendimientos. Mango integrado para un control preciso. Herraje Griphook™. Opciones de color: Negro, Olive Drab o Coyote Tan. Grabado básico disponible: “POLICE”, “SHERIFF” o sin grabado. El color del bordado se…"
variation,"AWP6B - OD",,"Correa de Asalto 6' – Impermeable - Verde Oliva",1,,visible,,,taxable,parent,1,0,1,1,0,,,,,,,,159500.00,,,,,,,AWP6B,,,,,,,,Color,"Verde Oliva",1,0,,,,,,,,,,,,826968530,,,
variation,"AWP6B - CYT",,"Correa de Asalto 6' – Impermeable - Coyote",1,,visible,,,taxable,parent,1,0,1,1,0,,,,,,,,159500.00,,,,,,,AWP6B,,,,,,,,Color,Coyote,1,0,,,,,,,,,,,,826968530,,,
variation,"AWP6B - BLK",,"Correa de Asalto 6' – Impermeable - Negro",1,,visible,,,taxable,parent,1,0,1,1,0,,,,,,,,159500.00,,,,,,,AWP6B,,,,,,,,Color,Negro,1,0,,,,,,,,,,,,826968530,,,
simple,L320,,"Correa de Cuero 3/4""",1,0,visible,,"<details><summary>Descripción</summary><section><ul><li>Correa trenzada de 6' (1.82 meteros)</li><li><div>3/4"" (1.90 cm) de ancho</div></li><li>Cosida con doble costura en ambos extremos con hilo de nailon</li><li>Fabricada con cuero natural, por lo que no tiene tinte que pueda desteñirse o manchar sus manos.</li></ul><ul><li>Mosquetón de alta resistencia.</li></ul></section></details><details><summary>Garantía</summary><section><div>Garantía por defectos de fábrica. Cortes y mordeduras no serán contemplados dentro de la garantía.</div><div><strong>Devoluciones</strong></div><div>Se realiza cambio si el producto presenta defecto de fábrica. </div><div>Muy respetuosamente pedimos que, al momento de solicitarnos un producto, tenga las medidas necesarias.</div><div>No se hacen reembolsos, se hacen cambios por productos disponibles, completando el mismo monto cancelado.</div></section></details>",taxable,,0,0,1,0,0,0.24,0.0,0.0,0.0,1,,,34000.00,"Correas, Correas > Cuero, Todos los Productos",,,https://d2j6dbq0eux0bg.cloudfront.net/images/104219285/products/766228901/5041733191.jpg,,,,,"LL06,L0272,AL06PL 3/4,MAL,AL00,AL01",,,,,"For Dog Trainers",,,,,,,,,,,,,,,,766228901,https://www.specialk9.com/Correa-de-Cuero-3-4-p766228901,"Correa de Cuero 3/4""","Descripción Correa trenzada de 6' (1.82 meteros) 3/4"" (1.90 cm) de ancho Cosida con doble costura en ambos extremos con hilo de nailon Fabricada con cuero natural, por lo que no tiene tinte que pueda desteñirse o manchar sus manos. Mosquetón de alta resistencia. Garantía Garantía por defectos de…"
variable,L1,,"Correa de Cuero Ajustable Multiusos",-1,1,hidden,,"<details><summary>Descripción</summary><section><p><input type=""text"" class=""field__input"" id=""gwt-uid-16203"">Diseñada para adaptarse a diferentes situaciones de manejo, esta correa multipropósito ofrece múltiples configuraciones de uso gracias a su sistema de anillas y puntos de ajuste. Puede utilizarse como correa corta de control, correa larga para paseo, sujeción temporal o incluso en configuración manos libres, convirtiéndose en una herramienta versátil para entrenamiento, trabajo y uso diario.</p><p>Fabricada en cuero genuino de alta calidad, combina flexibilidad y resistencia para soportar un uso constante sin comprometer la comodidad del guía. Sus herrajes de latón macizo aportan una excelente durabilidad y resistencia a la corrosión, además de un acabado clásico y profesional.</p></section></details><details><summary>Especificaciones técnicas</summary><section><li>Marca: Dogline </li><li> Modelo: Leather Adjustable Multi-Purpose Leash </li><li> Tipo de producto: Correa multipropósito ajustable para perro </li><li> Material principal: Cuero genuino</li><li> Herrajes: Latón macizo </li><li> Sistema de ajuste multiposición </li><li> Múltiples puntos de anclaje y configuración </li><li> Mosquetones metálicos en ambos extremos </li><li> Anillas metálicas integradas </li><li> Uso recomendado: Paseo diario, obediencia, entrenamiento, trabajo K9 y manejo manos libres.</li></section></details>",taxable,,,,,,0,0.0,0.0,0.0,0.0,1,,,,,,,"https://d2j6dbq0eux0bg.cloudfront.net/images/104219285/products/848627844/5891358731.jpg, https://d2j6dbq0eux0bg.cloudfront.net/images/104219285/products/848627844/5891274441.jpg, https://d2j6dbq0eux0bg.cloudfront.net/images/104219285/products/848627844/5891274447.jpg",,,,,,,,,91,DogLine,Ancho,"3/4"", 1/2""",1,0,,,,,,,,,,,,848627844,https://www.specialk9.com/Correa-de-Cuero-Ajustable-Multiusos-p848627844,"Correa de Cuero Ajustable Multiusos","Descripción Diseñada para adaptarse a diferentes situaciones de manejo, esta correa multipropósito ofrece múltiples configuraciones de uso gracias a su sistema de anillas y puntos de ajuste. Puede utilizarse como correa corta de control, correa larga para paseo, sujeción temporal o incluso en…"
variation,L113,,"Correa de Cuero Ajustable Multiusos - 1/2""",-1,,visible,,,taxable,parent,1,0,1,1,0,,,,,,,,0.00,,,,,,,L1,,,,,,,,Ancho,"1/2""",1,0,,,,,,,,,,,,848627844,,,
variation,L120,,"Correa de Cuero Ajustable Multiusos - 3/4""",-1,,visible,,,taxable,parent,1,0,1,1,0,,,,,,,,0.00,,,,,,,L1,,,,,,,,Ancho,"3/4""",1,0,,,,,,,,,,,,848627844,,,
variable,L32001073,,"Correa de cuero artesanal para perro con trenzado elegante",1,1,visible,,"<p>¿La correa de tu perro se ha roto con un tirón repentino? Deja de gastar dinero en correas frágiles. Como fabricantes directos, sabemos exactamente qué debe tener una correa de alta calidad. El excelente trabajo de nuestros artesanos ya ha sido confirmado por numerosos comentarios positivos de dueños de perros satisfechos. Ahora te invitamos a que tú también seas uno de ellos.</p><p>La <strong>correa de cuero premium para perro</strong> que ofrecemos está fabricada con cuero de la mejor calidad. Sus extremos están reforzados con remaches, lo que la hace aún más resistente y prácticamente irrompible. Además, entendemos que hoy en día no solo buscas funcionalidad, sino también estilo.</p><p>Esta correa de cuero está decorada con un elegante trenzado y, combinada con el <strong>collar de cuero trenzado</strong> disponible en nuestra tienda online, hará que tu perro luzca moderno, único y distinguido.<br><br><strong><span style=""font-size: 18px;"">Características:<br></span></strong></p><li>Cuero 100 % de grano completo</li><li> Extra resistente y duradero</li><li> Mosquetón de latón de color dorado</li><li> Hecho a mano por artesanos</li><li> Decoración trenzada en ambos extremos</li><li> Cuero de 20 mm (3/4"") de ancho con bordes suaves y encerados</li><li> Herrajes resistentes al óxido</li><li> Remaches dorados a juego con el mosquetón</li><p><strong><span style=""font-size: 18px;"">       </span></strong><br></p>",taxable,,,,,,0,0.0,0.0,0.0,0.0,1,,,,"Correas, Correas > Cuero",,,"https://d2j6dbq0eux0bg.cloudfront.net/images/104219285/products/809942241/5530031023.jpg, https://d2j6dbq0eux0bg.cloudfront.net/images/104219285/products/809942241/5530031029.jpg, https://d2j6dbq0eux0bg.cloudfront.net/images/104219285/products/809942241/5530014210.jpg",,,,,,,,,32,,Tamaño,"4 pies (1.20m), 6 pies (1.60m)",1,0,,Color,"Negro, Café, Marron Claro",1,0,,,,,,,809942241,https://www.specialk9.com/Correa-de-cuero-artesanal-para-perro-con-trenzado-elegante-p809942241,"Correa de cuero artesanal para perro con trenzado elegante","¿La correa de tu perro se ha roto con un tirón repentino? Deja de gastar dinero en correas frágiles. Como fabricantes directos, sabemos exactamente qué debe tener una correa de alta calidad. El excelente trabajo de nuestros artesanos ya ha sido confirmado por numerosos comentarios positivos de…"
variation,L32001073-TN6,,"Correa de cuero artesanal para perro con trenzado elegante - 6 pies (1.60m) / Marron Claro",1,,visible,,,taxable,parent,1,0,1,1,0,,,,,,,,46200.00,,,,,,,L32001073,,,,,,,,Tamaño,"6 pies (1.60m)",1,0,,Color,"Marron Claro",1,0,,,,,,,809942241,,,
variation,L32001073-TN4,,"Correa de cuero artesanal para perro con trenzado elegante - 4 pies (1.20m) / Marron Claro",1,,visible,,,taxable,parent,1,0,1,1,0,,,,,,,,44500.00,,,,,,,L32001073,,,,,,,,Tamaño,"4 pies (1.20m)",1,0,,Color,"Marron Claro",1,0,,,,,,,809942241,,,
variation,L32001073-BR6,,"Correa de cuero artesanal para perro con trenzado elegante - 6 pies (1.60m) / Café",1,,visible,,,taxable,parent,1,2,1,1,0,,,,,,,,46200.00,,,,,,,L32001073,,,,,,,,Tamaño,"6 pies (1.60m)",1,0,,Color,Café,1,0,,,,,,,809942241,,,
variation,L32001073-BR4,,"Correa de cuero artesanal para perro con trenzado elegante - 4 pies (1.20m) / Café",1,,visible,,,taxable,parent,1,0,1,1,0,,,,,,,,44500.00,,,,,,,L32001073,,,,,,,,Tamaño,"4 pies (1.20m)",1,0,,Color,Café,1,0,,,,,,,809942241,,,
variation,L32001073-BLK6,,"Correa de cuero artesanal para perro con trenzado elegante - 6 pies (1.60m) / Negro",1,,visible,,,taxable,parent,1,2,1,1,0,,,,,,,,46200.00,,,,,,,L32001073,,,,,,,,Tamaño,"6 pies (1.60m)",1,0,,Color,Negro,1,0,,,,,,,809942241,,,
variation,L32001073-BLK4,,"Correa de cuero artesanal para perro con trenzado elegante - 4 pies (1.20m) / Negro",1,,visible,,,taxable,parent,1,0,1,1,0,,,,,,,,44500.00,,,,,,,L32001073,,,,,,,,Tamaño,"4 pies (1.20m)",1,0,,Color,Negro,1,0,,,,,,,809942241,,,
variable,L2ST01073,,"Correa de cuero cosida para perro",1,1,visible,,"<p><strong><span style=""font-size: 18px;"">Descripción</span></strong><strong><span style=""font-size: 18px;"">:</span></strong></p> <p><strong>Correa de cuero para perro, ideal para rastreo, con costuras reforzadas y mosquetón metálico.</strong></p> <h3><span style=""font-size: 18px;"">Tamaños disponibles:</span></h3> <ul> <li> <strong>3/4” de ancho x 4 ft de largo</strong><br> (20 mm x 120 cm)</li> <li> <strong>3/4” de ancho x 6 ft de largo</strong><br> (20 mm x 180 cm)</li></ul>",taxable,,,,,,0,0.0,0.0,0.0,0.0,1,,,,"Correas, Correas > Cuero",,,"https://d2j6dbq0eux0bg.cloudfront.net/images/104219285/products/809942234/5529999820.jpg, https://d2j6dbq0eux0bg.cloudfront.net/images/104219285/products/809942234/5529980208.jpg, https://d2j6dbq0eux0bg.cloudfront.net/images/104219285/products/809942234/5529988938.jpg, https://d2j6dbq0eux0bg.cloudfront.net/images/104219285/products/809942234/5529980214.jpg",,,,,,,,,31,"For Dog Trainers",Tamaño,"4 pies (1.20m), 6 pies (1.60m)",1,0,,Color,"Negro, Café",1,0,,,,,,,809942234,https://www.specialk9.com/Correa-de-cuero-cosida-para-perro-p809942234,"Correa de cuero cosida para perro","Descripción : Correa de cuero para perro, ideal para rastreo, con costuras reforzadas y mosquetón metálico. Tamaños disponibles: 3/4” de ancho x 4 ft de largo (20 mm x 120 cm) 3/4” de ancho x 6 ft de largo (20 mm x 180 cm)"
variation,L2ST01073-BR6,,"Correa de cuero cosida para perro - 6 pies (1.60m) / Café",1,,visible,,,taxable,parent,1,0,1,1,0,,,,,,,,52500.00,,,,,,,L2ST01073,,,,,,,,Tamaño,"6 pies (1.60m)",1,0,,Color,Café,1,0,,,,,,,809942234,,,
variation,L2ST01073-BR4,,"Correa de cuero cosida para perro - 4 pies (1.20m) / Café",1,,visible,,,taxable,parent,1,0,1,1,0,,,,,,,,50500.00,,,,,,,L2ST01073,,,,,,,,Tamaño,"4 pies (1.20m)",1,0,,Color,Café,1,0,,,,,,,809942234,,,
variation,L2ST01073-BLK6,,"Correa de cuero cosida para perro - 6 pies (1.60m)",1,,visible,,,taxable,parent,1,0,1,1,0,,,,,,,,52500.00,,,,,,,L2ST01073,,,,,,,,Tamaño,"6 pies (1.60m)",1,0,,Color,,1,0,,,,,,,809942234,,,
variation,L2ST01073-BLK4,,"Correa de cuero cosida para perro - 4 pies (1.20m) / Negro",1,,visible,,,taxable,parent,1,0,1,1,0,,,,,,,,50500.00,,,,,,,L2ST01073,,,,,,,,Tamaño,"4 pies (1.20m)",1,0,,Color,Negro,1,0,,,,,,,809942234,,,
variable,VL3,,"Correa de cuero Trenzado",1,1,visible,,"<details><summary>Descripción</summary><section><p>Elaborada con cuero europeo genuino, esta correa combina una apariencia clásica con la resistencia necesaria para el manejo diario y el trabajo con perros activos. Su diseño sencillo y funcional prioriza el control y la comodidad, ofreciendo una sensación firme en mano sin sacrificar flexibilidad.</p><p>Disponible en distintas configuraciones de longitud y ancho, permite adaptarse tanto a perros de compañía como a equipos de entrenamiento y trabajo profesional. Los herrajes metálicos están disponibles en acabado de latón o níquel, proporcionando durabilidad y una presentación acorde a diferentes estilos de equipo.</p></section></details><details><summary>Especificaciones técnicas</summary><section><li><strong>Marca:</strong> Dogline </li><li> <strong>Modelo:</strong> Leather Leash </li><li> <strong>Tipo de producto:</strong> Correa de cuero para perro </li><li> <strong>Material principal:</strong> Cuero europeo genuino</li><li> <strong>Anchos disponibles:</strong> 1/2"" (1,27 cm) y 3/4"" (1,9 cm) </li><li> <strong>Longitudes disponibles:</strong> 4 ft (122 cm) y 6 ft (183 cm) </li><li> Asa integrada para mayor control </li><li> Mosquetón metálico giratorio </li><li> Herrajes disponibles en latón (BR) o níquel (NP) </li><li> <strong>Uso recomendado:</strong> Paseo diario, obediencia, entrenamiento deportivo y trabajo K9.</li></section></details>",taxable,,,,,,0,0.0,0.0,0.0,0.0,1,,,,,,,"https://d2j6dbq0eux0bg.cloudfront.net/images/104219285/products/848610299/5891111994.webp, https://d2j6dbq0eux0bg.cloudfront.net/images/104219285/products/848610299/5891149436.jpg, https://d2j6dbq0eux0bg.cloudfront.net/images/104219285/products/848610299/5891139841.webp, https://d2j6dbq0eux0bg.cloudfront.net/images/104219285/products/848610299/5891139847.webp",,,,,,,,,90,DogLine,Ancho,"1/2"", 3/4""",1,0,,Largo,"4FT, 6FT",1,0,,Color,"Negro, Cafe",1,0,,848610299,https://www.specialk9.com/Correa-de-cuero-Trenzado-p848610299,"Correa de cuero Trenzado","Descripción Elaborada con cuero europeo genuino, esta correa combina una apariencia clásica con la resistencia necesaria para el manejo diario y el trabajo con perros activos. Su diseño sencillo y funcional prioriza el control y la comodidad, ofreciendo una sensación firme en mano sin sacrificar…"
variation,VL3134-NP,,"Correa de cuero Trenzado - 1/2"" / 4FT / Negro",1,,visible,,,taxable,parent,1,0,1,1,0,,,,,,,,54000.00,,,,,,,VL3,,,,,,,,Ancho,"1/2""",1,0,,Largo,4FT,1,0,,Color,Negro,1,0,,848610299,,,
variation,VL3134-BR,,"Correa de cuero Trenzado - 1/2"" / 4FT / Cafe",1,,visible,,,taxable,parent,1,0,1,1,0,,,,,,,,54000.00,,,,,,,VL3,,,,,,,,Ancho,"1/2""",1,0,,Largo,4FT,1,0,,Color,Cafe,1,0,,848610299,,,
variation,VL3204-NP,,"Correa de cuero Trenzado - 3/4"" / 4FT / Negro",1,,visible,,,taxable,parent,1,0,1,1,0,,,,,,,,54000.00,,,,,,,VL3,,,,,,,,Ancho,"3/4""",1,0,,Largo,4FT,1,0,,Color,Negro,1,0,,848610299,,,
variation,VL3204-BR,,"Correa de cuero Trenzado - 3/4"" / 4FT / Cafe",1,,visible,,,taxable,parent,1,0,1,1,0,,,,,,,,54000.00,,,,,,,VL3,,,,,,,,Ancho,"3/4""",1,0,,Largo,4FT,1,0,,Color,Cafe,1,0,,848610299,,,
variation,VL3136-NP,,"Correa de cuero Trenzado - 1/2"" / 6FT / Negro",1,,visible,,,taxable,parent,1,0,1,1,0,,,,,,,,54000.00,,,,,,,VL3,,,,,,,,Ancho,"1/2""",1,0,,Largo,6FT,1,0,,Color,Negro,1,0,,848610299,,,
variation,VL3136-BR,,"Correa de cuero Trenzado - 1/2"" / 6FT / Cafe",1,,visible,,,taxable,parent,1,0,1,1,0,,,,,,,,54000.00,,,,,,,VL3,,,,,,,,Ancho,"1/2""",1,0,,Largo,6FT,1,0,,Color,Cafe,1,0,,848610299,,,
variation,VL3206-NP,,"Correa de cuero Trenzado - 3/4"" / 6FT / Negro",1,,visible,,,taxable,parent,1,0,1,1,0,,,,,,,,54000.00,,,,,,,VL3,,,,,,,,Ancho,"3/4""",1,0,,Largo,6FT,1,0,,Color,Negro,1,0,,848610299,,,
variation,VL3206-BR,,"Correa de cuero Trenzado - 3/4"" / 6FT / Cafe",1,,visible,,,taxable,parent,1,0,1,1,0,,,,,,,,54000.00,,,,,,,VL3,,,,,,,,Ancho,"3/4""",1,0,,Largo,6FT,1,0,,Color,Cafe,1,0,,848610299,,,
variable,LTSA6-LUSC6,,"Correa de Cuero trenzado",1,0,visible,,"<details><summary>Descripción</summary><section><ul><li>Correa trenzada de 6' aprobada por la TSA (Administracion de Transporte y Seguridad de USA).</li><li><div>3/4"" (1.90 cm) de ancho y 3/16"" (47 mm) de grosor</div></li><li>Cosida con doble costura en ambos extremos con hilo de nailon</li><li>Fabricada con cuero natural, por lo que no tiene tinte que pueda desteñirse o manchar sus manos.</li></ul><ul><li>Mosquetón de alta resistencia.</li></ul></section></details><details><summary>Garantía</summary><section><div>Garantía por defectos de fábrica. Cortes y mordeduras no serán contemplados dentro de la garantía.</div><div><strong>Devoluciones</strong></div><div>Se realiza cambio si el producto presenta defecto de fábrica. </div><div>Muy respetuosamente pedimos que, al momento de solicitarnos un producto, tenga las medidas necesarias.</div><div>No se hacen reembolsos, se hacen cambios por productos disponibles, completando el mismo monto cancelado.</div></section></details>",taxable,,,,,,0,0.24,0.0,0.0,0.0,1,,,,"Correas, Correas > Cuero, Todos los Productos",,,"https://d2j6dbq0eux0bg.cloudfront.net/images/104219285/products/695799688/4541381870.jpg, https://d2j6dbq0eux0bg.cloudfront.net/images/104219285/products/695799688/4588599207.jpg, https://d2j6dbq0eux0bg.cloudfront.net/images/104219285/products/695799688/4541381875.jpg, https://d2j6dbq0eux0bg.cloudfront.net/images/104219285/products/695799688/4588597159.jpg",,,,,"LL06,L0272,AL06PL 3/4,MAL,AL00,AL01",,,,,"Elite K9",Color,"Negro, Cafe",1,0,,,,,,,,,,,,695799688,https://www.specialk9.com/Correa-de-Cuero-trenzado-p695799688,"Correa de Cuero trenzado TSA","Descripción Correa trenzada de 6' aprobada por la TSA (Administracion de Transporte y Seguridad de USA). 3/4"" (1.90 cm) de ancho y 3/16"" (47 mm) de grosor Cosida con doble costura en ambos extremos con hilo de nailon Fabricada con cuero natural, por lo que no tiene tinte que pueda desteñirse o…"
variation,LUSC6,,"Correa de Cuero trenzado - Cafe",1,,visible,,,taxable,parent,1,0,1,1,0,,,,,,,,37500.00,,,,,,,LTSA6-LUSC6,,,,,,,,Color,Cafe,1,0,,,,,,,,,,,,695799688,,,
variation,LTSA6,,"Correa de Cuero trenzado - Negro",1,,visible,,,taxable,parent,1,-22,1,1,0,,,,,,,,37500.00,,,,,,,LTSA6-LUSC6,,,,,,,,Color,Negro,1,0,,,,,,,,,,,,695799688,,,
simple,LL06,,"Correa de Cuero Trenzado de 6'",1,0,visible,,"<details><summary>Descripción</summary><section><p>Correa de cuero trenzado de 6' (1.82 metros) con anillo ""D"" en el mango</p><ul><li>Correa trenzada de 6' aprobada por la TSA hecha de cuero de arnés negro.</li><li>3/4"" (1.90 cm) de ancho y 3/16"" (47 mm) de espesor</li><li>Doble costura cosida en ambos extremos con hilo de nailon.</li><li>Mosquetón de latón resistente</li></ul></section></details><details><summary>Garantía</summary><section><div>Garantía por defectos de fábrica. Cortes y mordeduras no serán contemplados dentro de la garantía.</div><div><strong>Devoluciones</strong></div><div>Se realiza cambio si el producto presenta defecto de fábrica. </div><div>Muy respetuosamente pedimos que, al momento de solicitarnos un producto, tenga las medidas necesarias.</div><div>No se hacen reembolsos, se hacen cambios por productos disponibles, completando el mismo monto cancelado.</div></section></details><p><br></p>",taxable,,1,2,1,0,0,0.3,0.0,0.0,0.0,1,,,37500.00,"Correas, Correas > Cuero, Todos los Productos",,,https://d2j6dbq0eux0bg.cloudfront.net/images/104219285/products/695799666/5952130033.jpg,,,,,"L01,MAL,AL06G,AL00,L13 L14,L07,BL001-002",,,,,"Elite K9",,,,,,,,,,,,,,,,695799666,https://www.specialk9.com/Correa-de-Cuero-Trenzado-de-6-p695799666,"Correa de Cuero Trenzado de 6'","Descripción Correa de cuero trenzado de 6' (1.82 metros) con anillo ""D"" en el mango Correa trenzada de 6' aprobada por la TSA hecha de cuero de arnés negro. 3/4"" (1.90 cm) de ancho y 3/16"" (47 mm) de espesor Doble costura cosida en ambos extremos con hilo de nailon. Mosquetón de latón resistente…"
variable,L320S1073,,"Correa de Cuero Trenzado “Full Control” para Perros",1,1,visible,,"<p>¿Tu perro tira con fuerza durante los paseos? Esta <strong>correa de cuero genuino trenzado</strong> está diseñada para ofrecer <strong>máximo control y durabilidad</strong>. Olvídate de las correas que se rompen en poco tiempo.</p><p>Cuenta con un <strong>mosquetón de acero inoxidable</strong>, resistente a la corrosión y pensado para un uso prolongado. Una opción segura y confiable para paseos y entrenamiento diario.</p><p><strong><span style=""font-size: 16px;"">Características Importantes:</span></strong></p><li>Cuero genuino de grano completo</li><li> Mosquetón de acero inoxidable</li><li> Accesorio hecho a mano</li><li> Cuero de 3/4 de pulgada (20 mm) de ancho con bordes encerados y pulidos</li><li> Herrajes resistentes al óxido y la corrosión</li><li> Decoración trenzada de lujo</li><p><strong>      </strong></p><li> Extra duradero y resistente</li>",taxable,,,,,,0,0.0,0.0,0.0,0.0,1,,,,"Correas, Correas > Cuero",,,"https://d2j6dbq0eux0bg.cloudfront.net/images/104219285/products/809947844/5529866465.jpg, https://d2j6dbq0eux0bg.cloudfront.net/images/104219285/products/809947844/5529890915.jpg, https://d2j6dbq0eux0bg.cloudfront.net/images/104219285/products/809947844/5529980078.jpg",,,,,,,,,30,"For Dog Trainers",Tamaño,"4 pies (1.20m), 6 pies (1.80m)",1,0,,Color,"Negro, Marron, Marrón Claro",1,0,,,,,,,809947844,https://www.specialk9.com/Correa-de-Cuero-Trenzado-Full-Control-para-Perros-p809947844,"Correa de Cuero Trenzado “Full Control” para Perros","¿Tu perro tira con fuerza durante los paseos? Esta correa de cuero genuino trenzado está diseñada para ofrecer máximo control y durabilidad . Olvídate de las correas que se rompen en poco tiempo. Cuenta con un mosquetón de acero inoxidable , resistente a la corrosión y pensado para un uso prolongado…"
variation,L320S1073-TN6,,"Correa de Cuero Trenzado “Full Control” para Perros - 6 pies (1.80m) / Marrón Claro",1,,visible,,,taxable,parent,1,0,1,1,0,,,,,,,,52000.00,,,,,,,L320S1073,,,,,,,,Tamaño,"6 pies (1.80m)",1,0,,Color,"Marrón Claro",1,0,,,,,,,809947844,,,
variation,L320S1073-TN4,,"Correa de Cuero Trenzado “Full Control” para Perros - 4 pies (1.20m) / Marrón Claro",1,,visible,,,taxable,parent,1,0,1,1,0,,,,,,,,49000.00,,,,,,,L320S1073,,,,,,,,Tamaño,"4 pies (1.20m)",1,0,,Color,"Marrón Claro",1,0,,,,,,,809947844,,,
variation,L320S1073-BR6,,"Correa de Cuero Trenzado “Full Control” para Perros - 6 pies (1.80m) / Marron",1,,visible,,,taxable,parent,1,0,1,1,0,,,,,,,,52000.00,,,,,,,L320S1073,,,,,,,,Tamaño,"6 pies (1.80m)",1,0,,Color,Marron,1,0,,,,,,,809947844,,,
variation,L320S1073-BR4,,"Correa de Cuero Trenzado “Full Control” para Perros - 4 pies (1.20m) / Marron",1,,visible,,,taxable,parent,1,0,1,1,0,,,,,,,,49000.00,,,,,,,L320S1073,,,,,,,,Tamaño,"4 pies (1.20m)",1,0,,Color,Marron,1,0,,,,,,,809947844,,,
variation,L320S1073-BLK6,,"Correa de Cuero Trenzado “Full Control” para Perros - 6 pies (1.80m) / Negro",1,,visible,,,taxable,parent,1,0,1,1,0,,,,,,,,52000.00,,,,,,,L320S1073,,,,,,,,Tamaño,"6 pies (1.80m)",1,0,,Color,Negro,1,0,,,,,,,809947844,,,
variation,L320S1073-BLK4,,"Correa de Cuero Trenzado “Full Control” para Perros - 4 pies (1.20m) / Negro",1,,visible,,,taxable,parent,1,0,1,1,0,,,,,,,,49000.00,,,,,,,L320S1073,,,,,,,,Tamaño,"4 pies (1.20m)",1,0,,Color,Negro,1,0,,,,,,,809947844,,,
simple,FA020,,"Correa de Emergencia con Collar Integrado",1,1,visible,,"<details><summary>Descripción</summary><section>
<p>Correa tipo lazo de alta resistencia que se coloca directamente alrededor del cuello, sin necesidad de broches ni cierres. Ideal para perreras, clínicas veterinarias, refugios, estéticas caninas y organizaciones de rescate. Combina correa y collar en un solo producto, ofreciendo un manejo rápido, práctico y seguro.<br><br>Mide 6' (1.82) de largo<br>
</p></section></details>",taxable,,1,4,1,0,0,0.0,0.0,0.0,0.0,1,,,13500.00,,,,https://d2j6dbq0eux0bg.cloudfront.net/images/104219285/products/841034513/5814845056.jpg,,,,,,,,,73,"Elite K9",,,,,,,,,,,,,,,,841034513,https://www.specialk9.com/Correa-de-Emergencia-con-Collar-Integrado-p841034513,"Correa de Emergencia con Collar Integrado","Descripción 
 Correa tipo lazo de alta resistencia que se coloca directamente alrededor del cuello, sin necesidad de broches ni cierres. Ideal para perreras, clínicas veterinarias, refugios, estéticas caninas y organizaciones de rescate. Combina correa y collar en un solo producto, ofreciendo un…"
variable,5923050171,,"Correa de rastreo antideslizante",1,0,visible,,"<details><summary>Descripción</summary><section><p>Correa de rastreo</p><p>Esta correa de rastreo para perros revestida de goma está hecha de nailon antideslizante, ligero y resistente a los desgarros.</p><div>Esta correa es muy fácil de limpiar y se seca rápidamente gracias a sus propiedades repelentes al agua.</div><div>Cuenta con rayas reflectantes para una mayor visibilidad y seguridad en situaciones de poca luz.</div><p>Una excelente opción para el rastreo y el seguimiento.<br><br>Disponible en 5 metros y 10 metros</p><div>Sin agarre.</div></section></details><details><summary>Garantía</summary><section><div>Garantía por defectos de fábrica. Cortes y mordeduras no serán contemplados dentro de la garantía.</div><div><strong>Devoluciones</strong></div><div>Se realiza cambio si el producto presenta defecto de fábrica. </div><div>Muy respetuosamente pedimos que, al momento de solicitarnos un producto, tenga las medidas necesarias.</div><div>No se hacen reembolsos, se hacen cambios por productos disponibles, completando el mismo monto cancelado.</div></section></details><p><br></p>",taxable,,,,,,0,0.25,0.0,0.0,0.0,1,,,,"Correas > Nylon, Todos los Productos",,,"https://d2j6dbq0eux0bg.cloudfront.net/images/104219285/products/703776962/4598942014.jpg, https://d2j6dbq0eux0bg.cloudfront.net/images/104219285/products/703776962/4598946862.jpg",,,,,"BL001-002,AL100,AL0",,,,,"Herm Sprenger",Largo,"5 metros, 10 metros",1,0,,Color,Negro,1,0,,,,,,,703776962,https://www.specialk9.com/Correa-de-rastreo-antideslizante-p703776962,"Correa de rastreo antideslizante","Descripción Correa de rastreo Esta correa de rastreo para perros revestida de goma está hecha de nailon antideslizante, ligero y resistente a los desgarros. Esta correa es muy fácil de limpiar y se seca rápidamente gracias a sus propiedades repelentes al agua. Cuenta con rayas reflectantes para una…"
variation,"59230 999 71",,"Correa de rastreo antideslizante - 10 metros / Negro",1,,visible,,,taxable,parent,1,14,1,1,0,,,,,,,,38100.00,,,,,,,5923050171,,,,,,,,Largo,"10 metros",1,0,,Color,Negro,1,0,,,,,,,703776962,,,
variation,"5923050171 5",,"Correa de rastreo antideslizante - 5 metros / Negro",1,,visible,,,taxable,parent,1,5,1,1,0,,,,,,,,26000.00,,,,,,,5923050171,,,,,,,,Largo,"5 metros",1,0,,Color,Negro,1,0,,,,,,,703776962,,,
variable,"LLB -",,"Correa K9 Storm 6' Mil Spec",1,0,visible,,"<details><summary>Descripción</summary><section><p>Correa con especificaciones militares.</p><ul><li>Enlace reforzado entre hardware y correas.</li><li>Cinta con doble barra para evitar que se pele.</li><li>Mango incorporado para un perfecto control.</li><li>Herrajes Griphook™.</li></ul><p>Esta elección de correas es liviana y flexible. Clasificado a 3.000 libras de resistencia a la rotura, es el estilo de correa clásico para cualquier manejador.</p></section></details><details><summary>Garantía</summary><section><div>Garantía por defectos de fábrica. Cortes y mordeduras no serán contemplados dentro de la garantía.</div><div><strong>Devoluciones</strong></div><div>Se realiza cambio si el producto presenta defecto de fábrica. </div><div>Muy respetuosamente pedimos que, al momento de solicitarnos un producto, tenga las medidas necesarias.</div><div>No se hacen reembolsos, se hacen cambios por productos disponibles, completando el mismo monto cancelado.</div></section></details><p><br></p>",taxable,,,,,,0,0.2,0.0,0.0,0.0,1,,,,"Correas, Correas > Nylon, Todos los Productos",,,"https://d2j6dbq0eux0bg.cloudfront.net/images/104219285/products/695799540/4541224453.png, https://d2j6dbq0eux0bg.cloudfront.net/images/104219285/products/695799540/4591593580.jpg, https://d2j6dbq0eux0bg.cloudfront.net/images/104219285/products/695799540/4591592871.jpg, https://d2j6dbq0eux0bg.cloudfront.net/images/104219285/products/695799540/4591598272.jpg, https://d2j6dbq0eux0bg.cloudfront.net/images/104219285/products/695799540/4591593585.jpg",,,,,"LTSA6-LUSC6,BL001-002,AL06G",,,,,"K9 Storm",Color,"Negro, Coyote, Verde Oliva",1,0,,,,,,,,,,,,695799540,https://www.specialk9.com/Correa-K9-Storm-6-Mil-Spec-p695799540,"Correa 6' Mil Spec","Descripción Correa con especificaciones militares. Enlace reforzado entre hardware y correas. Cinta con doble barra para evitar que se pele. Mango incorporado para un perfecto control. Herrajes Griphook™. Esta elección de correas es liviana y flexible. Clasificado a 3.000 libras de resistencia a la…"
variation,"LLB - Olive",,"Correa K9 Storm 6' Mil Spec - Verde Oliva",1,,visible,,,taxable,parent,1,0,1,1,0,,,,,,,,136000.00,,,,,,,"LLB -",,,,,,,,Color,"Verde Oliva",1,0,,,,,,,,,,,,695799540,,,
variation,"LLB - Coyote",,"Correa K9 Storm 6' Mil Spec - Coyote",1,,visible,,,taxable,parent,1,0,1,1,0,,,,,,,,136000.00,,,,,,,"LLB -",,,,,,,,Color,Coyote,1,0,,,,,,,,,,,,695799540,,,
variation,"LLB - Black",,"Correa K9 Storm 6' Mil Spec - Negro",1,,visible,,,taxable,parent,1,0,1,1,0,,,,,,,,136000.00,,,,,,,"LLB -",,,,,,,,Color,Negro,1,0,,,,,,,,,,,,695799540,,,
variable,AL100,,"Correa larga ASAT",1,0,visible,,"<details><summary>Descripción</summary><section><p>Correas para todas las temporadas y todo terreno.</p><p>Se ven y se sienten como cuero y están aprobados por la policía, el ejército y Schutzhund/IGP para uso extremo. Nunca volverás al cuero.</p><ul><li>Resistente al estiramiento</li><li>Resistente al agua, al moho y a la putrefacción</li><li>Flexible hasta -20° F</li><li>No se ve afectado por el calor hasta 300° F</li><li>La resistencia a la rotura del cable de 1/2"" (1.27 cm) es de 500 lbs (226.7 kilos).</li><li>La resistencia a la rotura del cable de 3/4"" (1.90 cm) es de 750 libras (340 kilos).</li><li>No requieren mantenimiento para estos cables: se limpian fácilmente con un paño húmedo</li><li>Se recomienda el uso de cables de 3/4"" (1.90 cm) durante la agitación y el trabajo de mordida.</li></ul><p>NOTA: La mayoría de las longitudes están disponibles en anchos de 1/2"" y 3/4"".</p></section></details><details><summary>Garantía</summary><section><div>Garantía por defectos de fábrica. Cortes y mordeduras no serán contemplados dentro de la garantía.</div><div><strong>Devoluciones</strong></div><div>Se realiza cambio si el producto presenta defecto de fábrica. </div><div>Muy respetuosamente pedimos que, al momento de solicitarnos un producto, tenga las medidas necesarias.</div><div>No se hacen reembolsos, se hacen cambios por productos disponibles, completando el mismo monto cancelado.</div></section></details><p><br></p>",taxable,,,,,,0,0.0,0.0,0.0,0.0,1,,,,"Correas, Correas > Biothane, Todos los Productos",,,https://d2j6dbq0eux0bg.cloudfront.net/images/104219285/products/695922111/4542185184.jpg,,,,,"L01,L15 L18,L07,BL001-002,FL",,,,,"Elite K9",Largo,"10' L, 15' L, 20' L, 25' L, 33' L",1,0,,Ancho,"1/2"", 3/4""",1,0,,,,,,,695922111,https://www.specialk9.com/Correa-larga-ASAT-p695922111,"Correa larga ASAT","Descripción Correas para todas las temporadas y todo terreno. Se ven y se sienten como cuero y están aprobados por la policía, el ejército y Schutzhund/IGP para uso extremo. Nunca volverás al cuero. Resistente al estiramiento Resistente al agua, al moho y a la putrefacción Flexible hasta -20° F No…"
variation,"AL33 1/2",,"Correa larga ASAT - 33' L / 1/2""",1,,visible,,,taxable,parent,1,-1,1,1,0,,,,,,,,53400.00,,,,,,,AL100,,,,,,,,Largo,"33' L",1,0,,Ancho,"1/2""",1,0,,,,,,,695922111,,,
variation,"AL20 1/2",,"Correa larga ASAT - 20' L / 1/2""",1,,visible,,,taxable,parent,1,0,1,1,0,,,,,,,,39500.00,,,,,,,AL100,,,,,,,,Largo,"20' L",1,0,,Ancho,"1/2""",1,0,,,,,,,695922111,,,
variation,"AL33 3/4",,"Correa larga ASAT - 33' L / 3/4""",1,,visible,,,taxable,parent,1,-2,1,1,0,,,,,,,,55500.00,,,,,,,AL100,,,,,,,,Largo,"33' L",1,0,,Ancho,"3/4""",1,0,,,,,,,695922111,,,
variation,"AL25 3/4",,"Correa larga ASAT - 25' L / 3/4""",1,,visible,,,taxable,parent,1,0,1,1,0,,,,,,,,44700.00,,,,,,,AL100,,,,,,,,Largo,"25' L",1,0,,Ancho,"3/4""",1,0,,,,,,,695922111,,,
variation,"AL25 1/2",,"Correa larga ASAT - 25' L / 1/2""",1,,visible,,,taxable,parent,1,0,1,1,0,,,,,,,,40200.00,,,,,,,AL100,,,,,,,,Largo,"25' L",1,0,,Ancho,"1/2""",1,0,,,,,,,695922111,,,
variation,"AL20 3/4",,"Correa larga ASAT - 20' L / 3/4""",1,,visible,,,taxable,parent,1,1,1,1,0,,,,,,,,45500.00,,,,,,,AL100,,,,,,,,Largo,"20' L",1,0,,Ancho,"3/4""",1,0,,,,,,,695922111,,,
variation,"AL15 1/2",,"Correa larga ASAT - 15' L / 1/2""",1,,visible,,,taxable,parent,1,0,1,1,0,,,,,,,,33800.00,,,,,,,AL100,,,,,,,,Largo,"15' L",1,0,,Ancho,"1/2""",1,0,,,,,,,695922111,,,
variation,"AL15 3/4",,"Correa larga ASAT - 15' L / 3/4""",1,,visible,,,taxable,parent,1,0,1,1,0,,,,,,,,36500.00,,,,,,,AL100,,,,,,,,Largo,"15' L",1,0,,Ancho,"3/4""",1,0,,,,,,,695922111,,,
variation,"AL10 3/4",,"Correa larga ASAT - 10' L / 3/4""",1,,visible,,,taxable,parent,1,2,1,1,0,,,,,,,,33500.00,,,,,,,AL100,,,,,,,,Largo,"10' L",1,0,,Ancho,"3/4""",1,0,,,,,,,695922111,,,
variation,"AL10 1/2",,"Correa larga ASAT - 10' L / 1/2""",1,,visible,,,taxable,parent,1,0,1,1,0,,,,,,,,30500.00,,,,,,,AL100,,,,,,,,Largo,"10' L",1,0,,Ancho,"1/2""",1,0,,,,,,,695922111,,,
variable,L07,,"Correa Larga Heavy Duty",1,0,visible,,"<details><summary>Descripción</summary><section><p>Procesado especialmente para evitar que se deshilache y aumentar la resistencia. Todos los productos de nailon tienen un acabado cuidadoso y prolijo para brindar comodidad, atractivo y durabilidad.</p><p>Tiene su largo x 1"" (2.54 cm) de ancho.</p></section></details><details><summary>Garantía </summary><section><div>Garantía por defectos de fábrica. Cortes y mordeduras no serán contemplados dentro de la garantía.</div><div><strong>Devoluciones</strong></div><div>Se realiza cambio si el producto presenta defecto de fábrica. </div><div>Muy respetuosamente pedimos que, al momento de solicitarnos un producto, tenga las medidas necesarias.</div><div>No se hacen reembolsos, se hacen cambios por productos disponibles, completando el mismo monto cancelado.</div></section></details><p><br></p>",taxable,,,,,,0,0.0,0.0,0.0,0.0,1,,,,"Correas, Correas > Nylon, Todos los Productos",,,https://d2j6dbq0eux0bg.cloudfront.net/images/104219285/products/695799407/4541322387.jpg,,,,,"5923050171,AL100,BL001-002,AL0",,,,,"Elite K9",Largo,"15', 20', 33', 50'",1,0,,,,,,,,,,,,695799407,https://www.specialk9.com/Correa-Larga-Heavy-Duty-p695799407,"Correa Larga Heavy Duty","Descripción Procesado especialmente para evitar que se deshilache y aumentar la resistencia. Todos los productos de nailon tienen un acabado cuidadoso y prolijo para brindar comodidad, atractivo y durabilidad. Tiene su largo x 1"" (2.54 cm) de ancho. Garantía Garantía por defectos de fábrica. Cortes…"
variation,"L07 50",,"Correa Larga Heavy Duty - 50'",1,,visible,,,taxable,parent,1,0,1,1,0,,,,,,,,47500.00,,,,,,,L07,,,,,,,,Largo,50',1,0,,,,,,,,,,,,695799407,,,
variation,"L07 33",,"Correa Larga Heavy Duty - 33'",1,,visible,,,taxable,parent,1,1,1,1,0,,,,,,,,35500.00,,,,,,,L07,,,,,,,,Largo,33',1,0,,,,,,,,,,,,695799407,,,
variation,"L07 20",,"Correa Larga Heavy Duty - 20'",1,,visible,,,taxable,parent,1,1,1,1,0,,,,,,,,31900.00,,,,,,,L07,,,,,,,,Largo,20',1,0,,,,,,,,,,,,695799407,,,
variation,"L07 15",,"Correa Larga Heavy Duty - 15'",1,,visible,,,taxable,parent,1,2,1,1,0,,,,,,,,23800.00,,,,,,,L07,,,,,,,,Largo,15',1,0,,,,,,,,,,,,695799407,,,
variable,LLMSB,,"Correa Larga K9 Storm Mil Spec",1,1,visible,,"<p>Construcción reforzada entre el herraje y la cinta.</p><p> Costuras dobles para evitar desprendimientos.<br> Mango integrado para un control óptimo.<br> Herraje Griphook™.</p><p><strong>Opciones de color:</strong> Negro, Olive Drab o Coyote Tan.<br><br></p><p><strong></strong></p>",taxable,,,,,,0,0.0,0.0,0.0,0.0,1,,,,"Correas, Correas > Nylon, Todos los Productos",,,"https://d2j6dbq0eux0bg.cloudfront.net/images/104219285/products/826968508/5686047908.jpg, https://d2j6dbq0eux0bg.cloudfront.net/images/104219285/products/826968508/5695041266.jpg, https://d2j6dbq0eux0bg.cloudfront.net/images/104219285/products/826968508/5695027307.jpg, https://d2j6dbq0eux0bg.cloudfront.net/images/104219285/products/826968508/5686049378.jpg, https://d2j6dbq0eux0bg.cloudfront.net/images/104219285/products/826968508/5686054817.jpg",,,,,,,,,51,"K9 Storm",Color,"Negro, Verde Oliva, Coyote",1,0,,Largo,"10 ft (3 mts), 15 ft (4.5 mts), 20 ft (6 mts), 30 ft (9.1 mts), 40 ft (12.1 mts), 50 ft (15.2 mts)",1,0,,,,,,,826968508,https://www.specialk9.com/Correa-Larga-K9-Storm-Mil-Spec-p826968508,"Correa Larga K9 Storm Mil Spec","Construcción reforzada entre el herraje y la cinta. Costuras dobles para evitar desprendimientos. Mango integrado para un control óptimo. Herraje Griphook™. Opciones de color: Negro, Olive Drab o Coyote Tan."
variation,LLMSB-coyote-50-ft-15-2-mts,,"Correa Larga K9 Storm Mil Spec - Coyote / 50 ft (15.2 mts)",1,,visible,,,taxable,parent,1,0,1,1,0,,,,,,,,217250.00,,,,,,,LLMSB,,,,,,,,Color,Coyote,1,0,,Largo,"50 ft (15.2 mts)",1,0,,,,,,,826968508,,,
variation,LLMSB-coyote-40-ft-12-1-mts,,"Correa Larga K9 Storm Mil Spec - Coyote / 40 ft (12.1 mts)",1,,visible,,,taxable,parent,1,0,1,1,0,,,,,,,,217250.00,,,,,,,LLMSB,,,,,,,,Color,Coyote,1,0,,Largo,"40 ft (12.1 mts)",1,0,,,,,,,826968508,,,
variation,LLMSB-coyote-30-ft-9-1-mts,,"Correa Larga K9 Storm Mil Spec - Coyote / 30 ft (9.1 mts)",1,,visible,,,taxable,parent,1,0,1,1,0,,,,,,,,217250.00,,,,,,,LLMSB,,,,,,,,Color,Coyote,1,0,,Largo,"30 ft (9.1 mts)",1,0,,,,,,,826968508,,,
variation,LLMSB-coyote-20-ft-6-mts,,"Correa Larga K9 Storm Mil Spec - Coyote / 20 ft (6 mts)",1,,visible,,,taxable,parent,1,0,1,1,0,,,,,,,,217250.00,,,,,,,LLMSB,,,,,,,,Color,Coyote,1,0,,Largo,"20 ft (6 mts)",1,0,,,,,,,826968508,,,
variation,LLMSB-coyote-15-ft-4-5-mts,,"Correa Larga K9 Storm Mil Spec - Coyote / 15 ft (4.5 mts)",1,,visible,,,taxable,parent,1,0,1,1,0,,,,,,,,190000.00,,,,,,,LLMSB,,,,,,,,Color,Coyote,1,0,,Largo,"15 ft (4.5 mts)",1,0,,,,,,,826968508,,,
variation,LLMSB-coyote-10-ft-3-mts,,"Correa Larga K9 Storm Mil Spec - Coyote / 10 ft (3 mts)",1,,visible,,,taxable,parent,1,0,1,1,0,,,,,,,,217250.00,,,,,,,LLMSB,,,,,,,,Color,Coyote,1,0,,Largo,"10 ft (3 mts)",1,0,,,,,,,826968508,,,
variation,LLMSB-verde-oliva-50-ft-15-2-mts,,"Correa Larga K9 Storm Mil Spec - Verde Oliva / 50 ft (15.2 mts)",1,,visible,,,taxable,parent,1,0,1,1,0,,,,,,,,217250.00,,,,,,,LLMSB,,,,,,,,Color,"Verde Oliva",1,0,,Largo,"50 ft (15.2 mts)",1,0,,,,,,,826968508,,,
variation,LLMSB-verde-oliva-40-ft-12-1-mts,,"Correa Larga K9 Storm Mil Spec - Verde Oliva / 40 ft (12.1 mts)",1,,visible,,,taxable,parent,1,0,1,1,0,,,,,,,,217250.00,,,,,,,LLMSB,,,,,,,,Color,"Verde Oliva",1,0,,Largo,"40 ft (12.1 mts)",1,0,,,,,,,826968508,,,
variation,LLMSB-verde-oliva-30-ft-9-1-mts,,"Correa Larga K9 Storm Mil Spec - Verde Oliva / 30 ft (9.1 mts)",1,,visible,,,taxable,parent,1,0,1,1,0,,,,,,,,217250.00,,,,,,,LLMSB,,,,,,,,Color,"Verde Oliva",1,0,,Largo,"30 ft (9.1 mts)",1,0,,,,,,,826968508,,,
variation,LLMSB-verde-oliva-20-ft-6-mts,,"Correa Larga K9 Storm Mil Spec - Verde Oliva / 20 ft (6 mts)",1,,visible,,,taxable,parent,1,0,1,1,0,,,,,,,,217250.00,,,,,,,LLMSB,,,,,,,,Color,"Verde Oliva",1,0,,Largo,"20 ft (6 mts)",1,0,,,,,,,826968508,,,
variation,LLMSB-verde-oliva-15-ft-4-5-mts,,"Correa Larga K9 Storm Mil Spec - Verde Oliva / 15 ft (4.5 mts)",1,,visible,,,taxable,parent,1,0,1,1,0,,,,,,,,217250.00,,,,,,,LLMSB,,,,,,,,Color,"Verde Oliva",1,0,,Largo,"15 ft (4.5 mts)",1,0,,,,,,,826968508,,,
variation,LLMSB-verde-oliva-10-ft-3-mts,,"Correa Larga K9 Storm Mil Spec - Verde Oliva / 10 ft (3 mts)",1,,visible,,,taxable,parent,1,0,1,1,0,,,,,,,,217250.00,,,,,,,LLMSB,,,,,,,,Color,"Verde Oliva",1,0,,Largo,"10 ft (3 mts)",1,0,,,,,,,826968508,,,
variation,LLMSB-negro-50-ft-15-2-mts,,"Correa Larga K9 Storm Mil Spec - Negro / 50 ft (15.2 mts)",1,,visible,,,taxable,parent,1,0,1,1,0,,,,,,,,217250.00,,,,,,,LLMSB,,,,,,,,Color,Negro,1,0,,Largo,"50 ft (15.2 mts)",1,0,,,,,,,826968508,,,
variation,LLMSB-negro-40-ft-12-1-mts,,"Correa Larga K9 Storm Mil Spec - Negro / 40 ft (12.1 mts)",1,,visible,,,taxable,parent,1,0,1,1,0,,,,,,,,217250.00,,,,,,,LLMSB,,,,,,,,Color,Negro,1,0,,Largo,"40 ft (12.1 mts)",1,0,,,,,,,826968508,,,
variation,LLMSB-negro-30-ft-9-1-mts,,"Correa Larga K9 Storm Mil Spec - Negro / 30 ft (9.1 mts)",1,,visible,,,taxable,parent,1,0,1,1,0,,,,,,,,217250.00,,,,,,,LLMSB,,,,,,,,Color,Negro,1,0,,Largo,"30 ft (9.1 mts)",1,0,,,,,,,826968508,,,
variation,LLMSB-negro-20-ft-6-mts,,"Correa Larga K9 Storm Mil Spec - Negro / 20 ft (6 mts)",1,,visible,,,taxable,parent,1,0,1,1,0,,,,,,,,217250.00,,,,,,,LLMSB,,,,,,,,Color,Negro,1,0,,Largo,"20 ft (6 mts)",1,0,,,,,,,826968508,,,
variation,LLMSB-negro-10-ft-3-mts,,"Correa Larga K9 Storm Mil Spec - Negro / 10 ft (3 mts)",1,,visible,,,taxable,parent,1,0,1,1,0,,,,,,,,217250.00,,,,,,,LLMSB,,,,,,,,Color,Negro,1,0,,Largo,"10 ft (3 mts)",1,0,,,,,,,826968508,,,
variation,LLMSB-negro-15-ft-4-5-mts,,"Correa Larga K9 Storm Mil Spec - Negro / 15 ft (4.5 mts)",1,,visible,,,taxable,parent,1,0,1,1,0,,,,,,,,217250.00,,,,,,,LLMSB,,,,,,,,Color,Negro,1,0,,Largo,"15 ft (4.5 mts)",1,0,,,,,,,826968508,,,
variation,"LLMSB - CY",,"Correa Larga K9 Storm Mil Spec - Coyote",1,,visible,,,taxable,parent,1,0,1,1,0,,,,,,,,217250.00,,,,,,,LLMSB,,,,,,,,Color,Coyote,1,0,,Largo,,1,0,,,,,,,826968508,,,
variation,"LLMSB - OD",,"Correa Larga K9 Storm Mil Spec - Verde Oliva",1,,visible,,,taxable,parent,1,0,1,1,0,,,,,,,,217250.00,,,,,,,LLMSB,,,,,,,,Color,"Verde Oliva",1,0,,Largo,,1,0,,,,,,,826968508,,,
variation,"LLMSB - BLK",,"Correa Larga K9 Storm Mil Spec - Negro",1,,visible,,,taxable,parent,1,0,1,1,0,,,,,,,,217250.00,,,,,,,LLMSB,,,,,,,,Color,Negro,1,0,,Largo,,1,0,,,,,,,826968508,,,
variable,RN3082,,"Correa multifuncional antideslizante",1,0,visible,,"<details><summary>Descripción</summary><section>Esta correa multifuncional de nailon antideslizante es ideal para caminar, correr o hacer senderismo sin usar las manos, ya que ofrece suficiente espacio entre usted y su perro.<br>El agarre ajustable se puede llevar sobre el hombro, alrededor de la cintura o en la muñeca; también se puede usar como una correa estándar. La segunda asa, cerca mosquetón sacavueltas, brinda mayor control. <br>Medidas: 8' (2.43 m) de largo x 3/4"" (1.90 cm) ancho</section></details><details><summary>Garantía</summary><section><div>Garantía por defectos de fábrica. Cortes y mordeduras no serán contemplados dentro de la garantía.</div><div><strong>Devoluciones</strong></div><div>Se realiza cambio si el producto presenta defecto de fábrica. </div><div>Muy respetuosamente pedimos que, al momento de solicitarnos un producto, tenga las medidas necesarias.</div><div>No se hacen reembolsos, se hacen cambios por productos disponibles, completando el mismo monto cancelado.</div></section></details><p><br></p>",taxable,,,,,,0,0.7,0.0,0.0,0.0,1,,,,"Correas > Nylon, Todos los Productos",,,"https://d2j6dbq0eux0bg.cloudfront.net/images/104219285/products/753783120/4941339330.png, https://d2j6dbq0eux0bg.cloudfront.net/images/104219285/products/753783120/4941335956.png, https://d2j6dbq0eux0bg.cloudfront.net/images/104219285/products/753783120/4941337595.png, https://d2j6dbq0eux0bg.cloudfront.net/images/104219285/products/753783120/4941336201.png",,,,,"L13 L14,L07,5923050171,BL001-002,LL06",,,,,DogLine,Color,"Rojo, Verde",1,0,,,,,,,,,,,,753783120,https://www.specialk9.com/Correa-multifuncional-antideslizante-p753783120,"Correa multifuncional antideslizante","Descripción Esta correa multifuncional de nailon antideslizante es ideal para caminar, correr o hacer senderismo sin usar las manos, ya que ofrece suficiente espacio entre usted y su perro. El agarre ajustable se puede llevar sobre el hombro, alrededor de la cintura o en la muñeca; también se puede…"
variation,RN3082-5,,"Correa multifuncional antideslizante - Verde",1,,visible,,,taxable,parent,1,1,1,1,0,,,,,,,,27500.00,,,,,,,RN3082,,,,,,,,Color,Verde,1,0,,,,,,,,,,,,753783120,,,
variation,RN3082-3,,"Correa multifuncional antideslizante - Rojo",1,,visible,,,taxable,parent,1,1,1,1,0,,,,,,,,27500.00,,,,,,,RN3082,,,,,,,,Color,Rojo,1,0,,,,,,,,,,,,753783120,,,
variable,"L15 L18",,"Correa Nylon Traffic",1,0,visible,,"<details><summary>Descripción</summary><section><p>Las correas de nailon Elite K-9 están hechas de nailon resistente de doble capa, que es mejor para perros grandes. Procesado especialmente para evitar que se deshilache y aumentar la resistencia. Todos los productos de nailon tienen un acabado cuidadoso y prolijo para brindar comodidad, atractivo y durabilidad.</p><ul><li>12"" (30.48 cm) de largo x 1"" (2.54 cm) de ancho; Nylon negro de doble capa.</li><li>18"" (45.72 cm) de largo x 1"" (2.54 cm) ancho; Nylon negro de doble capa.</li></ul></section></details><details><summary>Garantía</summary><section><div>Garantía por defectos de fábrica. Cortes y mordeduras no serán contemplados dentro de la garantía.</div><div><strong>Devoluciones</strong></div><div>Se realiza cambio si el producto presenta defecto de fábrica. </div><div>Muy respetuosamente pedimos que, al momento de solicitarnos un producto, tenga las medidas necesarias.</div><div>No se hacen reembolsos, se hacen cambios por productos disponibles, completando el mismo monto cancelado.</div></section></details><p><br></p>",taxable,,,,,,0,0.0,0.0,0.0,0.0,1,,,,"Correas, Correas > Nylon, Todos los Productos",,,"https://d2j6dbq0eux0bg.cloudfront.net/images/104219285/products/695799637/4541299662.jpg, https://d2j6dbq0eux0bg.cloudfront.net/images/104219285/products/695799637/4541298910.jpg",,,,,"AL0,AL06PL 3/4,MAL,AL00,KGTRN BL,AL01",,,,,"Elite K9",Largo,"12"" Largo x 1"" Ancho, 18"" Largo x 1"" Ancho",1,0,,,,,,,,,,,,695799637,https://www.specialk9.com/Correa-Nylon-Traffic-p695799637,"Correa Nylon Traffic","Descripción Las correas de nailon Elite K-9 están hechas de nailon resistente de doble capa, que es mejor para perros grandes. Procesado especialmente para evitar que se deshilache y aumentar la resistencia. Todos los productos de nailon tienen un acabado cuidadoso y prolijo para brindar comodidad,…"
variation,L15,,"Correa Nylon Traffic - 18"" Largo x 1"" Ancho",1,,visible,,,taxable,parent,1,0,1,1,0,,,,,,,,15700.00,,,,,,,"L15 L18",,,,,,,,Largo,"18"" Largo x 1"" Ancho",1,0,,,,,,,,,,,,695799637,,,
variation,L18,,"Correa Nylon Traffic - 12"" Largo x 1"" Ancho",1,,visible,,,taxable,parent,1,0,1,1,0,,,,,,,,11900.00,,,,,,,"L15 L18",,,,,,,,Largo,"12"" Largo x 1"" Ancho",1,0,,,,,,,,,,,,695799637,,,
variable,"KGRLF BK",,"Correa reflectiva retráctil Kong",-1,0,hidden,,"<details><summary>Descripción</summary><section><p>Cuando los paseos diarios con su perro sean de noche, asegúrese de que estén mucho más seguros con la correa retráctil reflectante para perros KONG.</p><p>Esta correa tiene un mango de agarre suave y se extiende hasta una longitud cómoda, lo que le da a su perro la libertad suficiente para deambular, al mismo tiempo que le brinda control con la capacidad de frenar y bloquear la correa según sea necesario. También está diseñada con una cinta ancha de colores coordinados con costuras reflectantes para ayudar a mantener a su perro seguro y visible mientras pasea por sus senderos favoritos.</p><p>Beneficios:<br>Siéntete cómodo y en control con el mango de agarre suave.<br>Frena y bloquea fácilmente cuando surja el momento.<br></p><p>No será fácil perder esta correa gracias a la carcasa reflectante, la cinta ancha amarilla brillante y las costuras reflectantes para una máxima visibilidad.</p></section></details><details><summary>Tamaño</summary><section><p>MEDIANO: 16 (4.86 metros) pies de largo, para perro hasta 65 (29.5) libras</p><p>GRANDE: 16 (4.86 metros) pies de largo, para perro hasta 110 libras (50 kilos)</p></section></details><details><summary>Garantía</summary><section><div>Garantía por defectos de fábrica. Cortes, mordeduras y golpes no serán contemplados dentro de la garantía.</div><div><strong>Devoluciones</strong></div><div>Se realiza cambio si el producto presenta defecto de fábrica. </div><div>Muy respetuosamente pedimos que, al momento de solicitarnos un producto, tenga las medidas necesarias.</div><div>No se hacen reembolsos, se hacen cambios por productos disponibles, completando el mismo monto cancelado.</div></section></details><p><br><br><br></p>",taxable,,,,,,0,0.0,0.0,0.0,0.0,1,,,,"Correas > Retráctil, Correas, Todos los Productos",,,"https://d2j6dbq0eux0bg.cloudfront.net/images/104219285/products/695721366/4541075199.jpg, https://d2j6dbq0eux0bg.cloudfront.net/images/104219285/products/695721366/4590302373.jpg, https://d2j6dbq0eux0bg.cloudfront.net/images/104219285/products/695721366/4590302363.jpg, https://d2j6dbq0eux0bg.cloudfront.net/images/104219285/products/695721366/4590308807.jpg, https://d2j6dbq0eux0bg.cloudfront.net/images/104219285/products/695721366/4590298185.jpg, https://d2j6dbq0eux0bg.cloudfront.net/images/104219285/products/695721366/4590308812.jpg",,,,,"LL06,L0272,KGTRN BL,FL,BL001-002",,,,,Kong,Tamaño,"M, L",1,0,,,,,,,,,,,,695721366,https://www.specialk9.com/Correa-reflectiva-retractil-Kong-p695721366,"Correa reflectiva retráctil Kong","Descripción Cuando los paseos diarios con su perro sean de noche, asegúrese de que estén mucho más seguros con la correa retráctil reflectante para perros KONG. Esta correa tiene un mango de agarre suave y se extiende hasta una longitud cómoda, lo que le da a su perro la libertad suficiente para…"
variation,"151404 KG/RLF LG BK",,"Correa reflectiva retráctil Kong - L",-1,,visible,,,taxable,parent,1,0,1,1,0,,,,,,,,27500.00,,,,,,,"KGRLF BK",,,,,,,,Tamaño,L,1,0,,,,,,,,,,,,695721366,,,
variation,"151305 KG/RLF MD BK",,"Correa reflectiva retráctil Kong - M",-1,,visible,,,taxable,parent,1,0,1,1,0,,,,,,,,24500.00,,,,,,,"KGRLF BK",,,,,,,,Tamaño,M,1,0,,,,,,,,,,,,695721366,,,
variable,"L13 L14",,"Correa Remington",1,0,visible,,"<details><summary>Descripción</summary><section><p>Las correas de nailon están hechas de nailon resistente de doble capa, que es mejor para perros grandes. Procesado especialmente para evitar que se deshilache y aumentar la resistencia. Todos los productos de nailon tienen un acabado cuidadoso y prolijo para brindar comodidad, atractivo y durabilidad.</p></section></details><details><summary>Garantía</summary><section><div>Garantía por defectos de fábrica. Cortes y mordeduras no serán contemplados dentro de la garantía.</div><div><strong>Devoluciones</strong></div><div>Se realiza cambio si el producto presenta defecto de fábrica. </div><div>Muy respetuosamente pedimos que, al momento de solicitarnos un producto, tenga las medidas necesarias.</div><div>No se hacen reembolsos, se hacen cambios por productos disponibles, completando el mismo monto cancelado.</div><p><br></p></section></details><p><br></p>",taxable,,,,,,0,0.0,0.0,0.0,0.0,1,,,,"Correas, Correas > Nylon, Todos los Productos",,,"https://d2j6dbq0eux0bg.cloudfront.net/images/104219285/4541315096.jpg, https://d2j6dbq0eux0bg.cloudfront.net/images/104219285/4591725047.jpg, https://d2j6dbq0eux0bg.cloudfront.net/images/104219285/4541315349.png, https://d2j6dbq0eux0bg.cloudfront.net/images/104219285/4541317333.jpg",,,,,"L07,5923050171,BL001-002,LL06,L0272,AL100",,,,,"Elite K9",Color,"Negro, Naranja",1,0,,Largo,"4', 6'",1,0,,,,,,,695816792,https://www.specialk9.com/Correa-Remington-p695816792,"Correa Remington","Descripción Las correas de nailon están hechas de nailon resistente de doble capa, que es mejor para perros grandes. Procesado especialmente para evitar que se deshilache y aumentar la resistencia. Todos los productos de nailon tienen un acabado cuidadoso y prolijo para brindar comodidad, atractivo…"
variation,L17,,"Correa Remington - Naranja / 6'",1,,visible,,,taxable,parent,1,0,1,1,0,,,,,,,,20500.00,,,,,,,"L13 L14",,,,,,,,Color,Naranja,1,0,,Largo,6',1,0,,,,,,,695816792,,,
variation,L14,,"Correa Remington - Negro / 6'",1,,visible,,,taxable,parent,1,6,1,0,0,,,,,,,,20500.00,,,,,,,"L13 L14",,,,,,,,Color,Negro,1,0,,Largo,6',1,0,,,,,,,695816792,,,
variation,L16,,"Correa Remington - Naranja / 4'",1,,visible,,,taxable,parent,1,0,1,1,0,,,,,,,,17500.00,,,,,,,"L13 L14",,,,,,,,Color,Naranja,1,0,,Largo,4',1,0,,,,,,,695816792,,,
variation,L13,,"Correa Remington - Negro / 4'",1,,visible,,,taxable,parent,0,0,1,0,0,,,,,,,,17500.00,,,,,,,"L13 L14",,,,,,,,Color,Negro,1,0,,Largo,4',1,0,,,,,,,695816792,,,
variable,FL,,"Correa retráctil Flexi",1,0,visible,,"<details><summary>Descripción</summary><section><p>La correa es de color amarillo para se vea desde lejos incluso de noche o al atardecer o anochecer, por lo que dota al perro de una gran seguridad.</p><p>El mecanismo de enrollado automático garantiza que la correa no se deforme. Además, podrás controlar al perro con tan solo presionar el botón de bloqueo con el dedo pulgar.<br>Características:</p><ul><li>Correa con mecanismo de enrollado automático.</li><li>Diseño único para una buena visibilidad.</li><li>Con botón de parada y bloqueo.</li><li>Con cinta de seguridad: impide que la correa se enrolle de golpe en caso de que se rompa el collar del perro.</li><li>Ganchos cromados.</li><li>Fabricada en Alemania.</li></ul></section></details><details><summary>Tamaños</summary><section><p>- Flexi Neón Cordón XS: 3 metros de longitud para perros de hasta 8 kg de peso.</p><p>- Flexi Neón Cordón S: 5 metros de longitud para perros de hasta 12 kg de peso.</p><p>- Flexi Neón Cordón M: 5 metros de longitud para perros de hasta 20 kg de peso.</p></section></details><details><summary>Garantía</summary><section><div>Garantía por defectos de fábrica. Cortes, mordeduras y golpes no serán contemplados dentro de la garantía.</div><div>Devoluciones</div><div>Se realiza cambio si el producto presenta defecto de fábrica. </div><div>Muy respetuosamente pedimos que, al momento de solicitarnos un producto, tenga las medidas necesarias.</div><div>No se hacen reembolsos, se hacen cambios por productos disponibles, completando el mismo monto cancelado.</div></section></details><p><br></p>",taxable,,,,,,0,0.0,0.0,0.0,0.0,1,,,,"Correas > Retráctil, Correas, Todos los Productos",,,"https://d2j6dbq0eux0bg.cloudfront.net/images/104219285/products/695723400/4541079947.jpg, https://d2j6dbq0eux0bg.cloudfront.net/images/104219285/products/695723400/4588621939.jpg, https://d2j6dbq0eux0bg.cloudfront.net/images/104219285/products/695723400/4588621949.jpg, https://d2j6dbq0eux0bg.cloudfront.net/images/104219285/products/695723400/4588627500.jpg, https://d2j6dbq0eux0bg.cloudfront.net/images/104219285/products/695723400/4588623495.jpg, https://d2j6dbq0eux0bg.cloudfront.net/images/104219285/products/695723400/4588623485.jpg",,,,,"KGTRN BL,KGRLF BK,L01,L13 L14,BL001-002",,,,,Flexi,Tamaño,"XS, S, M",1,0,,,,,,,,,,,,695723400,https://www.specialk9.com/Correa-retractil-Flexi-p695723400,"Correa retráctil Flexi","Descripción La correa es de color amarillo para se vea desde lejos incluso de noche o al atardecer o anochecer, por lo que dota al perro de una gran seguridad. El mecanismo de enrollado automático garantiza que la correa no se deforme. Además, podrás controlar al perro con tan solo presionar el…"
variation,"FL M",,"Correa retráctil Flexi - M",1,,visible,,,taxable,parent,1,2,1,1,0,,,,,,,,17000.00,,,,,,,FL,,,,,,,,Tamaño,M,1,0,,,,,,,,,,,,695723400,,,
variation,"FL S",,"Correa retráctil Flexi - S",1,,visible,,,taxable,parent,1,8,1,1,0,,,,,,,,13000.00,,,,,,,FL,,,,,,,,Tamaño,S,1,0,,,,,,,,,,,,695723400,,,
variation,"FL XS",,"Correa retráctil Flexi - XS",1,,visible,,,taxable,parent,1,4,1,1,0,,,,,,,,10000.00,,,,,,,FL,,,,,,,,Tamaño,XS,1,0,,,,,,,,,,,,695723400,,,
simple,"FL L 60",,"Correa retráctil Flexi New Comfort - Talla L",1,0,visible,,"<details><summary>Descripción</summary><section><p>Correa Retráctil</p><p>El mecanismo de enrollado automático garantiza que la correa no se deforme. Además, podrás controlar al perro con tan solo presionar el botón de bloqueo con el dedo pulgar.<br>Características:</p><ul><li>Correa con mecanismo de enrollado automático.</li><li>Diseño único para una buena visibilidad.</li><li>Con botón de parada y bloqueo.</li><li>Con cinta de seguridad: impide que la correa se enrolle de golpe en caso de que se rompa el collar del perro.</li><li>Ganchos cromados.</li><li>Fabricada en Alemania</li></ul></section></details><details><summary>Garantía</summary><section><div>Garantía por defectos de fábrica. Cortes, mordeduras y golpes no serán contemplados dentro de la garantía.</div><div>Devoluciones</div><div>Se realiza cambio si el producto presenta defecto de fábrica. </div><div>Muy respetuosamente pedimos que, al momento de solicitarnos un producto, tenga las medidas necesarias.</div><div>No se hacen reembolsos, se hacen cambios por productos disponibles, completando el mismo monto cancelado.</div></section></details><p><br></p>",taxable,,0,-1,1,0,0,0.0,0.0,0.0,0.0,1,,,47300.00,"Correas > Retráctil, Correas, Todos los Productos",,,https://d2j6dbq0eux0bg.cloudfront.net/images/104219285/5203695798.jpg,,,,,"KGTRN BL,KGRLF BK,L01,L13 L14,BL001-002",,,,,Flexi,,,,,,,,,,,,,,,,784597438,https://www.specialk9.com/Correa-retractil-Flexi-New-Comfort-Talla-L-p784597438,"Correa retráctil Flexi New Comfort - Talla L","Descripción Correa Retráctil El mecanismo de enrollado automático garantiza que la correa no se deforme. Además, podrás controlar al perro con tan solo presionar el botón de bloqueo con el dedo pulgar. Características: Correa con mecanismo de enrollado automático. Diseño único para una buena…"
simple,152449,,"Correa retráctil Kong Explore",-1,0,hidden,,"<details><summary>Descripción</summary><section><p>Correa retráctil Kong Explore</p><div>Cuenta con un mango ergonómico con soporte de agarre adicional para una sujeción cómoda y una cinta ancha. Cuenta con mecanismo intuitivo de freno y bloqueo funciona con un movimiento natural al caminar y particular del perro. Mayor durabilidad y fuerza paseo tras paseo.</div><div>Las correas Kong Explore son específicamente para perros más aventureros y ofrece una correa más larga y una construcción más robusta para explorar terrenos variados.</div><div>Cinta retráctil color negra de 7.5mts de largo.</div><div>Posee un botón de frenado y otro de bloqueo.</div><div>Para perros que pesan hasta 50 kilos.</div><div>Longitud de 7.5 metros. Talla L.</div></section></details><details><summary>Garantía</summary><section><div>Garantía por defectos de fábrica. Cortes, mordeduras y golpes no serán contemplados dentro de la garantía.</div><div><strong>Devoluciones</strong></div><div>Se realiza cambio si el producto presenta defecto de fábrica. </div><div>Muy respetuosamente pedimos que, al momento de solicitarnos un producto, tenga las medidas necesarias.</div><div>No se hacen reembolsos, se hacen cambios por productos disponibles, completando el mismo monto cancelado.</div></section></details><p><br></p>",taxable,,1,0,1,1,0,0.0,0.0,0.0,0.0,1,,,29300.00,"Correas, Correas > Retráctil, Todos los Productos",,,"https://d2j6dbq0eux0bg.cloudfront.net/images/104219285/5041692611.jpg, https://d2j6dbq0eux0bg.cloudfront.net/images/104219285/5041699319.jpg",,,,,"FL,KGRLF BK,L0272,L01,BL001-002",,,,,Kong,,,,,,,,,,,,,,,,766230894,https://www.specialk9.com/Correa-retractil-Kong-Explore-p766230894,"Correa retráctil Kong Explore","Descripción Correa retráctil Kong Explore Cuenta con un mango ergonómico con soporte de agarre adicional para una sujeción cómoda y una cinta ancha. Cuenta con mecanismo intuitivo de freno y bloqueo funciona con un movimiento natural al caminar y particular del perro. Mayor durabilidad y fuerza…"
variable,"KGTRN BL",,"Correa retráctil Kong Terrain",-1,0,hidden,,"<details><summary>Descripción</summary><section><p>Correa retráctil Kong Terrain</p><p>Cuenta con un mango ergonómico con soporte de agarre adicional para una sujeción cómoda, costuras reflectantes. y una cinta ancha, para una mayor durabilidad. Mecanismo intuitivo de freno y bloqueo funciona con un movimiento natural al caminar. Perfecto para el uso diario en tus caminatas favoritas con tu mascota.<br><br><strong>Medidas:</strong><br>Talla M: Largo 5mts / Para perros de 30kg<br>Talla L: Largo 5mts / Para perros de 50kg<br></p></section></details><details><summary>Garantía</summary><section><div>Garantía por defectos de fábrica. Cortes, mordeduras y golpes no serán contemplados dentro de la garantía.</div><div><strong>Devoluciones</strong></div><div>Se realiza cambio si el producto presenta defecto de fábrica. </div><div>Muy respetuosamente pedimos que, al momento de solicitarnos un producto, tenga las medidas necesarias.</div><div>No se hacen reembolsos, se hacen cambios por productos disponibles, completando el mismo monto cancelado.</div></section></details><p><br></p>",taxable,,,,,,0,0.0,0.0,0.0,0.0,1,,,,"Correas, Correas > Retráctil, Todos los Productos",,,"https://d2j6dbq0eux0bg.cloudfront.net/images/104219285/4541076190.jpg, https://d2j6dbq0eux0bg.cloudfront.net/images/104219285/4590564059.png, https://d2j6dbq0eux0bg.cloudfront.net/images/104219285/4590573520.png, https://d2j6dbq0eux0bg.cloudfront.net/images/104219285/4590564064.png",,,,,"FL,KGRLF BK,L0272,L01,BL001-002",,,,,Kong,Tamaño,"M, L",1,0,,,,,,,,,,,,695758265,https://www.specialk9.com/Correa-retractil-Kong-Terrain-p695758265,"Correa retráctil Kong Terrain","Descripción Correa retráctil Kong Terrain Cuenta con un mango ergonómico con soporte de agarre adicional para una sujeción cómoda, costuras reflectantes. y una cinta ancha, para una mayor durabilidad. Mecanismo intuitivo de freno y bloqueo funciona con un movimiento natural al caminar. Perfecto para…"
variation,"KGTRN BL L",,"Correa retráctil Kong Terrain - L",-1,,visible,,,taxable,parent,1,-1,1,1,0,,,,,,,,21990.00,,,,,,,"KGTRN BL",,,,,,,,Tamaño,L,1,0,,,,,,,,,,,,695758265,,,
variation,"KGTRN BL MD",,"Correa retráctil Kong Terrain - M",-1,,visible,,,taxable,parent,1,0,1,1,0,,,,,,,,18700.00,,,,,,,"KGTRN BL",,,,,,,,Tamaño,M,1,0,,,,,,,,,,,,695758265,,,
variable,V36153,,"Correa Viper Biothane",1,1,visible,,"<div><article><div><p>Nuestra <strong>correa de trabajo de Biothane</strong> está fabricada con una cinta de alta calidad recubierta con Biothane impermeable. Material de confianza utilizado en ligas deportivas nacionales, así como en organizaciones militares y aeroespaciales internacionales, el Biothane cuenta con un núcleo flexible recubierto con una capa protectora resistente e impermeable.</p><p>Es un material duradero, fácil de limpiar y con eficacia comprobada en aplicaciones donde la seguridad, la higiene, la flexibilidad y la resistencia son fundamentales.<br><br>Grosor: 3/8"" (0.95 cm) <br>Largo: 15' (4.6 metros) y 18' (5.5 metros)</p></div><div></div></article></div><div></div>",taxable,,,,,,0,0.0,0.0,0.0,0.0,1,,,,"Correas, Correas > Biothane, Todos los Productos",,,https://d2j6dbq0eux0bg.cloudfront.net/images/104219285/products/816663946/5590928510.webp,,,,,,,,,35,DogLine,Tamaño,"L 15' x W 3/8"", L 20' x W 3/8""",1,0,,,,,,,,,,,,816663946,https://www.specialk9.com/Correa-Viper-Biothane-p816663946,"Correa Viper Biothane","Nuestra correa de trabajo de Biothane está fabricada con una cinta de alta calidad recubierta con Biothane impermeable. Material de confianza utilizado en ligas deportivas nacionales, así como en organizaciones militares y aeroespaciales internacionales, el Biothane cuenta con un núcleo flexible…"
variation,V36153-2,,"Correa Viper Biothane - L 20' x W 3/8""",1,,visible,,,taxable,parent,1,1,1,1,0,,,,,,,,29600.00,,,,,,,V36153,,,,,,,,Tamaño,"L 20' x W 3/8""",1,0,,,,,,,,,,,,816663946,,,
variation,V36153-1,,"Correa Viper Biothane - L 15' x W 3/8""",1,,visible,,,taxable,parent,1,1,1,1,0,,,,,,,,26100.00,,,,,,,V36153,,,,,,,,Tamaño,"L 15' x W 3/8""",1,0,,,,,,,,,,,,816663946,,,
simple,G07,076484510663,"Corta uñas profesional",1,0,visible,,"<details><summary>Descripción</summary><section><p>Cortauñas de calidad profesional ideal para perros medianos y grandes. Cuenta con una hoja pesada de acero inoxidable que resiste la flexión y permite la acción de tijera y cortes limpios sin rasgarse. Viene con un tope de seguridad y palanca de bloqueo.</p></section></details><details><summary>Garantía</summary><section><div>Garantía por defectos de fábrica. Mordeduras y golpes no serán contemplados dentro de la garantía.</div><div><strong>Devoluciones</strong></div><div>Se realiza cambio si el producto presenta defecto de fábrica. </div><p>No se hacen reembolsos, se hacen cambios por productos disponibles, completando el mismo monto cancelado.</p><p><br></p></section></details><p><br></p>",taxable,,1,1,1,0,0,0.14,0.0,0.0,0.0,1,,,15500.00,"Grooming, Todos los Productos",,,https://d2j6dbq0eux0bg.cloudfront.net/images/104219285/4553297492.jpg,,,,,G114,,,,,Safari,,,,,,,,,,,,,,,,697593307,https://www.specialk9.com/Corta-unas-profesional-p697593307,"Corta uñas profesional","Descripción Cortauñas de calidad profesional ideal para perros medianos y grandes. Cuenta con una hoja pesada de acero inoxidable que resiste la flexión y permite la acción de tijera y cortes limpios sin rasgarse. Viene con un tope de seguridad y palanca de bloqueo. Garantía Garantía por defectos de…"
simple,GRBR,,"Cuchilla Gerber",1,0,visible,,"<details><summary>Descripción</summary><section><p>El diseño minimalista y la durabilidad se unen en el cuchillo plegable Gerber Gear. Junto con un diseño de anillo circular para un agarre cómodo mientras está en uso, la navaja plegable cuenta con una hoja tanto de acero inoxidable con un borde parcialmente dentado, mango texturizado G-10 para un agarre seguro, mecanismo de bloqueo del forro y elevador de pulgar ambidiestro para capacidad de apertura con una sola mano.</p><p>Especificaciones técnicas de Gerber Remix Tactical 30-000433:</p><p>Longitud de la hoja: 3,0 pulgadas</p><p>Longitud cerrada: 4,86 pulgadas</p><p>Longitud total: 7,86 pulgadas</p></section></details><details><summary>Garantía </summary><section><p>Por defectos de fábrica.</p><div><strong>Devoluciones</strong></div><div>Se realiza cambio si el producto presenta defecto de fábrica. </div><p>No se hacen reembolsos, se hacen cambios por productos disponibles, completando el mismo monto cancelado.</p></section></details>",taxable,,1,1,1,0,0,0.14,0.0,0.0,0.0,1,,,46200.00,"Accesorios, Todos los Productos",,,"https://d2j6dbq0eux0bg.cloudfront.net/images/104219285/products/696671319/4547411433.jpg, https://d2j6dbq0eux0bg.cloudfront.net/images/104219285/products/696671319/4547411438.jpg",,,,,,,,,,Gerber,,,,,,,,,,,,,,,,696671319,https://www.specialk9.com/Cuchilla-Gerber-p696671319,"Cuchilla Gerber","Descripción El diseño minimalista y la durabilidad se unen en el cuchillo plegable Gerber Gear. Junto con un diseño de anillo circular para un agarre cómodo mientras está en uso, la navaja plegable cuenta con una hoja tanto de acero inoxidable con un borde parcialmente dentado, mango texturizado…"
simple,KG04,,"Cuerda para Kong",1,0,visible,,"<details><summary>Descripción</summary><section><p>La cuerda de nailon de alta calidad de 10"" de largo x 1/2"" de ancho se puede agregar a los Kongs grandes, extragrandes y King. No es compatible con Kongs de tamaño mediano.</p></section></details><details><summary>Garantía</summary><section><div>Garantía por defectos de fábrica. Cortes y mordeduras no serán contemplados dentro de la garantía.</div><div><strong>Devoluciones</strong></div><div>Se realiza cambio si el producto presenta defecto de fábrica. </div><div>Muy respetuosamente pedimos que, al momento de solicitarnos un producto, tenga las medidas necesarias.</div><div>No se hacen reembolsos, se hacen cambios por productos disponibles, completando el mismo monto cancelado.</div></section></details><p><br></p>",taxable,,0,0,1,0,0,0.04,0.0,0.0,0.0,1,,,5000.00,"Recompensas > Kongs, Todos los Productos",,,https://d2j6dbq0eux0bg.cloudfront.net/images/104219285/products/697605758/4553369674.jpg,,,,,,,,,,Kong,,,,,,,,,,,,,,,,697605758,https://www.specialk9.com/Cuerda-para-Kong-p697605758,"Cuerda para Kong","Descripción La cuerda de nailon de alta calidad de 10"" de largo x 1/2"" de ancho se puede agregar a los Kongs grandes, extragrandes y King. No es compatible con Kongs de tamaño mediano. Garantía Garantía por defectos de fábrica. Cortes y mordeduras no serán contemplados dentro de la garantía.…"
variable,T06,,"Desarrollador de Mordida",1,0,visible,,"<details><summary>Descripción</summary><section><p>Cuña para desarollar una buena mordida.</p><p>Cuenta con 3 agarres para sujetarlo o para deslizar el brazo.<br><br>Medidas:</p><p>6"" Alto x 9"" Profundidad x 14"" Ancho</p></section></details><details><summary>Garantía</summary><section><div>Garantía por defectos de fábrica. Cortes y mordeduras no serán contemplados dentro de la garantía.</div><div><strong>Devoluciones</strong></div><div>Se realiza cambio si el producto presenta defecto de fábrica.</div><p>No se hacen reembolsos, se hacen cambios por productos disponibles, completando el mismo monto cancelado.</p></section></details>",taxable,,,,,,0,1.5,0.0,0.0,0.0,1,,,,"Formadores, Todos los Productos",,,"https://d2j6dbq0eux0bg.cloudfront.net/images/104219285/4555462451.jpg, https://d2j6dbq0eux0bg.cloudfront.net/images/104219285/4555462726.jpg, https://d2j6dbq0eux0bg.cloudfront.net/images/104219285/4555462731.jpg",,,,,,,,,,"Elite K9",Material,"Sintético, Yute, Camo",1,0,,,,,,,,,,,,697978447,https://www.specialk9.com/Desarrollador-de-Mordida-p697978447,"Desarrollador de Mordida","Descripción Cuña para desarollar una buena mordida. Cuenta con 3 agarres para sujetarlo o para deslizar el brazo. Medidas: 6"" Alto x 9"" Profundidad x 14"" Ancho Garantía Garantía por defectos de fábrica. Cortes y mordeduras no serán contemplados dentro de la garantía. Devoluciones Se realiza cambio…"
variation,"T06 CAMO",,"Desarrollador de Mordida - Camo",1,,visible,,,taxable,parent,1,0,1,1,0,,,,,,,,58000.00,,,,,,,T06,,,,,,,,Material,Camo,1,0,,,,,,,,,,,,697978447,,,
variation,"T06 Y",,"Desarrollador de Mordida - Yute",1,,visible,,,taxable,parent,1,0,1,1,0,,,,,,,,52500.00,,,,,,,T06,,,,,,,,Material,Yute,1,0,,,,,,,,,,,,697978447,,,
variation,"T06 S",,"Desarrollador de Mordida - Sintético",1,,visible,,,taxable,parent,1,0,1,1,0,,,,,,,,52500.00,,,,,,,T06,,,,,,,,Material,Sintético,1,0,,,,,,,,,,,,697978447,,,
simple,PBB1J,PBB1J,"Desarrollador de Mordida para Cachorro",1,0,visible,,"<details><summary>Descripción</summary><section><p>2 agarres laterales redondas para un mejor control.<br>1 asa interior acolchada y rígida.<br>Material duradero.<br>Agarre de nailon para sujetar la correa.<br>Ángulo de agarre de mordida fácil para cachorros.</p></section></details><details><summary>Medidas</summary><section><p>15"" de largo<br>10"" de ancho<br></p></section></details><details><summary>Garantía</summary><section><div>Garantía por defectos de fábrica. Cortes y mordeduras no serán contemplados dentro de la garantía.</div><div><strong>Devoluciones</strong></div><div>Se realiza cambio si el producto presenta defecto de fábrica.</div><p>No se hacen reembolsos, se hacen cambios por productos disponibles, completando el mismo monto cancelado.</p></section></details>",taxable,,0,0,1,0,0,0.6,0.0,0.0,0.0,1,,,57000.00,"Formadores, Todos los Productos",,,"https://d2j6dbq0eux0bg.cloudfront.net/images/104219285/4936880413.jpg, https://d2j6dbq0eux0bg.cloudfront.net/images/104219285/4936884678.jpg, https://d2j6dbq0eux0bg.cloudfront.net/images/104219285/4936886712.jpg",,,,,"TL,TJ12,TS12,T08,TJ06 TS06",,,,,"For Dog Trainers",,,,,,,,,,,,,,,,753228447,https://www.specialk9.com/Desarrollador-de-Mordida-para-Cachorro-p753228447,"Desarrollador de Mordida para Cachorro","Descripción 2 agarres laterales redondas para un mejor control. 1 asa interior acolchada y rígida. Material duradero. Agarre de nailon para sujetar la correa. Ángulo de agarre de mordida fácil para cachorros. Medidas 15"" de largo 10"" de ancho Garantía Garantía por defectos de fábrica. Cortes y…"
simple,362073,,"Desinfectante Fantasía Floral",-1,1,hidden,,"<details><summary>Descripción</summary><section><p>Introduzca la descripción del bloque. El texto de la descripción se ocultará bajo el título para ahorrar espacio y hacer que la página del producto sea más escaneable. Para leer el texto, sus clientes tendrán que expandir el bloque contraído.<br><br></p><p>El desinfectante Tronex Fantasy Floral de 9,4 litros es ideal para desinfectar, limpiar y aromatizar una amplia variedad de superficies lavables. Puede utilizarse en pisos, cocinas, baños, paredes, lavamanos, inodoros y otras áreas del hogar, oficina o negocio, ayudando a mantener los espacios limpios y con una agradable fragancia floral.</p><p>Puede aplicarse puro o diluido, según el nivel de suciedad. Para la limpieza diaria, se recomienda diluir una parte de producto en cuatro partes de agua. También puede utilizarse en el enjuague final de la ropa, contribuyendo a desinfectar las prendas y dejándolas con un aroma fresco y agradable.</p></section></details>",taxable,,0,0,1,0,0,9.5,0.0,0.0,0.0,1,,,8400.00,"Todos los Productos, Limpieza",,,"https://d2j6dbq0eux0bg.cloudfront.net/images/104219285/products/842137363/5824647487.jpg, https://d2j6dbq0eux0bg.cloudfront.net/images/104219285/products/842137363/5824647943.jpg, https://d2j6dbq0eux0bg.cloudfront.net/images/104219285/products/842137363/5824647949.jpg, https://d2j6dbq0eux0bg.cloudfront.net/images/104219285/products/842137363/5824652359.jpg",,,,,,,,,79,Tronex,,,,,,,,,,,,,,,,842137363,https://www.specialk9.com/Desinfectante-Fantasia-Floral-p842137363,"Desinfectante Fantasía Floral","Descripción Introduzca la descripción del bloque. El texto de la descripción se ocultará bajo el título para ahorrar espacio y hacer que la página del producto sea más escaneable. Para leer el texto, sus clientes tendrán que expandir el bloque contraído. El desinfectante Tronex Fantasy Floral de 9,4…"
simple,7501025412005,,"Desinfectante Mascotas",-1,1,hidden,,"<details><summary>Descripción</summary><section><p>Desinfectante Cloralex Mascotas - 3.75 L el aliado indispensable para tu rutina de aseo, diseñado para ofrecer una limpieza profunda, efectiva y de alto rendimiento. Su fórmula avanzada actúa con total rapidez para remover la suciedad, la grasa o las manchas difíciles, devolviendo la frescura y la pureza original a cada superficie o tejido. Una alternativa sumamente versátil y confiable que garantiza un ambiente impecable y agradable para toda tu familia.</p></section></details>",taxable,,0,0,1,0,0,3.8,0.0,0.0,0.0,1,,,8100.00,"Todos los Productos, Limpieza",,,"https://d2j6dbq0eux0bg.cloudfront.net/images/104219285/products/842137358/5824621953.webp, https://d2j6dbq0eux0bg.cloudfront.net/images/104219285/products/842137358/5824631502.webp, https://d2j6dbq0eux0bg.cloudfront.net/images/104219285/products/842137358/5824631758.webp, https://d2j6dbq0eux0bg.cloudfront.net/images/104219285/products/842137358/5824631764.webp",,,,,,,,,78,Cloralex,,,,,,,,,,,,,,,,842137358,https://www.specialk9.com/Desinfectante-Mascotas-p842137358,"Desinfectante Mascotas","Descripción Desinfectante Cloralex Mascotas - 3.75 L el aliado indispensable para tu rutina de aseo, diseñado para ofrecer una limpieza profunda, efectiva y de alto rendimiento. Su fórmula avanzada actúa con total rapidez para remover la suciedad, la grasa o las manchas difíciles, devolviendo la…"
simple,375410,,"Detergente en Polvo Biodegradable para Ropa 10 kg (208 Lavadas)",-1,1,hidden,,"<details><summary>Descripción</summary><section><p>Mantén tu ropa limpia y fresca con el detergente en polvo biodegradable Member's Selection. Su presentación de 10 kg (22 lb) ofrece rendimiento para hasta 208 lavadas, convirtiéndolo en una opción práctica y económica para el uso diario.</p><p>Su fórmula es apta para prendas blancas y de color, ayudando a eliminar la suciedad mientras cuida los tejidos. Además, no contiene cloro, lo que contribuye a preservar los colores y la apariencia de la ropa. Incluye una práctica taza medidora para facilitar la dosificación adecuada en cada lavado.</p></section></details>",taxable,,0,0,1,0,0,10.0,0.0,0.0,0.0,1,,,14150.00,,,,"https://d2j6dbq0eux0bg.cloudfront.net/images/104219285/products/842120750/5824577914.jpg, https://d2j6dbq0eux0bg.cloudfront.net/images/104219285/products/842120750/5824587583.jpg, https://d2j6dbq0eux0bg.cloudfront.net/images/104219285/products/842120750/5824587577.jpg, https://d2j6dbq0eux0bg.cloudfront.net/images/104219285/products/842120750/5824587571.jpg, https://d2j6dbq0eux0bg.cloudfront.net/images/104219285/products/842120750/5824583611.jpg",,,,,,,,,76,"Member's Selection",,,,,,,,,,,,,,,,842120750,https://www.specialk9.com/Detergente-en-Polvo-Biodegradable-para-Ropa-10-kg-208-Lavadas-p842120750,"Detergente en Polvo Biodegradable para Ropa 10 kg (208 Lavadas)","Descripción Mantén tu ropa limpia y fresca con el detergente en polvo biodegradable Member's Selection. Su presentación de 10 kg (22 lb) ofrece rendimiento para hasta 208 lavadas, convirtiéndolo en una opción práctica y económica para el uso diario. Su fórmula es apta para prendas blancas y de…"
simple,DIA1312,,"Diamond Naturals - All Life Stages Chicken & Rice",1,1,visible,,"<p>Diamond Naturals - All Life Stages Chicken & Rice</p><p>Alimento premium para perros de todas las etapas de vida, elaborado con pollo criado sin jaula como primer ingrediente. Su fórmula balanceada combina proteínas de alta calidad, arroz integral y una mezcla de superfoods como espinaca, zanahoria, arándanos y coco, ofreciendo nutrición completa y digestible.</p><p>Incluye niveles garantizados de zinc, selenio y vitamina E para reforzar el sistema inmunológico, además de probióticos para una mejor salud digestiva. Ideal para perros con actividad moderada y familias que buscan una nutrición confiable y equilibrada.</p><p> Beneficios Principales:</p><p>Proteína y grasa para energía y mantenimiento muscular</p><p>Ingredientes naturales y altamente digestible</p><p>Probióticos garantizados para una digestión saludable</p><p>Vitaminas y minerales esenciales para piel, pelo y sistema inmune</p>",taxable,,1,,,0,0,0.0,0.0,0.0,0.0,1,,,65000.00,"Todos los Productos, Alimentos & Suplementos, Alimentos & Suplementos > Alimentación",,,https://d2j6dbq0eux0bg.cloudfront.net/images/104219285/products/800713968/5434709563.jpg,,,,,,,,,24,"Diamond Pet Foods",,,,,,,,,,,,,,,,800713968,https://www.specialk9.com/Diamond-Naturals-All-Life-Stages-Chicken-&-Rice-p800713968,"Diamond Naturals - All Life Stages Chicken & Rice","Diamond Naturals - All Life Stages Chicken & Rice Alimento premium para perros de todas las etapas de vida, elaborado con pollo criado sin jaula como primer ingrediente. Su fórmula balanceada combina proteínas de alta calidad, arroz integral y una mezcla de superfoods como espinaca, zanahoria,…"
simple,"DIA10090 BR",,"Diamond Naturals Breeder 20kg",1,1,visible,,"<h3><strong>Diamond Naturals – Breeder Formula Chicken & Rice</strong></h3> <p>Fórmula diseñada especialmente para criadores, perros de trabajo y perros con altas demandas energéticas. Elaborada con <strong>pollo como primer ingrediente</strong>, proporciona niveles superiores de <strong>proteína (30%)</strong> y <strong>grasa (20%)</strong> para apoyar el rendimiento, la resistencia y la condición corporal ideal.</p><p>Incluye <strong>glucosamina y condroitina</strong> para proteger las articulaciones, además de una mezcla de <strong>superfoods</strong> y probióticos que favorecen una digestión óptima, un sistema inmunológico fuerte y una piel y pelaje saludables. Su alta densidad calórica lo convierte en un alimento ideal para perros activos, hembras gestantes o lactantes, y animales que requieren mayor nutrición.</p><p><strong>Beneficios principales:</strong></p> <ul> <li> Alto contenido de energía para perros de trabajo</li> <li> Glucosamina y condroitina para soporte articular</li> <li> Probióticos garantizados para salud digestiva</li> <li> Mezcla de superfoods ricos en antioxidantes</li> <li> Excelente opción para criadores y perros con alta demanda nutricional</li></ul>",taxable,,1,,,0,0,20.0,0.0,0.0,0.0,1,,,70000.00,"Todos los Productos, Alimentos & Suplementos, Alimentos & Suplementos > Alimentación",,,https://d2j6dbq0eux0bg.cloudfront.net/images/104219285/products/744827703/5351583168.png,,,,,,,,,7,,,,,,,,,,,,,,,,,744827703,https://www.specialk9.com/Diamond-Naturals-Breeder-20kg-p744827703,"Diamond Naturals Breeder 20kg","Diamond Naturals – Breeder Formula Chicken & Rice Fórmula diseñada especialmente para criadores, perros de trabajo y perros con altas demandas energéticas. Elaborada con pollo como primer ingrediente , proporciona niveles superiores de proteína (30%) y grasa (20%) para apoyar el rendimiento, la…"
simple,BSD4HK,,"Dispositivo BSD-4B con kit de caja de HDPE",1,0,visible,,"<details><summary>Descripción</summary><section><p>HDPE (polietileno de alta densidad) Paquete de olor ultrabajo por diseño, menos de 0,1 parte por millón de COV. Permitir que una amplia gama de ayudas para el entrenamiento sean la fuente abundante de olores.</p><p>Un sistema probado con miles de caninos y más de 800 entrenadores en 28 países de todo el mundo.</p><p>El poder del sistema K-9 BSD es la capacidad de recompensar desde la fuente y enseñarle al perro que el olor es el camino hacia la recompensa. Esto equivale a una verdadera presa para el perro y al mismo tiempo permite al entrenador controlar el refuerzo para moldear el comportamiento deseado. El perro también descubre por sí mismo que la acción se produce en la fuente del olor. El K-9 BSD entrena alertas pasivas y agresivas de forma rápida y precisa al permitirle al entrenador sincronizar instantáneamente la recompensa activa directamente desde la fuente de olor objetivo. La formación inicial y de mantenimiento puede tener lugar en entornos laborales reales, generando generalización de comportamientos y efi ciencia en la formación. La señal inicial de olor y comportamiento de caza se entrena con la bola de impresión de olores. Se recomienda utilizar una variedad de recompensas, como una toalla, una pelota de tenis, un Kong o una pelota de goma, una vez que el perro esté listo para el entrenamiento de alerta.</p><p>El nuevo K-9 BSD-4 tiene un botón de tono y un botón de inicio independiente. Esto le permite usar el botón de tono para marcar el comportamiento y luego el botón de inicio para expulsar la recompensa. También le permite hacer que el perro vuelva a concentrarse en el dispositivo o en la caja en la que se encuentra el dispositivo usando el tono para llamar su atención antes de presionar el botón de inicio.</p><p>Todo lo necesario para un sistema de 4 cajas Incluye</p><ul><li>Dispositivo K-9 BSD-4 con cañón</li><li>Un transmisor manual remoto</li><li>4 cajas de PEAD.</li><li>4 Frascos Aromáticos para olor que van con cada caja</li><li>4 bolas de recompensa</li></ul></section></details><details><summary>Garantía</summary><section><div>Garantía por defectos de fábrica. Cortes y golpes no serán contemplados dentro de la garantía.</div><div><strong>Devoluciones</strong></div><div>Se realiza cambio si el producto presenta defecto de fábrica. </div><p>No se hacen reembolsos, se hacen cambios por productos disponibles, completando el mismo monto cancelado.</p></section></details>",taxable,,1,0,1,1,0,43.0,0.0,0.0,0.0,1,,,1400000.00,"Detección, Todos los Productos",,,https://d2j6dbq0eux0bg.cloudfront.net/images/104219285/4540387813.jpg,,,,,,,,,,"Elite K9",,,,,,,,,,,,,,,,695627919,https://www.specialk9.com/Dispositivo-BSD-4B-con-kit-de-caja-de-HDPE-p695627919,"Dispositivo BSD-4B con kit de caja de HDPE","Descripción HDPE (polietileno de alta densidad) Paquete de olor ultrabajo por diseño, menos de 0,1 parte por millón de COV. Permitir que una amplia gama de ayudas para el entrenamiento sean la fuente abundante de olores. Un sistema probado con miles de caninos y más de 800 entrenadores en 28 países…"
simple,KG/RSWD13,,"Dummy de Entrenamiento KONG Wild Shieldz Swirl MD/LG",1,1,visible,,"<p>El KONG Wild Shieldz Swirl Training Dummy es la opción ideal si buscas una herramienta de entrenamiento resistente para tu perro. Gracias a su triple recubrimiento y sellado, es perfecto para juegos de cobro tanto en tierra como en el agua. Su alta flotabilidad facilita que tu perro lo localice, agarre y lo recupere sin dificultad.</p><p>Un aspecto destacado es su cuerda de paracord integrada, que permite lanzamientos a mayor distancia. Esto no solo ayuda a mejorar la condición física de tu perro, sino que también añade más diversión y variedad a las sesiones de juego. Por lo tanto, el KONG Wild Shieldz Swirl Training Dummy es un accesorio imprescindible para perros activos y sus dueños.</p><p><strong>KONG Wild Shieldz Swirl Training Dummy en resumen:</strong></p><p>✔ Herramienta de entrenamiento resistente para perros<br> ✔ Ideal para practicar el cobro en tierra y agua<br> ✔ Triple recubrimiento y sellado: duradero y resistente al agua<br> ✔ Alta flotabilidad: fácil de localizar y agarrar en el agua<br> ✔ Con cuerda de paracord: permite lanzamientos más largos y mejora la condición física<br> ✔ Versátil: perfecto para entrenamiento y juego al aire libre<br> ✔ Color: multicolor<br> ✔ Material: 85% poliéster, 13% TPR (goma termoplástica), 2% plástico (PP, polipropileno)<br> ✔ Dimensiones: aprox. 5.7 cm de diámetro x 39.4 cm de largo</p><p><strong>Importante:</strong><br></p><p>Uso exclusivo para mascotas. No apto para niños. Nunca dejes a tu mascota sin supervisión mientras utiliza el juguete. Ningún juguete es indestructible. No permitas que tu mascota use un producto dañado, roto o con piezas faltantes. En caso de ingestión accidental de partes pequeñas, consulta inmediatamente con un veterinario. Mantener alejado de fuentes de calor y llamas. Desechar el producto y su empaque conforme a las normativas locales.</p>",taxable,,1,2,1,0,0,0.0,0.0,0.0,0.0,1,,,37500.00,"Recompensas, Recompensas > Kongs, Recompensas > Mordedores, Todos los Productos",,,"https://d2j6dbq0eux0bg.cloudfront.net/images/104219285/products/831109113/5722169864.jpg, https://d2j6dbq0eux0bg.cloudfront.net/images/104219285/products/831109113/5722164384.webp",,,,,,,,,55,Kong,,,,,,,,,,,,,,,,831109113,https://www.specialk9.com/Dummy-de-Entrenamiento-KONG-Wild-Shieldz-Swirl-MD-LG-p831109113,"Dummy de Entrenamiento KONG Wild Shieldz Swirl MD/LG","El KONG Wild Shieldz Swirl Training Dummy es la opción ideal si buscas una herramienta de entrenamiento resistente para tu perro. Gracias a su triple recubrimiento y sellado, es perfecto para juegos de cobro tanto en tierra como en el agua. Su alta flotabilidad facilita que tu perro lo localice,…"
variable,EMI,,"EM Integrado",-1,0,hidden,,"<details><summary>Descripción</summary><section><p>EMi (EM Integrado) es un compuesto biológico elaborado a base de microorganismos eficaces, diseñado para el manejo y tratamiento de residuos orgánicos y aguas residuales. Su fórmula ayuda a acelerar los procesos naturales de descomposición de materia orgánica, contribuyendo al control de malos olores y al mantenimiento de sistemas biológicos más eficientes.</p><p>Es ideal para aplicaciones en tanques sépticos, compostaje, biodigestores, trampas de grasa, granjas, establos y otros sistemas relacionados con el tratamiento y aprovechamiento de residuos orgánicos.</p></section></details><details><summary>Características</summary><section><li>Formulado con microorganismos eficaces (EM). </li> <li> Favorece la descomposición de materia orgánica. </li> <li> Ayuda a reducir malos olores. </li> <li> Apto para compostaje y tratamiento biológico. </li> <li> Puede utilizarse en sistemas sépticos, aguas residuales y biodigestores. </li> <li> Disponible en diferentes presentaciones para adaptarse a diversas necesidades.</li></section></details>",taxable,,,,,,0,0.0,0.0,0.0,0.0,1,,,,"Todos los Productos, Limpieza",,,"https://d2j6dbq0eux0bg.cloudfront.net/images/104219285/products/842648064/5828076313.jpg, https://d2j6dbq0eux0bg.cloudfront.net/images/104219285/products/842648064/5828057458.jpg, https://d2j6dbq0eux0bg.cloudfront.net/images/104219285/products/842648064/5828065073.jpg",,,,,,,,,,"Bionovation S.A",Presentación,"Galón (4 Litros), Cubeta (20 Litros)",1,0,,,,,,,,,,,,842648064,https://www.specialk9.com/EM-Integrado-p842648064,"EM Integrado","Descripción EMi (EM Integrado) es un compuesto biológico elaborado a base de microorganismos eficaces, diseñado para el manejo y tratamiento de residuos orgánicos y aguas residuales. Su fórmula ayuda a acelerar los procesos naturales de descomposición de materia orgánica, contribuyendo al control de…"
variation,EMIC,,"EM Integrado - Cubeta (20 Litros)",-1,,visible,,,taxable,parent,1,0,1,1,0,,,,,,,,0.00,,,,,,,EMI,,,,,,,,Presentación,"Cubeta (20 Litros)",1,0,,,,,,,,,,,,842648064,,,
variation,EMIG,,"EM Integrado - Galón (4 Litros)",-1,,visible,,,taxable,parent,1,0,1,1,0,,,,,,,,0.00,,,,,,,EMI,,,,,,,,Presentación,"Galón (4 Litros)",1,0,,,,,,,,,,,,842648064,,,
simple,EM50430,,"Encierro mascota negro metal",1,1,visible,,"<p>Peso total por medida en Kilogramos: 11.6</p><p>Medidas del empaque - LARGO CM: 108.5</p><p>Medidas del empaque - ANCHO CM: 71.5</p><p>Medidas del empaque - ALTO CM: 9.5</p><p>Garantía: 45 días</p><p>Marca: Genérico</p><p>Material: Metal</p><p>Especificaciones uso: Para uso en exteriores</p><p>Medidas del Producto Armado en cm: 107x69x75</p>",taxable,,0,0,1,0,0,0.0,0.0,0.0,0.0,1,,,57500.00,"Todos los Productos",,,"https://d2j6dbq0eux0bg.cloudfront.net/images/104219285/products/846109016/5870599666.jpg, https://d2j6dbq0eux0bg.cloudfront.net/images/104219285/products/846109016/5870629343.jpg, https://d2j6dbq0eux0bg.cloudfront.net/images/104219285/products/846109016/5870627082.jpg, https://d2j6dbq0eux0bg.cloudfront.net/images/104219285/products/846109016/5870627088.jpg, https://d2j6dbq0eux0bg.cloudfront.net/images/104219285/products/846109016/5870620366.jpg",,,,,,,,,85,,,,,,,,,,,,,,,,,846109016,https://www.specialk9.com/Encierro-mascota-negro-metal-p846109016,"Encierro mascota negro metal","Peso total por medida en Kilogramos: 11.6 Medidas del empaque - LARGO CM: 108.5 Medidas del empaque - ANCHO CM: 71.5 Medidas del empaque - ALTO CM: 9.5 Garantía: 45 días Marca: Genérico Material: Metal Especificaciones uso: Para uso en exteriores Medidas del Producto Armado en cm: 107x69x75"
simple,SD60,,"Envase 9oz para Aromas",1,0,visible,,"<details><summary>Descripción</summary><section><p>El frasco de vidrio hermético viene con una tapa y funciona muy bien para almacenar aromas utilizados en el entrenamiento de detección de olores.</p><p>Tamaño: 9 onzas</p></section></details><p><br></p>",taxable,,1,0,1,1,0,0.15,0.0,0.0,0.0,1,,,1500.00,"Detección, Todos los Productos",,,https://d2j6dbq0eux0bg.cloudfront.net/images/104219285/4541173196.jpg,,,,,,,,,,,,,,,,,,,,,,,,,,695798258,https://www.specialk9.com/Envase-9oz-para-Aromas-p695798258,"Envase 9oz para Aromas","Descripción El frasco de vidrio hermético viene con una tapa y funciona muy bien para almacenar aromas utilizados en el entrenamiento de detección de olores. Tamaño: 9 onzas"
variable,1120-000,,"Estuche Protector Pelican 1120 Impermeable",1,1,visible,,"<p>Estuche protector rígido diseñado para mantener tu equipo seguro incluso en las condiciones más exigentes. El Pelican 1120 cuenta con una construcción resistente a impactos, aplastamiento, agua y polvo, ideal para proteger cámaras, electrónicos, herramientas, equipo táctico, drones, accesorios y objetos de valor.</p><div><section><div><p>Su interior incorpora espuma precortada tipo <em>Pick N Pluck™</em>, permitiendo personalizar el espacio según las necesidades del usuario. Además, incorpora una válvula automática de compensación de presión que evita la entrada de agua y facilita su apertura después de cambios de altitud o temperatura.</p><p>✅ Impermeable y hermético (certificación IP67)<br> ✅ Resistente a golpes y aplastamiento<br> ✅ Protección contra polvo y suciedad<br> ✅ Espuma interior personalizable<br> ✅ Válvula automática de compensación de presión<br> ✅ Herrajes de acero inoxidable resistentes a la corrosión<br> ✅ Construcción ligera y de alta resistencia<br> ✅ Ideal para cámaras, equipo táctico, herramientas y electrónicos</p><p><strong>Dimensiones exteriores:</strong> 21.36 x 17.17 x 9.83 cm<br> <strong>Dimensiones interiores:</strong> 18.52 x 12.14 x 8.46 cm<br> <strong>Peso aproximado:</strong> 0.65 kg (con espuma)<br> <strong>Material:</strong> Polipropileno de alta resistencia. </p></div><div></div><div><div></div></div></section></div><div></div>",taxable,,,,,,0,0.65,0.0,0.0,0.0,1,,,,"Todos los Productos, Detección",,,"https://d2j6dbq0eux0bg.cloudfront.net/images/104219285/products/846975535/5877816226.jpg, https://d2j6dbq0eux0bg.cloudfront.net/images/104219285/products/846975535/5877816238.jpg, https://d2j6dbq0eux0bg.cloudfront.net/images/104219285/products/846975535/5877816244.jpg, https://d2j6dbq0eux0bg.cloudfront.net/images/104219285/products/846975535/5877827593.jpg, https://d2j6dbq0eux0bg.cloudfront.net/images/104219285/products/846975535/5877828699.jpg, https://d2j6dbq0eux0bg.cloudfront.net/images/104219285/products/846975535/5877828705.jpg",,,,,,,,,86,Pelican,Color,"Negro, Azul, Coyote, Naranja, Gris, Amarillo",1,0,,,,,,,,,,,,846975535,https://www.specialk9.com/Estuche-Protector-Pelican-1120-Impermeable-p846975535,"Estuche Protector Pelican 1120 Impermeable","Estuche protector rígido diseñado para mantener tu equipo seguro incluso en las condiciones más exigentes. El Pelican 1120 cuenta con una construcción resistente a impactos, aplastamiento, agua y polvo, ideal para proteger cámaras, electrónicos, herramientas, equipo táctico, drones, accesorios y…"
variation,1120-000-240,,"Estuche Protector Pelican 1120 Impermeable - Amarillo",1,,visible,,,taxable,parent,1,0,1,1,0,,,,,,,,38850.00,,,,,,,1120-000,,,,,,,,Color,Amarillo,1,0,,,,,,,,,,,,846975535,,,
variation,1120-000-180,,"Estuche Protector Pelican 1120 Impermeable - Gris",1,,visible,,,taxable,parent,1,0,1,1,0,,,,,,,,38850.00,,,,,,,1120-000,,,,,,,,Color,Gris,1,0,,,,,,,,,,,,846975535,,,
variation,1120-000-150,,"Estuche Protector Pelican 1120 Impermeable - Naranja",1,,visible,,,taxable,parent,1,0,1,1,0,,,,,,,,38850.00,,,,,,,1120-000,,,,,,,,Color,Naranja,1,0,,,,,,,,,,,,846975535,,,
variation,1120-000-190,,"Estuche Protector Pelican 1120 Impermeable - Coyote",1,,visible,,,taxable,parent,1,0,1,1,0,,,,,,,,38850.00,,,,,,,1120-000,,,,,,,,Color,Coyote,1,0,,,,,,,,,,,,846975535,,,
variation,1120-000-120,,"Estuche Protector Pelican 1120 Impermeable - Azul",1,,visible,,,taxable,parent,1,0,1,1,0,,,,,,,,38850.00,,,,,,,1120-000,,,,,,,,Color,Azul,1,0,,,,,,,,,,,,846975535,,,
variation,1120-000-110,,"Estuche Protector Pelican 1120 Impermeable - Negro",1,,visible,,,taxable,parent,1,0,1,1,0,,,,,,,,38850.00,,,,,,,1120-000,,,,,,,,Color,Negro,1,0,,,,,,,,,,,,846975535,,,
variable,C131-22,,"Extra Links 2.25mm",1,0,visible,,"<details><summary>Descripción</summary><section><div><p>Links adicionales para Collar de Entrenamiento de 2.25mm de grosor</p><p>-Acero inoxidable, acabado negro</p></div><div></div></section></details><details><summary>Garantía</summary><section><div>Garantía por defectos de fábrica.</div><div><strong>Devoluciones</strong></div><div>Se realiza cambio si el producto presenta defecto de fábrica. </div><div>Muy respetuosamente pedimos que, al momento de solicitarnos un producto, tenga las medidas necesarias.</div><div>No se hacen reembolsos, se hacen cambios por productos disponibles, completando el mismo monto cancelado.</div></section></details><p><br></p>",taxable,,,,,,0,0.01,0.0,0.0,0.0,1,,,,"Collares, Collares > Collar Picos, Todos los Productos",,,"https://d2j6dbq0eux0bg.cloudfront.net/images/104219285/4541564338.jpg, https://d2j6dbq0eux0bg.cloudfront.net/images/104219285/4763550959.jpg",,,,,"50045 010 57,50026 010 - 50108 014 - 50004 010,50135 010 57,C701,00009",,,,,"Herm Sprenger",Presentación,"Unidad, Paquete de 3 links",1,0,,,,,,,,,,,,695834893,https://www.specialk9.com/Extra-Links-2-25mm-p695834893,"Extra Links 2.25mm","Descripción Links adicionales para Collar de Entrenamiento de 2.25mm de grosor -Acero inoxidable, acabado negro Garantía Garantía por defectos de fábrica. Devoluciones Se realiza cambio si el producto presenta defecto de fábrica. Muy respetuosamente pedimos que, al momento de solicitarnos un…"
variation,5053050357,,"Extra Links 2.25mm - Paquete de 3 links",1,,visible,,,taxable,parent,1,7,1,1,0,,,,,,,,8000.00,,,,,,,C131-22,,,,,,,,Presentación,"Paquete de 3 links",1,0,,,,,,,,,,,,695834893,,,
variation,C131-221,,"Extra Links 2.25mm - Unidad",1,,visible,,,taxable,parent,1,1,1,1,0,,,,,,,,2800.00,,,,,,,C131-22,,,,,,,,Presentación,Unidad,1,0,,,,,,,,,,,,695834893,,,
variable,"C130 C131",,"Extra Links 3.2mm",1,0,visible,,"<details><summary>Descripción</summary><section><p>Links adicionales para Collar de Entrenamiento de 3.2mm de grosor</p></section></details><details><summary>Material</summary><section><ul><li>Acero cromado</li><li>Acero inoxidable</li><li>Acero inoxidable, acabado negro</li></ul></section></details><details><summary>Garantía</summary><section><div>Garantía por defectos de fábrica. Cortes y golpes no serán contemplados dentro de la garantía.</div><div><strong>Devoluciones</strong></div><div>Se realiza cambio si el producto presenta defecto de fábrica. </div><div>Muy respetuosamente pedimos que, al momento de solicitarnos un producto, tenga las medidas necesarias.</div><div>No se hacen reembolsos, se hacen cambios por productos disponibles, completando el mismo monto cancelado.</div></section></details><p><br></p><p><br></p>",taxable,,,,,,0,0.01,0.0,0.0,0.0,1,,,,"Collares, Collares > Collar Picos, Todos los Productos",,,"https://d2j6dbq0eux0bg.cloudfront.net/images/104219285/4541571471.jpg, https://d2j6dbq0eux0bg.cloudfront.net/images/104219285/4573766814.jpg",,,,,"C131-22,50135 010 57,50026 010 - 50108 014 - 50004 010,50045 010 57,60155",,,,,"Herm Sprenger",Tipo,"Acero Inoxidable, Acero Cromado, Acero Inoxidable Negro",1,0,,,,,,,,,,,,695890327,https://www.specialk9.com/Extra-Links-3-2mm-p695890327,"Extra Links 3.2mm","Descripción Links adicionales para Collar de Entrenamiento de 3.2mm de grosor Material Acero cromado Acero inoxidable Acero inoxidable, acabado negro Garantía Garantía por defectos de fábrica. Cortes y golpes no serán contemplados dentro de la garantía. Devoluciones Se realiza cambio si el producto…"
variation,C130,,"Extra Links 3.2mm - Acero Inoxidable",1,,visible,,,taxable,parent,1,2,1,1,0,,,,,,,,3500.00,,,,,,,"C130 C131",,,,,,,,Tipo,"Acero Inoxidable",1,0,,,,,,,,,,,,695890327,,,
variation,C131,,"Extra Links 3.2mm - Acero Inoxidable Negro",1,,visible,,,taxable,parent,1,4,1,1,0,,,,,,,,4000.00,,,,,,,"C130 C131",,,,,,,,Tipo,"Acero Inoxidable Negro",1,0,,,,,,,,,,,,695890327,,,
variation,C230,,"Extra Links 3.2mm - Acero Cromado",1,,visible,,,taxable,parent,1,3,1,1,0,,,,,,,,3500.00,,,,,,,"C130 C131",,,,,,,,Tipo,"Acero Cromado",1,0,,,,,,,,,,,,695890327,,,
variable,F17,,"Falda de entrenamiento",1,0,visible,,"<details><summary>Descripción</summary><section><p>Esta falda de entrenamiento se convertirá en su ayudante indispensable durante las sesiones de entrenamiento e incluso en los paseos más sencillos con tu querido amigo.</p><p>Nylon resistente.<br>Fácil de lavar.<br>Ligera.<br>Anilla en D para sujetar la correa.<br>Práctico velcro y hebilla.<br>Fácil de poner y quitar.<br>4 bolsillos grandes para golosinas y otros artículos<br></p></section></details><details><summary>Tallas</summary><section><p>Talla L Cintura de 82-90 cm<br>Talla XL Cintura de 90-98 cm</p></section></details><details><summary>Garantía</summary><section><div>Garantía por defectos de fábrica. Cortes y mordeduras no serán contemplados dentro de la garantía.</div><div><strong>Devoluciones</strong></div><div>Se realiza cambio si el producto presenta defecto de fábrica. </div><div>Muy respetuosamente pedimos que, al momento de solicitarnos un producto, tenga las medidas necesarias.</div><div>No se hacen reembolsos, se hacen cambios por productos disponibles, completando el mismo monto cancelado.</div></section></details>",taxable,,,,,,0,0.6,0.0,0.0,0.0,1,,,,"Entrenamiento, Todos los Productos, Indumentaria, Indumentaria > Entrenamiento",,,"https://d2j6dbq0eux0bg.cloudfront.net/images/104219285/products/753536578/4939114324.jpg, https://d2j6dbq0eux0bg.cloudfront.net/images/104219285/products/753536578/4939114329.jpg",,,,,,,,,,"For Dog Trainers",Talla,"L, XL",1,0,,,,,,,,,,,,753536578,https://www.specialk9.com/Falda-de-entrenamiento-p753536578,"Falda de entrenamiento","Descripción Esta falda de entrenamiento se convertirá en su ayudante indispensable durante las sesiones de entrenamiento e incluso en los paseos más sencillos con tu querido amigo. Nylon resistente. Fácil de lavar. Ligera. Anilla en D para sujetar la correa. Práctico velcro y hebilla. Fácil de poner…"
variation,"F17 XL",,"Falda de entrenamiento - XL",1,,visible,,,taxable,parent,1,1,1,1,0,,,,,,,,25000.00,,,,,,,F17,,,,,,,,Talla,XL,1,0,,,,,,,,,,,,753536578,,,
variation,"F17 L",,"Falda de entrenamiento - L",1,,visible,,,taxable,parent,1,1,1,1,0,,,,,,,,25000.00,,,,,,,F17,,,,,,,,Talla,L,1,0,,,,,,,,,,,,753536578,,,
variable,592080227,,"Funda FLEXCOVER para Collar de Picos",1,1,visible,,"<p>El nuevo FLEXCOVER es el complemento ideal para todos los collares de púas SPRENGER ULTRA-Plus. Ha sido especialmente desarrollado para ofrecer máxima comodidad y protección sin limitar la flexibilidad de la cadena.</p><p>El material TPE de alta calidad se mantiene permanentemente flexible incluso con uso intensivo y en diferentes condiciones climáticas, además de no absorber suciedad ni humedad. FLEXCOVER puede ajustarse de forma individual: simplemente se corta con tijeras a la longitud deseada para que encaje perfectamente en cualquier collar de entrenamiento SPRENGER. La cubierta es resistente, duradera y fácil de limpiar, además de destacar por sus propiedades ecológicas.</p><p>Disponible en tres colores y tres versiones, FLEXCOVER se suministra en pares.<br><br></p><section></section><section><div><div><div><div><div><div><p>Cubre hasta 3 (3.2 mm) o 4 eslabones adicionales (tamaños 2.25 mm y 3.0 mm) por lado<br> Ajuste individual para un encaje perfecto<br> Compatible con todos los collares de púas SPRENGER ULTRA-Plus (2.25 mm, 3 mm corto, 3.0 mm y 3.2 mm)<br> Se mantiene flexible incluso en frío, calor y humedad<br> Resistente al aceite, la grasa y la radiación UV<br> Sin abrasión, no genera olores y libre de plásticos nocivos<br> Fácil de limpiar<br> Totalmente reciclable<br> Se suministra en pares, sellado higiénicamente<br> Fabricado en Alemania</p></div></div></div></div></div></div></section>",taxable,,,,,,0,0.1,0.0,0.0,0.0,1,,,,"Collares > Collar Picos, Todos los Productos",,,"https://d2j6dbq0eux0bg.cloudfront.net/images/104219285/products/831231272/5724290469.webp, https://d2j6dbq0eux0bg.cloudfront.net/images/104219285/products/831231272/5724289485.webp, https://d2j6dbq0eux0bg.cloudfront.net/images/104219285/products/831231272/5724290490.webp",,,,,,,,,56,"Herm Sprenger",Talla,"3mm - 3.2mm, 2.25mm",1,0,,,,,,,,,,,,831231272,https://www.specialk9.com/Funda-FLEXCOVER-para-Collar-de-Picos-p831231272,"Funda FLEXCOVER para Collar de Picos","El nuevo FLEXCOVER es el complemento ideal para todos los collares de púas SPRENGER ULTRA-Plus. Ha sido especialmente desarrollado para ofrecer máxima comodidad y protección sin limitar la flexibilidad de la cadena. El material TPE de alta calidad se mantiene permanentemente flexible incluso con uso…"
variation,5920803275,,"Funda FLEXCOVER para Collar de Picos - 3mm - 3.2mm",1,,visible,,,taxable,parent,1,3,1,1,0,,,,,,,,12500.00,,,,,,,592080227,,,,,,,,Talla,"3mm - 3.2mm",1,0,,,,,,,,,,,,831231272,,,
variation,5920802271,,"Funda FLEXCOVER para Collar de Picos - 2.25mm",1,,visible,,,taxable,parent,1,0,1,1,0,,,,,,,,11500.00,,,,,,,592080227,,,,,,,,Talla,2.25mm,1,0,,,,,,,,,,,,831231272,,,
simple,KGHOLSTER,,"Funda KONG",1,0,visible,,"<details><summary>Descripción</summary><section><p>La funda KONG™ es la forma más fácil de tener a mano el KONG™ favorito de tu K9.</p><p>Fabricada con la misma calidad que sus populares juguetes y ayudas de entrenamiento, la funda KONG™ cabe en un cinturón y se asegura con un cierre de gancho y bucle, diseñada para sostener el Classic KONG™ mediano o grande.</p><p>Fabricado con la misma calidad que sus populares juguetes y ayudas de entrenamiento.</p><p>La funda cabe en un cinturón y se asegura con un cierre de gancho y bucle.</p></section></details><details><summary>Garantía</summary><section><div>Garantía por defectos de fábrica. Cortes y mordeduras no serán contemplados dentro de la garantía.</div><div><strong>Devoluciones</strong></div><div>Se realiza cambio si el producto presenta defecto de fábrica. </div><div>Muy respetuosamente pedimos que, al momento de solicitarnos un producto, tenga las medidas necesarias.</div><div>No se hacen reembolsos, se hacen cambios por productos disponibles, completando el mismo monto cancelado.</div></section></details><p><br></p>",taxable,,1,5,1,0,0,0.7,0.0,0.0,0.0,1,,,10600.00,"Recompensas > Kongs, Todos los Productos",,,https://d2j6dbq0eux0bg.cloudfront.net/images/104219285/products/697664919/4553967552.jpg,,,,,,,,,,Kong,,,,,,,,,,,,,,,,697664919,https://www.specialk9.com/Funda-KONG-p697664919,"Funda KONG","Descripción La funda KONG™ es la forma más fácil de tener a mano el KONG™ favorito de tu K9. Fabricada con la misma calidad que sus populares juguetes y ayudas de entrenamiento, la funda KONG™ cabe en un cinturón y se asegura con un cierre de gancho y bucle, diseñada para sostener el Classic KONG™…"
variable,00009,,"Funda para collar de entrenamiento",1,0,visible,,"<details><summary>Descripción</summary><section><p>Las fundas para collares de entrenamiento, hechas de nailon tejido resistente pero liviano, son adecuadas para todas las condiciones climáticas.</p><p>Al utilizar las fundas para collares de entrenamiento, conseguirá una excelente protección de su collar contra el agua y la suciedad.<br></p><p>Múltiples pestañas de velcro permiten una fijación fácil y segura de la funda a los eslabones de su collar de entrenamiento.<br>Fácil de limpiar y duradero.</p></section></details><details><summary>Garantía</summary><section><div>Garantía por defectos de fábrica. Cortes y mordeduras no serán contemplados dentro de la garantía.</div><div><strong>Devoluciones</strong></div><div>Se realiza cambio si el producto presenta defecto de fábrica. </div><div>Muy respetuosamente pedimos que, al momento de solicitarnos un producto, tenga las medidas necesarias.</div><div>No se hacen reembolsos, se hacen cambios por productos disponibles, completando el mismo monto cancelado.</div></section></details>",taxable,,,,,,0,0.015,0.0,0.0,0.0,1,,,,"Collares, Collares > Collar Picos, Todos los Productos",,,"https://d2j6dbq0eux0bg.cloudfront.net/images/104219285/4573761141.jpg, https://d2j6dbq0eux0bg.cloudfront.net/images/104219285/4573757495.jpg, https://d2j6dbq0eux0bg.cloudfront.net/images/104219285/4541982271.jpg, https://d2j6dbq0eux0bg.cloudfront.net/images/104219285/4573757213.jpg, https://d2j6dbq0eux0bg.cloudfront.net/images/104219285/4573763500.jpg, https://d2j6dbq0eux0bg.cloudfront.net/images/104219285/4888914040.jpg",,,,,"50045 010 57,50026 010 - 50108 014 - 50004 010,50135 010 57",,,,,"Herm Sprenger",Tamaño,"Para collar de 2.25"", Para collar de 3.2""",1,0,,Material,"Reflectivo, Normal",1,0,,,,,,,695890823,https://www.specialk9.com/Funda-para-collar-de-entrenamiento-p695890823,"Funda para collar de entrenamiento","Descripción Las fundas para collares de entrenamiento, hechas de nailon tejido resistente pero liviano, son adecuadas para todas las condiciones climáticas. Al utilizar las fundas para collares de entrenamiento, conseguirá una excelente protección de su collar contra el agua y la suciedad. Múltiples…"
variation,"59209 038 71",,"Funda para collar de entrenamiento - Para collar de 3.2"" / Normal",1,,visible,,,taxable,parent,1,1,1,1,0,,,,,,,,14000.00,,,,,,,00009,,,,,,,,Tamaño,"Para collar de 3.2""",1,0,,Material,Normal,1,0,,,,,,,695890823,,,
variation,"59209 035 71",,"Funda para collar de entrenamiento - Para collar de 2.25"" / Normal",1,,visible,,,taxable,parent,1,0,1,1,0,,,,,,,,11800.00,,,,,,,00009,,,,,,,,Tamaño,"Para collar de 2.25""",1,0,,Material,Normal,1,0,,,,,,,695890823,,,
variation,"59209 038 00",,"Funda para collar de entrenamiento - Para collar de 3.2"" / Reflectivo",1,,visible,,,taxable,parent,1,2,1,1,0,,,,,,,,15000.00,,,,,,,00009,,,,,,,,Tamaño,"Para collar de 3.2""",1,0,,Material,Reflectivo,1,0,,,,,,,695890823,,,
variation,"59209 035 00",,"Funda para collar de entrenamiento - Para collar de 2.25"" / Reflectivo",1,,visible,,,taxable,parent,1,0,1,1,0,,,,,,,,11800.00,,,,,,,00009,,,,,,,,Tamaño,"Para collar de 2.25""",1,0,,Material,Reflectivo,1,0,,,,,,,695890823,,,
simple,EDX601,840339744110,"Funda para control de E-Collar",1,0,visible,,"<details><summary>Descripción</summary><section><p>Funda con botones recortados para control remoto Dogtra.</p><p>El clip metálico de 2 1/4"" le permite ajustarse a cinturones de servicio y también sujetarse a chalecos tácticos M.O.L.L.E.</p><p>La funda de calidad profesional tiene recortes para los botones, de modo que pueda tocar y activar los botones de su control remoto sin tener que desenfundarlo.<br>El diseño abierto también le permite enfundar y desenfundar el transmisor con una sola mano.<br>La funda está hecha de plástico industrial moldeado con la forma exacta del control remoto y el clip está hecho de metal duradero y resistente.</p><p>Se adapta a los siguientes modelos:<br>Dogtra Series 200, 280, 300, 1200, 1500, 1600, 1700, 1900, 1900S, 2300, 2500, ARC y Sure Stim</p></section></details><details><summary>Garantía</summary><section><div>Garantía por defectos de fábrica. Cortes, golpes y mordeduras no serán contemplados dentro de la garantía.</div><div><strong>Devoluciones</strong></div><div>Se realiza cambio si el producto presenta defecto de fábrica. </div><div>Muy respetuosamente pedimos que, al momento de solicitarnos un producto, tenga las medidas necesarias.</div><div>No se hacen reembolsos, se hacen cambios por productos disponibles, completando el mismo monto cancelado.</div></section></details><p><br></p>",taxable,,1,0,1,1,0,0.2,0.0,0.0,0.0,1,,,35000.00,"E-Collars, Todos los Productos",,,"https://d2j6dbq0eux0bg.cloudfront.net/images/104219285/4541497756.jpg, https://d2j6dbq0eux0bg.cloudfront.net/images/104219285/4596187708.jpg",,,,,"744622020571,744622342017,644622020819,644622020949,644622359063",,,,,Dogtra,,,,,,,,,,,,,,,,695816928,https://www.specialk9.com/Funda-para-control-de-E-Collar-p695816928,"Funda para control de E-Collar","Descripción Funda con botones recortados para control remoto Dogtra. El clip metálico de 2 1/4"" le permite ajustarse a cinturones de servicio y también sujetarse a chalecos tácticos M.O.L.L.E. La funda de calidad profesional tiene recortes para los botones, de modo que pueda tocar y activar los…"
variable,SD-46-47-48,,"Funda para Entrenamiento de Olores",1,0,visible,,"<details><summary>Descripción</summary><section><p>Estas bolsas para trabajo aromas son resistentes. Resisten desgarros cuentan con un cierre de velcro.</p><p>Tamaño:</p><ul><li>3 1/2” ancho x 7” largo</li><li>4 ""ancho x 5"" largo</li><li>5” ancho x 8” largo</li></ul></section></details><details><summary>Garantía</summary><section><div>Garantía por defectos de fábrica. Cortes y golpes no serán contemplados dentro de la garantía.</div><div><strong>Devoluciones</strong></div><div>Se realiza cambio si el producto presenta defecto de fábrica. </div><div>Muy respetuosamente pedimos que, al momento de solicitarnos un producto, tenga las medidas necesarias.</div><div>No se hacen reembolsos, se hacen cambios por productos disponibles, completando el mismo monto cancelado.</div></section></details><p><br></p>",taxable,,,,,,0,0.0,0.0,0.0,0.0,1,,,,"Detección, Todos los Productos",,,"https://d2j6dbq0eux0bg.cloudfront.net/images/104219285/4541153391.jpg, https://d2j6dbq0eux0bg.cloudfront.net/images/104219285/4541153713.jpg",,,,,,,,,,"Elite K9",Tamaño,"3.5"" x 7"", 4"" x 5"", 5"" x 8""",1,0,,,,,,,,,,,,695723490,https://www.specialk9.com/Funda-para-Entrenamiento-de-Olores-p695723490,"Bolsa Entrenamiento Narcóticos","Descripción Estas bolsas para trabajo aromas son resistentes. Resisten desgarros cuentan con un cierre de velcro. Tamaño: 3 1/2” ancho x 7” largo 4 ""ancho x 5"" largo 5” ancho x 8” largo Garantía Garantía por defectos de fábrica. Cortes y golpes no serán contemplados dentro de la garantía.…"
variation,SD48,,"Funda para Entrenamiento de Olores - 5"" x 8""",1,,visible,,,taxable,parent,1,1,1,1,0,,,,,,,,9500.00,,,,,,,SD-46-47-48,,,,,,,,Tamaño,"5"" x 8""",1,0,,,,,,,,,,,,695723490,,,
variation,SD47,,"Funda para Entrenamiento de Olores - 4"" x 5""",1,,visible,,,taxable,parent,1,2,1,1,0,,,,,,,,8500.00,,,,,,,SD-46-47-48,,,,,,,,Tamaño,"4"" x 5""",1,0,,,,,,,,,,,,695723490,,,
variation,SD46,,"Funda para Entrenamiento de Olores - 3.5"" x 7""",1,,visible,,,taxable,parent,1,2,1,1,0,,,,,,,,7500.00,,,,,,,SD-46-47-48,,,,,,,,Tamaño,"3.5"" x 7""",1,0,,,,,,,,,,,,695723490,,,
variable,B17,,"Funda para Manga",1,0,visible,,"<p>Funda resistente y duradera para manga de mordida que cuenta con un asa para ayudar a tirar del perro.</p><p>Compatible con Manga Perfeccionadora</p><p>Medida:  24"" de largo x 11"" de ancho.</p><p>Marca: Elite K9</p>",taxable,,,,,,0,2.5,0.0,0.0,0.0,1,,,,"Todos los Productos, Mangas y Pierneras",,,"https://d2j6dbq0eux0bg.cloudfront.net/images/104219285/products/703331435/4596721306.jpg, https://d2j6dbq0eux0bg.cloudfront.net/images/104219285/products/703331435/4596710952.png",,,,,,,,,,"Elite K9",Material,"Sintético, Yute, Camo",1,0,,,,,,,,,,,,703331435,https://www.specialk9.com/Funda-para-Manga-p703331435,"Funda para Manga","Funda resistente y duradera para manga de mordida que cuenta con un asa para ayudar a tirar del perro. Compatible con Manga Perfeccionadora Medida: 24"" de largo x 11"" de ancho. Marca: Elite K9"
variation,"B17 S",,"Funda para Manga - Sintético",1,,visible,,,taxable,parent,1,0,1,1,0,,,,,,,,52000.00,,,,,,,B17,,,,,,,,Material,Sintético,1,0,,,,,,,,,,,,703331435,,,
variation,"B17 J",,"Funda para Manga - Yute",1,,visible,,,taxable,parent,1,1,1,1,0,,,,,,,,49900.00,,,,,,,B17,,,,,,,,Material,Yute,1,0,,,,,,,,,,,,703331435,,,
variation,"B17 CM",,"Funda para Manga - Camo",1,,visible,,,taxable,parent,1,0,1,1,0,,,,,,,,52000.00,,,,,,,B17,,,,,,,,Material,Camo,1,0,,,,,,,,,,,,703331435,,,
simple,"B16 J",,"Funda para Manga Ambidiestra",1,0,visible,,"<details><summary>Descripción</summary><section><div>Funda resistente y duradera para su manga de protección ambidiestra.</div></section></details><details><summary>Garantía</summary><section><div>Garantía por defectos de fábrica. Cortes no serán contemplados dentro de la garantía.</div><div><strong>Devoluciones</strong></div><div>Se realiza cambio si el producto presenta defecto de fábrica. </div><div>Muy respetuosamente pedimos que, al momento de solicitarnos un producto, tenga las medidas necesarias.</div><div>No se hacen reembolsos, se hacen cambios por productos disponibles, completando el mismo monto cancelado.</div></section></details>",taxable,,1,1,1,1,0,2.0,0.0,0.0,0.0,1,,,52000.00,"Mangas y Pierneras, Todos los Productos",,,https://d2j6dbq0eux0bg.cloudfront.net/images/104219285/4553413663.jpg,,,,,,,,,,"Elite K9",,,,,,,,,,,,,,,,697593395,https://www.specialk9.com/Funda-para-Manga-Ambidiestra-p697593395,"Funda para Manga Ambidiestra","Descripción Funda resistente y duradera para su manga de protección ambidiestra. Garantía Garantía por defectos de fábrica. Cortes no serán contemplados dentro de la garantía. Devoluciones Se realiza cambio si el producto presenta defecto de fábrica. Muy respetuosamente pedimos que, al momento de…"
simple,G114,811794929268,"Furminator Large Deluxe",1,0,visible,,"<details><summary>Descripción</summary><section><p>La herramienta de gran tamaño cuenta con una hoja de acero inoxidable de 4"" y un botón FURejector™ para limpiar y eliminar el pelo suelto de la herramienta con facilidad. Funciona muy bien para perros de pelo largo y corto. Reduce la caída hasta en un 90% y reduce la cantidad de Elementos en el aire que pueden causar reacciones alérgicas en muchas personas.</p></section></details><details><summary>Garantía</summary><section><div>Garantía por defectos de fábrica. Golpes no serán contemplados dentro de la garantía.</div><div><strong>Devoluciones</strong></div><div>Se realiza cambio si el producto presenta defecto de fábrica. </div><p>No se hacen reembolsos, se hacen cambios por productos disponibles, completando el mismo monto cancelado.</p><p><br></p></section></details>",taxable,,0,0,1,0,0,0.26,0.0,0.0,0.0,1,,,40000.00,"Grooming, Todos los Productos",,,"https://d2j6dbq0eux0bg.cloudfront.net/images/104219285/4553297885.jpg, https://d2j6dbq0eux0bg.cloudfront.net/images/104219285/4596555182.jpg, https://d2j6dbq0eux0bg.cloudfront.net/images/104219285/4596561765.png, https://d2j6dbq0eux0bg.cloudfront.net/images/104219285/4596560070.png, https://d2j6dbq0eux0bg.cloudfront.net/images/104219285/4596560075.png",,,,,,,,,,Furminator,,,,,,,,,,,,,,,,697525747,https://www.specialk9.com/Furminator-Large-Deluxe-p697525747,"Furminator Large Deluxe","Descripción La herramienta de gran tamaño cuenta con una hoja de acero inoxidable de 4"" y un botón FURejector™ para limpiar y eliminar el pelo suelto de la herramienta con facilidad. Funciona muy bien para perros de pelo largo y corto. Reduce la caída hasta en un 90% y reduce la cantidad de…"
simple,CL58,,"Gorra Camionero Malinois MultiCam",1,1,visible,,"<p><strong>Gorra Trawler Pastor Belga Malinois</strong></p><p>¡Estas gorras son para auténticos fanáticos del Malinois (sin excepciones)!</p><p>Incluyen un bordado central completo de un Malinois con su arnés, listo para trabajar. El diseño mide 3,75 pulgadas de ancho.</p><p><strong>Características:</strong></p> <ul> <li> Camuflaje verde</li> <li> 100% sarga lavada (garment-washed twill)</li> <li> Parte trasera de malla suave 100% poliéster</li> <li> Gorra de 6 paneles, estructura desestructurada y perfil bajo</li> <li> Cierre ajustable tipo snapback (talla única, se adapta a la mayoría)</li> <li> Cierre snapback en verde contrastante</li> <li> Visera permanentemente curvada</li> <li> DISEÑADA y BORDADA en EE. UU. por un ex manejador de Malinois</li></ul>",taxable,,1,2,1,0,0,0.0,0.0,0.0,0.0,1,,,25000.00,"Todos los Productos, Indumentaria, Indumentaria > Colección",,,"https://d2j6dbq0eux0bg.cloudfront.net/images/104219285/products/816682796/5590753393.jpg, https://d2j6dbq0eux0bg.cloudfront.net/images/104219285/products/816682796/5590753399.jpg, https://d2j6dbq0eux0bg.cloudfront.net/images/104219285/products/816682796/5590745481.jpg",,,,,,,,,34,"Elite K9",,,,,,,,,,,,,,,,816682796,https://www.specialk9.com/Gorra-Camionero-Malinois-MultiCam-p816682796,"Gorra Camionero Malinois MultiCam","Gorra Trawler Pastor Belga Malinois ¡Estas gorras son para auténticos fanáticos del Malinois (sin excepciones)! Incluyen un bordado central completo de un Malinois con su arnés, listo para trabajar. El diseño mide 3,75 pulgadas de ancho. Características: Camuflaje verde 100% sarga lavada…"
simple,5999910200,4022853272140,"Gorra Herm Sprenger",1,0,visible,,"<details><summary>Descripción</summary><section><p>La clásica gorra es la compañera perfecta. La gorra le ofrece una protección solar fiable. La parte trasera es ajustable con la ayuda de una hebilla deslizante y tiene un conjunto para poder llevarla con una coleta. Ajustable.<br></p></section></details><details><summary>Garantía</summary><section><div>Garantía por defectos de fábrica. Cortes y mordeduras no serán contemplados dentro de la garantía.</div><div><strong>Devoluciones</strong></div><div>Se realiza cambio si el producto presenta defecto de fábrica. </div><p>No se hacen reembolsos, se hacen cambios por productos disponibles, completando el mismo monto cancelado.</p></section></details><p><br></p>",taxable,,1,2,1,0,0,0.08,0.0,0.0,0.0,1,,,25000.00,"Todos los Productos, Indumentaria, Indumentaria > Colección",,,"https://d2j6dbq0eux0bg.cloudfront.net/images/104219285/products/750648398/4921817961.jpg, https://d2j6dbq0eux0bg.cloudfront.net/images/104219285/products/750648398/4921817966.jpg",,,,,,,,,,"Herm Sprenger",,,,,,,,,,,,,,,,750648398,https://www.specialk9.com/Gorra-Herm-Sprenger-p750648398,"Gorra Herm Sprenger","Descripción La clásica gorra es la compañera perfecta. La gorra le ofrece una protección solar fiable. La parte trasera es ajustable con la ayuda de una hebilla deslizante y tiene un conjunto para poder llevarla con una coleta. Ajustable. Garantía Garantía por defectos de fábrica. Cortes y…"
simple,CL30,847418003533,"Gorra K9",1,0,visible,,"<details><summary>Descripción</summary><section><p>• La gorra tiene un logotipo ""K-9"" bordado en 3D de alta calidad en el frente, en la visera y en la parte posterior. La gorra tiene una correa de velcro tejida para que se ajuste a todos los tamaños.</p></section></details><details><summary>Garantía</summary><section><div>Garantía por defectos de fábrica. Cortes y mordeduras no serán contemplados dentro de la garantía.</div><div><strong>Devoluciones</strong></div><div>Se realiza cambio si el producto presenta defecto de fábrica. </div><p>No se hacen reembolsos, se hacen cambios por productos disponibles, completando el mismo monto cancelado.</p></section></details>",taxable,,1,2,1,0,0,0.09,0.0,0.0,0.0,1,,,25000.00,"Todos los Productos, Indumentaria, Indumentaria > Colección",,,https://d2j6dbq0eux0bg.cloudfront.net/images/104219285/products/724089252/4755813026.jpg,,,,,,,,,,"Elite K9",,,,,,,,,,,,,,,,724089252,https://www.specialk9.com/Gorra-K9-p724089252,"Gorra K9","Descripción • La gorra tiene un logotipo ""K-9"" bordado en 3D de alta calidad en el frente, en la visera y en la parte posterior. La gorra tiene una correa de velcro tejida para que se ajuste a todos los tamaños. Garantía Garantía por defectos de fábrica. Cortes y mordeduras no serán contemplados…"
variable,CL6,,"Gorra Malinois",1,0,visible,,"<details><summary>Descripción</summary><section><p>• 65 % poliéster, 35 % algodón</p><p>• Gorra estructurada de 6 paneles</p><p>• Visera inferior gris jaspeado a juego</p><p>• Corona de perfil medio (perfil de gorra más bajo)</p><p>• Cierre ajustable a presión</p><p>• Visera curva permanente</p></section></details><details><summary>Garantía</summary><section><div>Garantía por defectos de fábrica. Cortes y mordeduras no serán contemplados dentro de la garantía.</div><div><strong>Devoluciones</strong></div><div>Se realiza cambio si el producto presenta defecto de fábrica. </div><p>No se hacen reembolsos, se hacen cambios por productos disponibles, completando el mismo monto cancelado.</p></section></details>",taxable,,,,,,0,0.09,0.0,0.0,0.0,1,,,,"Todos los Productos, Indumentaria, Indumentaria > Colección",,,"https://d2j6dbq0eux0bg.cloudfront.net/images/104219285/products/695604544/4540211478.jpg, https://d2j6dbq0eux0bg.cloudfront.net/images/104219285/products/695604544/4596595351.png, https://d2j6dbq0eux0bg.cloudfront.net/images/104219285/products/695604544/4596594162.jpg, https://d2j6dbq0eux0bg.cloudfront.net/images/104219285/products/695604544/4540211572.jpg, https://d2j6dbq0eux0bg.cloudfront.net/images/104219285/products/695604544/4596599008.jpg, https://d2j6dbq0eux0bg.cloudfront.net/images/104219285/products/695604544/4596594167.jpg, https://d2j6dbq0eux0bg.cloudfront.net/images/104219285/products/695604544/4596595361.jpg, https://d2j6dbq0eux0bg.cloudfront.net/images/104219285/products/695604544/4755769279.jpg, https://d2j6dbq0eux0bg.cloudfront.net/images/104219285/products/695604544/4755770065.jpg, https://d2j6dbq0eux0bg.cloudfront.net/images/104219285/products/695604544/4755769284.jpg, https://d2j6dbq0eux0bg.cloudfront.net/images/104219285/products/695604544/4755769289.jpg, https://d2j6dbq0eux0bg.cloudfront.net/images/104219285/products/695604544/5590750700.jpg, https://d2j6dbq0eux0bg.cloudfront.net/images/104219285/products/695604544/5590753369.jpg, https://d2j6dbq0eux0bg.cloudfront.net/images/104219285/products/695604544/5590750694.jpg",,,,,,,,,,"Elite K9",Color,"Gris, Multicam, Verde Oliva, Multicam ARID",1,0,,,,,,,,,,,,695604544,https://www.specialk9.com/Gorra-Malinois-p695604544,"Gorra Malinois","Descripción • 65 % poliéster, 35 % algodón • Gorra estructurada de 6 paneles • Visera inferior gris jaspeado a juego • Corona de perfil medio (perfil de gorra más bajo) • Cierre ajustable a presión • Visera curva permanente Garantía Garantía por defectos de fábrica. Cortes y mordeduras no serán…"
variation,CL69,,"Gorra Malinois - Multicam ARID",1,,visible,,,taxable,parent,1,2,1,1,0,,,,,,,,25000.00,,,,,,,CL6,,,,,,,,Color,"Multicam ARID",1,0,,,,,,,,,,,,695604544,,,
variation,CL67,,"Gorra Malinois - Verde Oliva",1,,visible,,,taxable,parent,1,3,1,1,0,,,,,,,,25000.00,,,,,,,CL6,,,,,,,,Color,"Verde Oliva",1,0,,,,,,,,,,,,695604544,,,
variation,CL68,,"Gorra Malinois - Multicam",1,,visible,,,taxable,parent,1,0,1,1,0,,,,,,,,25000.00,,,,,,,CL6,,,,,,,,Color,Multicam,1,0,,,,,,,,,,,,695604544,,,
variation,CL65,,"Gorra Malinois - Gris",1,,visible,,,taxable,parent,1,2,1,1,0,,,,,,,,25000.00,,,,,,,CL6,,,,,,,,Color,Gris,1,0,,,,,,,,,,,,695604544,,,
simple,"CL20 MCM",,"Gorra Multicam",1,0,visible,,"<details><summary>Descripción</summary><section><p>Gorra táctica, de malla - Multicam</p><p>MultiCam® Crye-Precision™</p><p>Correa ajustable con gancho y bucle en la parte posterior.</p><p>Panel de malla de poliéster de alta transpirabilidad que absorbe la humedad.</p><p>Material:</p><p>65% poliéster, 35% algodón, Rip Stop y malla de poliéster</p><p>Marca Condor Outdoor</p></section></details><details><summary>Garantía</summary><section><div>Garantía por defectos de fábrica. Cortes y mordeduras no serán contemplados dentro de la garantía.</div><div><strong>Devoluciones</strong></div><div>Se realiza cambio si el producto presenta defecto de fábrica. </div><p>No se hacen reembolsos, se hacen cambios por productos disponibles, completando el mismo monto cancelado.</p></section></details><p><br></p>",taxable,,1,4,1,0,0,0.08,0.0,0.0,0.0,1,,,13000.00,"Todos los Productos, Indumentaria, Indumentaria > Colección",,,"https://d2j6dbq0eux0bg.cloudfront.net/images/104219285/products/697593302/4553286776.jpg, https://d2j6dbq0eux0bg.cloudfront.net/images/104219285/products/697593302/4596613658.png",,,,,,,,,,"Condor Outdoor",,,,,,,,,,,,,,,,697593302,https://www.specialk9.com/Gorra-Multicam-p697593302,"Gorra Multicam","Descripción Gorra táctica, de malla - Multicam MultiCam® Crye-Precision™ Correa ajustable con gancho y bucle en la parte posterior. Panel de malla de poliéster de alta transpirabilidad que absorbe la humedad. Material: 65% poliéster, 35% algodón, Rip Stop y malla de poliéster Marca Condor Outdoor…"
simple,B75G,,"Guantelete de Manga de Cuero",1,1,visible,,"<p>Este <em>Guantelete de Manga de Cuero</em> está diseñado para usarse con el Brazo de Entrenamiento de Goma, ofreciendo protección adicional durante el trabajo con el perro.</p><p> Los Brazos de Entrenamiento de Goma se venden por separado y están disponibles para brazo derecho o izquierdo.</p>",taxable,,0,0,1,0,0,0.0,0.0,0.0,0.0,1,,,85250.00,"Mangas y Pierneras, Todos los Productos",,,https://d2j6dbq0eux0bg.cloudfront.net/images/104219285/products/826876444/5685849978.jpg,,,,,,,,,47,"Elite K9",,,,,,,,,,,,,,,,826876444,https://www.specialk9.com/Guantelete-de-Manga-de-Cuero-p826876444,"Guantelete de Manga de Cuero","Este Guantelete de Manga de Cuero está diseñado para usarse con el Brazo de Entrenamiento de Goma, ofreciendo protección adicional durante el trabajo con el perro. Los Brazos de Entrenamiento de Goma se venden por separado y están disponibles para brazo derecho o izquierdo."
simple,B53,,"Guantelete de neopreno",1,0,visible,,"<details><summary>Descripción</summary><section><p>Guantelete de Neopreno</p><p>Este guantelete de neopreno de ¼"" de espesor se usa con trajes para mordeduras, mangas para mordidas y mangas ocultas. Ayuda a reducir los moretones y pellizcos y previene las rozaduras. No debe usarse como manga oculta.</p></section></details><details><summary>Garantía</summary><section><div>Garantía por defectos de fábrica. Cortes y mordeduras no serán contemplados dentro de la garantía.</div><div><strong>Devoluciones</strong></div><div>Se realiza cambio si el producto presenta defecto de fábrica. </div><p>No se hacen reembolsos, se hacen cambios por productos disponibles, completando el mismo monto cancelado.</p></section></details><p><br></p>",taxable,,1,1,1,1,0,0.4,0.0,0.0,0.0,1,,,45000.00,"Mangas y Pierneras, Todos los Productos",,,https://d2j6dbq0eux0bg.cloudfront.net/images/104219285/4553291063.jpg,,,,,,,,,,"Elite K9",,,,,,,,,,,,,,,,697534951,https://www.specialk9.com/Guantelete-de-neopreno-p697534951,"Guantelete de neopreno","Descripción Guantelete de Neopreno Este guantelete de neopreno de ¼"" de espesor se usa con trajes para mordeduras, mangas para mordidas y mangas ocultas. Ayuda a reducir los moretones y pellizcos y previene las rozaduras. No debe usarse como manga oculta. Garantía Garantía por defectos de fábrica.…"
simple,467676,,"Guantes Desechables de Nitrilo Multiusos Grandes - Paquete de 100 unidades",-1,1,hidden,,"<details><summary>Descripción<strong></strong></summary><section><p>Los guantes desechables Sani-Guard son una opción práctica para múltiples aplicaciones, ofreciendo resistencia, durabilidad, flexibilidad y comodidad durante su uso. Son ideales para tareas de limpieza, manipulación de alimentos, mantenimiento y otras actividades que requieren protección para las manos.</p><p>Fabricados sin látex, ayudan a reducir el riesgo de reacciones alérgicas. Además, cuentan con puntas texturizadas en los dedos, lo que proporciona un mejor agarre y control al manipular distintos objetos.</p><ul> <li> <strong>Talla:</strong> Grande (L) </li> <li> <strong>No estériles</strong> </li> <li> <strong>Contenido:</strong> 2 cajas de 100 unidades cada una (200 guantes en total)</li></ul><section></section></section></details>",taxable,,0,0,1,0,0,1.09,0.0,0.0,0.0,1,,,6600.00,,,,"https://d2j6dbq0eux0bg.cloudfront.net/images/104219285/products/842123184/5824669186.jpg, https://d2j6dbq0eux0bg.cloudfront.net/images/104219285/products/842123184/5824669198.jpg, https://d2j6dbq0eux0bg.cloudfront.net/images/104219285/products/842123184/5824669204.jpg, https://d2j6dbq0eux0bg.cloudfront.net/images/104219285/products/842123184/5824668946.jpg",,,,,,,,,80,Sani-Guard,,,,,,,,,,,,,,,,842123184,https://www.specialk9.com/Guantes-Desechables-de-Nitrilo-Multiusos-Grandes-Paquete-de-100-unidades-p842123184,"Guantes Desechables de Nitrilo Multiusos Grandes - Paquete de 100 unidades","Descripción Los guantes desechables Sani-Guard son una opción práctica para múltiples aplicaciones, ofreciendo resistencia, durabilidad, flexibilidad y comodidad durante su uso. Son ideales para tareas de limpieza, manipulación de alimentos, mantenimiento y otras actividades que requieren protección…"
simple,9100-202,,"Guantes tácticos/combat W+R PRO Hadrian",-1,1,hidden,,"<p>Palma 3D de alta tecnología con nanotecnología para un rendimiento superior y máxima protección.</p> <ul> <li> Excelente agarre incluso en superficies húmedas y aceitosas gracias a la tecnología elástica 3D Volcano </li> <li> Resistencia al fuego EN 407 Clase 4, sin derretimiento ni goteo </li> <li> Protección anticorte EN 388 Clase 5 </li> <li> Tecnología dinámica 3D Pyramid para absorción de impactos y vibraciones </li> <li> Máxima sensibilidad táctil gracias a su sistema de una sola capa </li> <li> Ajuste anatómico y diseño ergonómico que facilita el movimiento natural de la mano </li> <li> Dedo índice y pulgar compatibles con pantallas táctiles </li> <li> Dedo para gatillo ultrafino diseñado para mayor precisión y control </li> <li> Gran destreza en las yemas de los dedos sin sacrificar protección </li> <li> Superficie fácil de limpiar </li> <li> Material repelente al agua, de secado rápido y lavable </li> </ul> <p>Parte superior del pulgar, puntas de los dedos y costuras fabricadas en Nomex® de alta calidad para mayor resistencia al fuego, menor formación de pelusa y protección ligera contra cortes.</p><p>La parte superior del guante está confeccionada en cuero digital y Kevlar® para ofrecer alta durabilidad y resistencia.</p><p>Los fourchettes y bordes del pulgar están fabricados en Kevlar® resistente a cortes con recubrimiento de carburo de silicio resistente a altas temperaturas, brindando gran resistencia a la abrasión, protección térmica y repelencia a líquidos calientes.</p>",taxable,,0,0,1,0,0,0.0,0.0,0.0,0.0,1,,,132100.00,"Todos los Productos, Indumentaria > Entrenamiento",,,"https://d2j6dbq0eux0bg.cloudfront.net/images/104219285/products/836304389/5772888302.png, https://d2j6dbq0eux0bg.cloudfront.net/images/104219285/products/836304389/5772886088.png, https://d2j6dbq0eux0bg.cloudfront.net/images/104219285/products/836304389/5772892005.png",,,,,,,,,63,EPM,,,,,,,,,,,,,,,,836304389,https://www.specialk9.com/Guantes-tacticos-combat-W-R-PRO-Hadrian-p836304389,"Guantes tácticos/combat W+R PRO Hadrian","Palma 3D de alta tecnología con nanotecnología para un rendimiento superior y máxima protección. Excelente agarre incluso en superficies húmedas y aceitosas gracias a la tecnología elástica 3D Volcano Resistencia al fuego EN 407 Clase 4, sin derretimiento ni goteo Protección anticorte EN 388 Clase 5…"
simple,GS-THKFF,,"Guantes Tácticos Glove Station",-1,1,hidden,,"<p>Los <strong>Guantes Tácticos Glove Station</strong> están diseñados para ofrecer protección, comodidad y precisión durante actividades al aire libre, trabajo táctico y entrenamiento. Incorporan nudillos rígidos de protección y material compatible con pantallas táctiles en los dedos, permitiendo utilizar celulares o dispositivos sin quitarse los guantes.</p><p>Su diseño ergonómico y transpirable brinda un ajuste cómodo para uso prolongado, mientras que la palma reforzada mejora el agarre y la resistencia al desgaste en actividades exigentes.</p> <h3>Características</h3> <ul> <li> Protección de nudillos rígidos contra impactos </li> <li> Dedos compatibles con pantallas táctiles </li> <li> Diseño unisex cómodo y ergonómico </li> <li> Palma reforzada para mejor agarre y durabilidad </li> <li> Material transpirable y resistente al desgaste </li> <li> Ajuste seguro mediante cierre de velcro </li> <li> Ideales para exteriores, trabajo, tiro deportivo, caza y airsoft </li> <li> Flexibilidad y movilidad para manejo preciso del equipo</li></ul>",taxable,,0,0,1,0,0,0.0,0.0,0.0,0.0,1,,,47300.00,,,,"https://d2j6dbq0eux0bg.cloudfront.net/images/104219285/products/837204372/5780634369.jpg, https://d2j6dbq0eux0bg.cloudfront.net/images/104219285/products/837204372/5780654111.jpg, https://d2j6dbq0eux0bg.cloudfront.net/images/104219285/products/837204372/5780654117.jpg, https://d2j6dbq0eux0bg.cloudfront.net/images/104219285/products/837204372/5780656827.jpg, https://d2j6dbq0eux0bg.cloudfront.net/images/104219285/products/837204372/5780634375.jpg",,,,,,,,,67,"Glove Station",,,,,,,,,,,,,,,,837204372,https://www.specialk9.com/Guantes-Tacticos-Glove-Station-p837204372,"Guantes Tácticos Glove Station","Los Guantes Tácticos Glove Station están diseñados para ofrecer protección, comodidad y precisión durante actividades al aire libre, trabajo táctico y entrenamiento. Incorporan nudillos rígidos de protección y material compatible con pantallas táctiles en los dedos, permitiendo utilizar celulares o…"
variable,512,,"Guantes Tácticos VIKTOS Patrolux K9",-1,1,hidden,,"<details><summary>Descripción</summary><section><p>Los guantes tácticos VIKTOS Patrolux K9 fueron desarrollados específicamente para guías caninos y equipos K9 que requieren durabilidad, precisión y comodidad durante el trabajo operativo. Su diseño de perfil bajo ofrece un excelente equilibrio entre protección y destreza para el manejo de la correa y el uso de equipo táctico.</p><p>El dorso está fabricado con poliéster elástico de cuatro direcciones que favorece la transpirabilidad y la comodidad durante jornadas prolongadas. La palma incorpora un recubrimiento cerámico Kcap™, diseñado para resistir la abrasión provocada por el uso constante de la correa, mientras que la microfibra AX® Suede proporciona un agarre seguro y una excelente sensibilidad al manipular herramientas o armas de fuego.</p><p>La construcción de palma de una sola pieza mejora el control y la destreza, y el refuerzo en el dedo índice aumenta la resistencia al desgaste en zonas de mayor contacto. Además, las puntas de los dedos son compatibles con pantallas táctiles, permitiendo el uso de dispositivos electrónicos sin quitarse los guantes.</p><p><strong>Características:</strong></p> <ul> <li> Diseñados específicamente para trabajo táctico con unidades K9. </li> <li> Palma con recubrimiento cerámico Kcap™ para mayor resistencia al desgaste por la correa. </li> <li> Palma de microfibra AX® Suede con excelente agarre y durabilidad. </li> <li> Dorso de poliéster elástico de cuatro direcciones, ligero y transpirable. </li> <li> Construcción de palma de una sola pieza para un mayor control y destreza. </li> <li> Refuerzo en el dedo índice para mayor resistencia al desgaste. </li> <li> Compatibles con pantallas táctiles. </li> <li> Cierre ajustable de muñeca en TPR. </li> <li> Presilla integrada para almacenamiento. </li> <li> Diseñados y desarrollados por veteranos de EE. UU. </li> <li> Garantía del fabricante de 1 año por defectos de materiales y fabricación.</li></ul></section></details>",taxable,,,,,,0,0.0,0.0,0.0,0.0,1,,,,"Todos los Productos",,,"https://d2j6dbq0eux0bg.cloudfront.net/images/104219285/products/845774053/5868006492.jpg, https://d2j6dbq0eux0bg.cloudfront.net/images/104219285/products/845774053/5868018154.jpg, https://d2j6dbq0eux0bg.cloudfront.net/images/104219285/products/845774053/5868006480.jpg, https://d2j6dbq0eux0bg.cloudfront.net/images/104219285/products/845774053/5868006486.jpg, https://d2j6dbq0eux0bg.cloudfront.net/images/104219285/products/845774053/5868150069.jpg",,,,,,,,,84,"Elite K9",Talla,"S, M, L, XL, XXL",1,0,,,,,,,,,,,,845774053,https://www.specialk9.com/Guantes-Tacticos-VIKTOS-Patrolux-K9-p845774053,"Guantes Tácticos VIKTOS Patrolux K9","Descripción Los guantes tácticos VIKTOS Patrolux K9 fueron desarrollados específicamente para guías caninos y equipos K9 que requieren durabilidad, precisión y comodidad durante el trabajo operativo. Su diseño de perfil bajo ofrece un excelente equilibrio entre protección y destreza para el manejo…"
variation,512-XXL,,"Guantes Tácticos VIKTOS Patrolux K9 - XXL",-1,,visible,,,taxable,parent,1,0,1,1,0,,,,,,,,50500.00,,,,,,,512,,,,,,,,Talla,XXL,1,0,,,,,,,,,,,,845774053,,,
variation,512-XL,,"Guantes Tácticos VIKTOS Patrolux K9 - XL",-1,,visible,,,taxable,parent,1,0,1,1,0,,,,,,,,50500.00,,,,,,,512,,,,,,,,Talla,XL,1,0,,,,,,,,,,,,845774053,,,
variation,512-L,,"Guantes Tácticos VIKTOS Patrolux K9 - L",-1,,visible,,,taxable,parent,1,0,1,1,0,,,,,,,,50500.00,,,,,,,512,,,,,,,,Talla,L,1,0,,,,,,,,,,,,845774053,,,
variation,512-M,,"Guantes Tácticos VIKTOS Patrolux K9 - M",-1,,visible,,,taxable,parent,1,0,1,1,0,,,,,,,,50500.00,,,,,,,512,,,,,,,,Talla,M,1,0,,,,,,,,,,,,845774053,,,
variation,512-S,,"Guantes Tácticos VIKTOS Patrolux K9 - S",-1,,visible,,,taxable,parent,1,0,1,1,0,,,,,,,,50500.00,,,,,,,512,,,,,,,,Talla,S,1,0,,,,,,,,,,,,845774053,,,
variable,SD7,,"Indicador de Viento",1,0,visible,,"<details><summary>Descripción</summary><section><p>El indicador de viento CIRRUS es un dispositivo recargable USB que utiliza una nube similar a vapor para determinar la dirección del viento.</p><p>Los cartuchos CIRRUS Wind Indicator pueden proporcionar más de 1000 inhalaciones y la batería dura más de 30 horas con una sola carga. Cuando el cartucho comience a debilitarse o perder color, simplemente enrosque un cartucho nuevo. El indicador de viento Cirrus es perfecto para cualquier aplicación necesaria para indicar la dirección térmica o del viento.</p><p>Los guías K-9 confían en Cirrus™ para atraer a sus perros desde la dirección correcta del viento. En interiores y exteriores, Cirrus™ puede preparar a su perro para que tenga éxito más rápido y adopte un enfoque mucho más táctico ante cualquier situación.</p></section></details><details><summary>Garantía</summary><section><div>Garantía por defectos de fábrica. Golpes al producto no serán contemplados dentro de la garantía.</div><div><strong>Devoluciones</strong></div><div>Se realiza cambio si el producto presenta defecto de fábrica. </div><p>No se hacen reembolsos, se hacen cambios por productos disponibles, completando el mismo monto cancelado.</p></section></details><p><br></p>",taxable,,,,,,0,0.0,0.0,0.0,0.0,1,,,,"Detección, Todos los Productos",,,"https://d2j6dbq0eux0bg.cloudfront.net/images/104219285/products/695723481/4541153136.jpg, https://d2j6dbq0eux0bg.cloudfront.net/images/104219285/products/695723481/4541153631.jpg",,,,,,,,,,Cirrus,Opciones,"Dispositivo, Cartuchos recarga",1,0,,,,,,,,,,,,695723481,https://www.specialk9.com/Indicador-de-Viento-p695723481,"Indicador de Viento","Descripción El indicador de viento CIRRUS es un dispositivo recargable USB que utiliza una nube similar a vapor para determinar la dirección del viento. Los cartuchos CIRRUS Wind Indicator pueden proporcionar más de 1000 inhalaciones y la batería dura más de 30 horas con una sola carga. Cuando el…"
variation,SD78,,"Indicador de Viento - Cartuchos recarga",1,,visible,,,taxable,parent,1,3,1,1,0,,,,,,,,19000.00,,,,,,,SD7,,,,,,,,Opciones,"Cartuchos recarga",1,0,,,,,,,,,,,,695723481,,,
variation,SD79,,"Indicador de Viento - Dispositivo",1,,visible,,,taxable,parent,1,1,1,1,0,,,,,,,,39000.00,,,,,,,SD7,,,,,,,,Opciones,Dispositivo,1,0,,,,,,,,,,,,695723481,,,
variable,R002,,"Jacket de Entrenamiento",1,0,visible,,"<details><summary>Descripción</summary><section><p>Jacket de Entrenamiento</p></section></details><details><summary>Garantía</summary><section><div>Garantía por defectos de fábrica. Cortes y mordeduras no serán contemplados dentro de la garantía.</div><div><strong>Devoluciones</strong></div><div>Se realiza cambio si el producto presenta defecto de fábrica. </div><div>Muy respetuosamente pedimos que, al momento de solicitarnos un producto, tenga las medidas necesarias.</div><div>No se hacen reembolsos, se hacen cambios por productos disponibles, completando el mismo monto cancelado.</div></section></details>",taxable,,,,,,0,0.8,0.0,0.0,0.0,1,,,,"Entrenamiento, Todos los Productos, Indumentaria, Indumentaria > Entrenamiento",,,https://d2j6dbq0eux0bg.cloudfront.net/images/104219285/products/697534933/4553262729.png,,,,,,,,,,Rok9,Talla,XL,1,0,,,,,,,,,,,,697534933,https://www.specialk9.com/Jacket-de-Entrenamiento-p697534933,"Jacket de Entrenamiento","Descripción Jacket de Entrenamiento Garantía Garantía por defectos de fábrica. Cortes y mordeduras no serán contemplados dentro de la garantía. Devoluciones Se realiza cambio si el producto presenta defecto de fábrica. Muy respetuosamente pedimos que, al momento de solicitarnos un producto, tenga…"
variation,"R002 XL B",,"Jacket de Entrenamiento - XL",1,,visible,,,taxable,parent,1,1,1,1,0,,,,,,,,82000.00,,,,,,,R002,,,,,,,,Talla,XL,1,0,,,,,,,,,,,,697534933,,,
simple,SL54DD,,"Jaula plegable con doble puerta",-1,0,hidden,,"<details><summary>Descripción</summary><section><p>Jaula resistente para perros.</p><p>La jaula para perros de metal con puerta doble está diseñada específicamente para las razas de perros grandes.</p><p>Hecha de metal resistente y duradero, cuenta con dos puertas con acceso a la puerta frontal y lateral, tres cerrojos deslizantes por puerta, Piso removible de bandeja, fácil de limpiar a prueba de fugas.<br>Dimensiones: 54"" Largo x 37"" Ancho x 45"" Alto</p></section></details><details><summary>Garantía</summary><section><div>Garantía por defectos de fábrica. Cortes y golpes no serán contemplados dentro de la garantía.</div><div><strong>Devoluciones</strong></div><div>Se realiza cambio si el producto presenta defecto de fábrica. </div><div>Muy respetuosamente pedimos que, al momento de solicitarnos un producto, tenga las medidas necesarias.</div><div>No se hacen reembolsos, se hacen cambios por productos disponibles, completando el mismo monto cancelado.</div></section></details><p><br></p>",taxable,,0,0,0,0,0,35.0,0.0,0.0,0.0,1,,,115000.00,"Seguridad y Protección Canina, Todos los Productos",,,"https://d2j6dbq0eux0bg.cloudfront.net/images/104219285/products/697533498/4553236709.jpg, https://d2j6dbq0eux0bg.cloudfront.net/images/104219285/products/697533498/4553236714.jpg, https://d2j6dbq0eux0bg.cloudfront.net/images/104219285/products/697533498/4553242698.jpg",,,,,,,,,,,,,,,,,,,,,,,,,,697533498,https://www.specialk9.com/Jaula-plegable-con-doble-puerta-p697533498,"Jaula plegable con doble puerta","Descripción Jaula resistente para perros. La jaula para perros de metal con puerta doble está diseñada específicamente para las razas de perros grandes. Hecha de metal resistente y duradero, cuenta con dos puertas con acceso a la puerta frontal y lateral, tres cerrojos deslizantes por puerta, Piso…"
simple,F025,663207101453,"Kit de Primeros Auxilios",1,0,visible,,"<details><summary>Descripción</summary><section><p>Incluye:<br></p><p>* Libro de primeros auxilios para perros<br>* Bolsa resistente al agua resistente<br>* Pistola de grapas de piel<br>* Paquete en frío 6 ""x 9""<br>* Peróxido de hidrógeno<br>* Lavado de ojos<br>* Lápiz hemostático<br>* Termómetro con estuche<br>* Envoltura cohesiva flexible de 2""<br>* Almohadillas de preparación de alcohol<br>* Almohadillas de gasa de 4""x 4""<br>* Toallas de 3 capas<br>* Solución de yodo<br>* Solución salina<br>* Tijeras de acero inoxidable<br>* Pinzas de acero inoxidable<br>* Cepillo de fregado quirúrgico<br>* Jeringa 10cc<br>* Crema de hidrocortisona<br>* Ungüento triple antibiótico<br>* Hisopos de algodón de 3""<br>* Bolas de algodón<br>* Torniquete de látex<br>* Guantes de vinilo<br>* Pistola de pastillas<br>* Almohadillas de yodo</p></section></details><details><summary>Garantía</summary><section><div>Garantía por defectos de fábrica. Cortes y mordeduras no serán contemplados dentro de la garantía.</div><div><strong>Devoluciones</strong></div><div>Se realiza cambio si el producto presenta defecto de fábrica. </div><div>Muy respetuosamente pedimos que, al momento de solicitarnos un producto, tenga las medidas necesarias.</div><div>No se hacen reembolsos, se hacen cambios por productos disponibles, completando el mismo monto cancelado.</div></section></details>",taxable,,1,1,1,0,0,1.5,0.0,0.0,0.0,1,,,124700.00,"Seguridad y Protección Canina, Todos los Productos",,,"https://d2j6dbq0eux0bg.cloudfront.net/images/104219285/4553937345.jpg, https://d2j6dbq0eux0bg.cloudfront.net/images/104219285/4597637838.png",,,,,,,,,,"Sporting Dog",,,,,,,,,,,,,,,,697652694,https://www.specialk9.com/Kit-de-Primeros-Auxilios-p697652694,"Kit de Primeros Auxilios","Descripción Incluye: * Libro de primeros auxilios para perros * Bolsa resistente al agua resistente * Pistola de grapas de piel * Paquete en frío 6 ""x 9"" * Peróxido de hidrógeno * Lavado de ojos * Lápiz hemostático * Termómetro con estuche * Envoltura cohesiva flexible de 2"" * Almohadillas de…"
simple,KG16,,"Kong Aqua",1,0,visible,,"<details><summary>Descripción</summary><section><p>El KONG® Aqua cuenta con una cuerda de lanzamiento única que permite lanzamientos largos y fáciles. Este es el muñeco de entrenamiento más fuerte del mundo y también tiene un inserto de núcleo de espuma que le permite flotar alto en el agua y puede servir como almohadilla aromática. El color naranja brillante hace que sea fácil de detectar si tu perro no lo hace.</p><p>Tamaño: 4"" de alto, 2½"" de ancho</p></section></details><details><summary>Garantía</summary><section><div>Garantía por defectos de fábrica. Cortes y mordeduras no serán contemplados dentro de la garantía.</div><div><strong>Devoluciones</strong></div><div>Se realiza cambio si el producto presenta defecto de fábrica. </div><div>Muy respetuosamente pedimos que, al momento de solicitarnos un producto, tenga las medidas necesarias.</div><div>No se hacen reembolsos, se hacen cambios por productos disponibles, completando el mismo monto cancelado.</div></section></details><p><br></p>",taxable,,1,1,1,0,0,0.27,0.0,0.0,0.0,1,,,18300.00,"Recompensas > Kongs, Todos los Productos",,,"https://d2j6dbq0eux0bg.cloudfront.net/images/104219285/products/697598064/4553406417.jpg, https://d2j6dbq0eux0bg.cloudfront.net/images/104219285/products/697598064/4597717038.jpg",,,,,,,,,,Kong,,,,,,,,,,,,,,,,697598064,https://www.specialk9.com/Kong-Aqua-p697598064,"Kong Aqua","Descripción El KONG® Aqua cuenta con una cuerda de lanzamiento única que permite lanzamientos largos y fáciles. Este es el muñeco de entrenamiento más fuerte del mundo y también tiene un inserto de núcleo de espuma que le permite flotar alto en el agua y puede servir como almohadilla aromática. El…"
simple,"KGPB1 03404",035585034041,"Kong Bounzer",1,0,visible,,"<details><summary>Descripción</summary><section><p>Juguete duradero para buscar con material grueso para un juego duradero</p><p>Sensación de compresión para una diversión satisfactoria de compresión y rebote.</p><p>La forma de KONG crea un rebote impredecible.</p><p>El mango facilita jugar a tirar y lanzar durante los juegos de buscar.</p></section></details><details><summary>Garantía</summary><section><div>Garantía por defectos de fábrica. Cortes y mordeduras no serán contemplados dentro de la garantía.</div><div><strong>Devoluciones</strong></div><div>Se realiza cambio si el producto presenta defecto de fábrica. </div><div>Muy respetuosamente pedimos que, al momento de solicitarnos un producto, tenga las medidas necesarias.</div><div>No se hacen reembolsos, se hacen cambios por productos disponibles, completando el mismo monto cancelado.</div></section></details>",taxable,,1,1,1,1,0,0.4,0.0,0.0,0.0,1,,,15500.00,"Recompensas > Kongs, Todos los Productos",,,https://d2j6dbq0eux0bg.cloudfront.net/images/104219285/4553364192.png,,,,,,,,,,Kong,,,,,,,,,,,,,,,,697605756,https://www.specialk9.com/Kong-Bounzer-p697605756,"Kong Bounzer","Descripción Juguete duradero para buscar con material grueso para un juego duradero Sensación de compresión para una diversión satisfactoria de compresión y rebote. La forma de KONG crea un rebote impredecible. El mango facilita jugar a tirar y lanzar durante los juegos de buscar. Garantía Garantía…"
variable,KGT1,,"Kong Classic",1,0,visible,,"<details><summary>Descripción</summary><section><p>Estos juguetes satisfacen a los masticadores grandes y tenaces y están siendo utilizados en todo el mundo por equipos policiales K-9, antidrogas y militares K-9, así como por entrenadores de competición Schutzhund y AKC. Son súper saltarines e irresistibles para la mayoría de los perros. El KONG® está fabricado con un caucho natural duradero y autorreparable que ofrece una combinación única de resistencia a la tracción, alargamiento superior y resistencia a la perforación. Se recomienda el uso supervisado para masticadores energéticos.<br></p></section></details><details><summary>Garantía</summary><section><p>Garantía por defectos de fábrica. Cortes y mordeduras no serán contemplados dentro de la garantía.</p><div><strong>Devoluciones</strong></div><div>Se realiza cambio si el producto presenta defecto de fábrica.</div><div>Muy respetuosamente pedimos que, al momento de solicitarnos un producto, tenga las medidas necesarias.</div><div>No se hacen reembolsos, se hacen cambios por productos disponibles, completando el mismo monto cancelado.</div></section></details><p><br></p>",taxable,,,,,,0,0.21,0.0,0.0,0.0,1,,,,"Recompensas > Kongs, Todos los Productos",,,"https://d2j6dbq0eux0bg.cloudfront.net/images/104219285/products/703590343/4597824889.jpg, https://d2j6dbq0eux0bg.cloudfront.net/images/104219285/products/703590343/4597823445.jpg, https://d2j6dbq0eux0bg.cloudfront.net/images/104219285/products/703590343/4597824894.png, https://d2j6dbq0eux0bg.cloudfront.net/images/104219285/products/703590343/4597824904.jpg",,,,,,,,,,Kong,Tamaño,"M, L, XL",1,0,,,,,,,,,,,,703590343,https://www.specialk9.com/Kong-Classic-p703590343,"Kong Classic","Descripción Estos juguetes satisfacen a los masticadores grandes y tenaces y están siendo utilizados en todo el mundo por equipos policiales K-9, antidrogas y militares K-9, así como por entrenadores de competición Schutzhund y AKC. Son súper saltarines e irresistibles para la mayoría de los perros.…"
variation,"KGT1 3",,"Kong Classic - XL",1,,visible,,,taxable,parent,1,0,1,1,0,,,,,,,,16900.00,,,,,,,KGT1,,,,,,,,Tamaño,XL,1,0,,,,,,,,,,,,703590343,,,
variation,"KGT1 2",,"Kong Classic - L",1,,visible,,,taxable,parent,1,3,1,1,0,,,,,,,,11500.00,,,,,,,KGT1,,,,,,,,Tamaño,L,1,0,,,,,,,,,,,,703590343,,,
variation,"KGT1 1",,"Kong Classic - M",1,,visible,,,taxable,parent,1,4,1,1,0,,,,,,,,9900.00,,,,,,,KGT1,,,,,,,,Tamaño,M,1,0,,,,,,,,,,,,703590343,,,
simple,KG03R,,"KONG Classic con cuerda talla L",1,0,visible,,"<details><summary>Descripción</summary><section><p>KONG® es legendario por su resistencia y durabilidad y por ser el juguete de goma para perros más fuerte del mundo.</p><p>Estos juguetes satisfacen a los masticadores grandes y tenaces y están siendo utilizados en todo el mundo por equipos policiales K-9, antidrogas y militares K-9, así como por entrenadores de competición Schutzhund y AKC. Son súper saltarines e irresistibles para la mayoría de los perros. El KONG® está fabricado con un caucho natural duradero y autorreparable que ofrece una combinación única de resistencia a la tracción, alargamiento superior y resistencia a la perforación. Se recomienda el uso supervisado para masticadores energéticos.</p><p>KONG® rojo grande de 4"" de alto x 2-3/4"" de ancho.</p></section></details><details><summary>Garantía</summary><section><div>Garantía por defectos de fábrica. Cortes y mordeduras no serán contemplados dentro de la garantía.</div><div><strong>Devoluciones</strong></div><div>Se realiza cambio si el producto presenta defecto de fábrica. </div><div>Muy respetuosamente pedimos que, al momento de solicitarnos un producto, tenga las medidas necesarias.</div><div>No se hacen reembolsos, se hacen cambios por productos disponibles, completando el mismo monto cancelado.</div></section></details>",taxable,,1,1,1,0,0,0.24,0.0,0.0,0.0,1,,,16500.00,"Recompensas > Kongs, Todos los Productos",,,https://d2j6dbq0eux0bg.cloudfront.net/images/104219285/4553961963.jpg,,,,,,,,,,Kong,,,,,,,,,,,,,,,,697652699,https://www.specialk9.com/KONG-Classic-con-cuerda-talla-L-p697652699,"KONG Classic con cuerda talla L","Descripción KONG® es legendario por su resistencia y durabilidad y por ser el juguete de goma para perros más fuerte del mundo. Estos juguetes satisfacen a los masticadores grandes y tenaces y están siendo utilizados en todo el mundo por equipos policiales K-9, antidrogas y militares K-9, así como…"
simple,"KG07 XL",035585121017,"Kong Dental XL",1,0,visible,,"<details><summary>Descripción</summary><section><p>Cuenta con ranuras patentadas para ""masticar y limpiar"" que limpian eficazmente los dientes y encías de su perro mientras mastica.</p><p>Este KONG® tiene forma de hueso y un centro hueco para guardar golosinas.</p><p>Medidas: 3,25"" de espesor por 6,25"" de largo</p></section></details><details><summary>Garantía</summary><section><div>Garantía por defectos de fábrica. Cortes y mordeduras no serán contemplados dentro de la garantía.</div><div><strong>Devoluciones</strong></div><div>Se realiza cambio si el producto presenta defecto de fábrica. </div><div>Muy respetuosamente pedimos que, al momento de solicitarnos un producto, tenga las medidas necesarias.</div><div>No se hacen reembolsos, se hacen cambios por productos disponibles, completando el mismo monto cancelado.</div></section></details><p><br></p>",taxable,,1,1,1,0,0,0.48,0.0,0.0,0.0,1,,,19800.00,"Recompensas > Kongs, Todos los Productos",,,"https://d2j6dbq0eux0bg.cloudfront.net/images/104219285/products/697605777/4553406792.jpg, https://d2j6dbq0eux0bg.cloudfront.net/images/104219285/products/697605777/4597726182.jpg, https://d2j6dbq0eux0bg.cloudfront.net/images/104219285/products/697605777/4597725205.jpg",,,,,,,,,,Kong,,,,,,,,,,,,,,,,697605777,https://www.specialk9.com/Kong-Dental-XL-p697605777,"Kong Dental XL","Descripción Cuenta con ranuras patentadas para ""masticar y limpiar"" que limpian eficazmente los dientes y encías de su perro mientras mastica. Este KONG® tiene forma de hueso y un centro hueco para guardar golosinas. Medidas: 3,25"" de espesor por 6,25"" de largo Garantía Garantía por defectos de…"
variable,KG02,,"Kong Extreme",1,0,visible,,"<details><summary>Descripción</summary><section><p>KONG® es legendario por su resistencia y durabilidad, y por ser el juguete de goma para perros más fuerte del mundo.</p><p>Todos los juguetes KONG® vienen en cuatro tamaños: Mediano, Grande, XL y XXL.</p><p>Estos juguetes satisfacen a los masticadores grandes y tenaces y están siendo utilizados en todo el mundo por equipos policiales K-9, antidrogas y militares K-9, así como por entrenadores de competición Schutzhund y AKC. Son súper saltarines e irresistibles para la mayoría de los perros. El KONG® está fabricado con un caucho natural duradero y autorreparable que ofrece una combinación única de resistencia a la tracción, alargamiento superior y resistencia a la perforación. Se recomienda el uso supervisado para masticadores energéticos.</p><p>NOTA: Los Black Kongs son los más fuertes<br>KONG® negro mediano (destinado a cachorros) 3½"" de alto x 2¼"" de ancho<br>Grande Negro KONG® 4"" de alto 2¾"" de ancho<br>XL Negro KONG® 5"" de alto x 3½"" de ancho<br>XXL Negro KONG® 6"" de alto x 4"" de ancho</p></section></details><details><summary>Garantía</summary><section><div>Garantía por defectos de fábrica. Cortes y mordeduras no serán contemplados dentro de la garantía.</div><div><strong>Devoluciones</strong></div><div>Se realiza cambio si el producto presenta defecto de fábrica. </div><div>Muy respetuosamente pedimos que, al momento de solicitarnos un producto, tenga las medidas necesarias.</div><div>No se hacen reembolsos, se hacen cambios por productos disponibles, completando el mismo monto cancelado.</div></section></details>",taxable,,,,,,0,0.0,0.0,0.0,0.0,1,,,,"Recompensas > Kongs, Todos los Productos",,,"https://d2j6dbq0eux0bg.cloudfront.net/images/104219285/products/697598054/4553377763.jpg, https://d2j6dbq0eux0bg.cloudfront.net/images/104219285/products/697598054/4553377768.jpg, https://d2j6dbq0eux0bg.cloudfront.net/images/104219285/products/697598054/4553377773.jpg, https://d2j6dbq0eux0bg.cloudfront.net/images/104219285/products/697598054/4553374353.jpg, https://d2j6dbq0eux0bg.cloudfront.net/images/104219285/products/697598054/4597708573.png",,,,,,,,,,Kong,Tamaño,"M, L, XL, XXL",1,0,,,,,,,,,,,,697598054,https://www.specialk9.com/Kong-Extreme-p697598054,"Kong Extreme","Descripción KONG® es legendario por su resistencia y durabilidad, y por ser el juguete de goma para perros más fuerte del mundo. Todos los juguetes KONG® vienen en cuatro tamaños: Mediano, Grande, XL y XXL. Estos juguetes satisfacen a los masticadores grandes y tenaces y están siendo utilizados en…"
variation,"KG02 UKING",,"Kong Extreme - XXL",1,,visible,,,taxable,parent,1,1,1,1,0,,,,,,,,27000.00,,,,,,,KG02,,,,,,,,Tamaño,XXL,1,0,,,,,,,,,,,,697598054,,,
variation,"KGEX XL",,"Kong Extreme - XL",1,,visible,,,taxable,parent,1,0,1,1,0,,,,,,,,19500.00,,,,,,,KG02,,,,,,,,Tamaño,XL,1,0,,,,,,,,,,,,697598054,,,
variation,"KG02 L",,"Kong Extreme - L",1,,visible,,,taxable,parent,1,4,1,1,0,,,,,,,,17800.00,,,,,,,KG02,,,,,,,,Tamaño,L,1,0,,,,,,,,,,,,697598054,,,
variation,111148,,"Kong Extreme - M",1,,visible,,,taxable,parent,1,2,1,1,0,,,,,,,,15500.00,,,,,,,KG02,,,,,,,,Tamaño,M,1,0,,,,,,,,,,,,697598054,,,
simple,KG02R,,"Kong Extreme con cuerda",1,0,visible,,"<details><summary>Descripción</summary><section><p>KONG® negro grande con mango de cuerda</p><p>KONG® es legendario por su resistencia y durabilidad y por ser el juguete de goma para perros más fuerte del mundo.</p><p>Estos juguetes satisfacen a los masticadores grandes y tenaces y están siendo utilizados en todo el mundo por equipos policiales K-9, antidrogas y militares K-9, así como por entrenadores de competición Schutzhund y AKC. Son súper saltarines e irresistibles para la mayoría de los perros. El KONG® está fabricado con un caucho natural duradero y autorreparable que ofrece una combinación única de resistencia a la tracción, alargamiento superior y resistencia a la perforación. Se recomienda el uso supervisado para masticadores energéticos.</p><p>KONG® negro grande de 4"" de alto x 2-3/4"" de ancho</p></section></details><details><summary>Garantía</summary><section><div>Garantía por defectos de fábrica. Cortes y mordeduras no serán contemplados dentro de la garantía.</div><div><strong>Devoluciones</strong></div><div>Se realiza cambio si el producto presenta defecto de fábrica. </div><div>Muy respetuosamente pedimos que, al momento de solicitarnos un producto, tenga las medidas necesarias.</div><div>No se hacen reembolsos, se hacen cambios por productos disponibles, completando el mismo monto cancelado.</div></section></details>",taxable,,1,1,1,0,0,0.25,0.0,0.0,0.0,1,,,21100.00,"Recompensas > Kongs, Todos los Productos",,,https://d2j6dbq0eux0bg.cloudfront.net/images/104219285/4553374348.jpg,,,,,,,,,,Kong,,,,,,,,,,,,,,,,697593370,https://www.specialk9.com/Kong-Extreme-con-cuerda-p697593370,"Kong Extreme con cuerda","Descripción KONG® negro grande con mango de cuerda KONG® es legendario por su resistencia y durabilidad y por ser el juguete de goma para perros más fuerte del mundo. Estos juguetes satisfacen a los masticadores grandes y tenaces y están siendo utilizados en todo el mundo por equipos policiales K-9,…"
variable,KGSQ,,"Kong Squeezz",1,0,visible,,"<p>Esta pelota súper rebotante y duradera está hecha especialmente para cachorros.</p><p>Las paredes más gruesas y la construcción de una sola pieza garantizan que rebote y chirríe por más tiempo.</p><p>Creado para sesiones de búsqueda duraderas</p><p>La construcción única que no es de tenis amplía la diversión.</p><p>Chirriador atractivo para mayor participación.</p>",taxable,,,,,,0,0.0,0.0,0.0,0.0,1,,,,"Recompensas > Kongs, Todos los Productos",,,https://d2j6dbq0eux0bg.cloudfront.net/images/104219285/products/697605770/4553377983.jpg,,,,,,,,,,Kong,Tamaño,"M, L",1,0,,,,,,,,,,,,697605770,https://www.specialk9.com/Kong-Squeezz-p697605770,"Kong Squeezz","Esta pelota súper rebotante y duradera está hecha especialmente para cachorros. Las paredes más gruesas y la construcción de una sola pieza garantizan que rebote y chirríe por más tiempo. Creado para sesiones de búsqueda duraderas La construcción única que no es de tenis amplía la diversión.…"
variation,"KGSQ L",,"Kong Squeezz - L",1,,visible,,,taxable,parent,1,0,1,1,0,,,,,,,,14000.00,,,,,,,KGSQ,,,,,,,,Tamaño,L,1,0,,,,,,,,,,,,697605770,,,
variation,"KGSQ M",,"Kong Squeezz - M",1,,visible,,,taxable,parent,1,1,1,1,0,,,,,,,,13000.00,,,,,,,KGSQ,,,,,,,,Tamaño,M,1,0,,,,,,,,,,,,697605770,,,
simple,LLB,850732004155,"Lilly Brush Mini",1,0,visible,,"<details><summary>Descripción</summary><section><p>El MINI Pet Hair Cleaner funciona muy bien con:</p><ul><li>Pelo de mascota profundamente incrustado</li><li>Pelo de mascota resistente a la aspiradora,</li><li>Pelusa difícil de eliminar. Perfecto para la limpieza en el hogar y vehiculos. </li></ul></section></details><details><summary>Garantía</summary><section><div>Garantía por defectos de fábrica. Golpes, cortes y quebraduras no serán contemplados dentro de la garantía.</div><div><strong>Devoluciones</strong></div><div>Se realiza cambio si el producto presenta defecto de fábrica. </div><p>No se hacen reembolsos, se hacen cambios por productos disponibles, completando el mismo monto cancelado.</p><p><br></p></section></details>",taxable,,1,12,1,0,0,0.26,0.0,0.0,0.0,1,,,5000.00,"Grooming, Todos los Productos, Limpieza",,,https://d2j6dbq0eux0bg.cloudfront.net/images/104219285/products/697598044/4553362956.jpg,,,,,,,,,,"Lilly Brush",,,,,,,,,,,,,,,,697598044,https://www.specialk9.com/Lilly-Brush-Mini-p697598044,"Lilly Brush Mini","Descripción El MINI Pet Hair Cleaner funciona muy bien con: Pelo de mascota profundamente incrustado Pelo de mascota resistente a la aspiradora, Pelusa difícil de eliminar. Perfecto para la limpieza en el hogar y vehiculos. Garantía Garantía por defectos de fábrica. Golpes, cortes y quebraduras no…"
simple,L01,,"Línea de Agitación Elástica - Bungee",1,0,visible,,"<details><summary>Descripción</summary><section><p>Nueva y mejorada línea elástica de resistencia industrial y alta resistencia. Esta línea le enseña a su perro a morder y sostener; si suelta el mordisco, la línea lo jala hacia atrás.</p><p>Tamaño: Línea elástica de 15' (4.6 metros) que se extiende hasta 30' (9.1 metros)</p></section></details><details><summary>Garantía</summary><section><div>Garantía por defectos de fábrica. Cortes y mordeduras no serán contemplados dentro de la garantía.</div><div><strong>Devoluciones</strong></div><div>Se realiza cambio si el producto presenta defecto de fábrica. </div><div>Muy respetuosamente pedimos que, al momento de solicitarnos un producto, tenga las medidas necesarias.</div><div>No se hacen reembolsos, se hacen cambios por productos disponibles, completando el mismo monto cancelado.</div></section></details><p><br></p>",taxable,,0,0,1,0,0,1.75,0.0,0.0,0.0,1,,,52400.00,"Correas > Nylon, Todos los Productos",,,https://d2j6dbq0eux0bg.cloudfront.net/images/104219285/products/695784596/4541230880.jpg,,,,,"L13 L14,L07,5923050171,BL001-002,LL06",,,,,"Elite K9",,,,,,,,,,,,,,,,695784596,https://www.specialk9.com/Linea-de-Agitacion-Elastica-Bungee-p695784596,"Línea de Agitación Elástica - Bungee","Descripción Nueva y mejorada línea elástica de resistencia industrial y alta resistencia. Esta línea le enseña a su perro a morder y sostener; si suelta el mordisco, la línea lo jala hacia atrás. Tamaño: Línea elástica de 15' (4.6 metros) que se extiende hasta 30' (9.1 metros) Garantía Garantía por…"
simple,A28,035585999579,"Llavero KONG",1,0,visible,,"<details><summary>Descripción</summary><section><p>Los llaveros KONG miden 1"" de ancho x 1 3/4"" de alto.</p><p>NO apto para uso con mascotas.</p></section></details><p><br></p>",taxable,,1,5,1,0,0,0.03,0.0,0.0,0.0,1,,,5500.00,"Recompensas > Kongs, Todos los Productos",,,"https://d2j6dbq0eux0bg.cloudfront.net/images/104219285/4553968814.jpg, https://d2j6dbq0eux0bg.cloudfront.net/images/104219285/4597854441.png",,,,,,,,,,Kong,,,,,,,,,,,,,,,,697727523,https://www.specialk9.com/Llavero-KONG-p697727523,"Llavero KONG","Descripción Los llaveros KONG miden 1"" de ancho x 1 3/4"" de alto. NO apto para uso con mascotas."
variable,A2,,"Luz Guardian K-9",1,0,visible,,"<details><summary>Descripción</summary><section><p>Luz Guardian K9</p><p>Disponible: Azul, Rojo y Amarillo.<br>La luz omnidireccional (visible desde todos los lados), con función intermitente y fija a la que se puede acceder simplemente girando la batería.<br>Tiene clip en forma de ""J"" que evita su caída o extracción accidental.<br>Se gira la tapa de la lente para encenderla. Y se desenrosca y se retira la tapa de la lente para cambiar la batería.<br>Tipo de batería: 2 baterías CR-2032</p></section></details><details><summary>Garantía</summary><section><div>Garantía por defectos de fábrica. Cortes, golpes y mordeduras no serán contemplados dentro de la garantía.</div><div><strong>Devoluciones</strong></div><div>Se realiza cambio si el producto presenta defecto de fábrica. </div><div>Muy respetuosamente pedimos que, al momento de solicitarnos un producto, tenga las medidas necesarias.</div><div>No se hacen reembolsos, se hacen cambios por productos disponibles, completando el mismo monto cancelado.</div></section></details><p><br></p>",taxable,,,,,,0,0.03,0.0,0.0,0.0,1,,,,"Seguridad y Protección Canina, Todos los Productos",,,"https://d2j6dbq0eux0bg.cloudfront.net/images/104219285/products/697652695/4553940479.jpg, https://d2j6dbq0eux0bg.cloudfront.net/images/104219285/products/697652695/4553940657.jpg, https://d2j6dbq0eux0bg.cloudfront.net/images/104219285/products/697652695/4553940913.jpg, https://d2j6dbq0eux0bg.cloudfront.net/images/104219285/products/697652695/4597559382.jpg, https://d2j6dbq0eux0bg.cloudfront.net/images/104219285/products/697652695/4597569884.jpg, https://d2j6dbq0eux0bg.cloudfront.net/images/104219285/products/697652695/4597559387.jpg",,,,,,,,,,"Elite K9",Color,"Azul, Amarillo, Rojo",1,0,,,,,,,,,,,,697652695,https://www.specialk9.com/Luz-Guardian-K-9-p697652695,"Luz Guardian K-9","Descripción Luz Guardian K9 Disponible: Azul, Rojo y Amarillo. La luz omnidireccional (visible desde todos los lados), con función intermitente y fija a la que se puede acceder simplemente girando la batería. Tiene clip en forma de ""J"" que evita su caída o extracción accidental. Se gira la tapa de…"
variation,A215,,"Luz Guardian K-9 - Amarillo",1,,visible,,,taxable,parent,1,4,1,1,0,,,,,,,,19500.00,,,,,,,A2,,,,,,,,Color,Amarillo,1,0,,,,,,,,,,,,697652695,,,
variation,A210,,"Luz Guardian K-9 - Rojo",1,,visible,,,taxable,parent,1,2,1,1,0,,,,,,,,19500.00,,,,,,,A2,,,,,,,,Color,Rojo,1,0,,,,,,,,,,,,697652695,,,
variation,A200,,"Luz Guardian K-9 - Azul",1,,visible,,,taxable,parent,1,2,1,1,0,,,,,,,,19500.00,,,,,,,A2,,,,,,,,Color,Azul,1,0,,,,,,,,,,,,697652695,,,
simple,TE1501073,,"Mampára Profesional",1,1,visible,,"<details><summary>Descripción</summary><section><p>Fabricado con materiales seguros de alta resistencia.<br>Tejidos de polímero reforzado de alta densidad.<br>Construcción de aluminio.<br>Dimensiones estándar para competición, pruebas y entrenamiento-.<br>Fácilmente desmontable.</p><p>Ancho: 130 cm (51"" pulgadas)<br>Alto: 200 cm (79""  pulgadas)</p><p>Peso:  9 Kg</p></section></details><details><summary>Garantía</summary><section><div>Garantía por defectos de fábrica. Cortes y mordeduras no serán contemplados dentro de la garantía.</div><div><strong>Devoluciones</strong></div><div>Se realiza cambio si el producto presenta defecto de fábrica.</div></section></details>",taxable,,0,0,1,0,0,9.0,0.0,0.0,0.0,1,,,397500.00,"Todos los Productos, Disciplinas",,,"https://d2j6dbq0eux0bg.cloudfront.net/images/104219285/4934245128.jpg, https://d2j6dbq0eux0bg.cloudfront.net/images/104219285/4934245133.jpg, https://d2j6dbq0eux0bg.cloudfront.net/images/104219285/4934126417.jpg, https://d2j6dbq0eux0bg.cloudfront.net/images/104219285/4934233248.jpg, https://d2j6dbq0eux0bg.cloudfront.net/images/104219285/4934126412.jpg, https://d2j6dbq0eux0bg.cloudfront.net/images/104219285/4934117224.jpg, https://d2j6dbq0eux0bg.cloudfront.net/images/104219285/4934125887.jpg",,,,,,,,,8,"For Dog Trainers",,,,,,,,,,,,,,,,752771608,https://www.specialk9.com/Mampara-Profesional-p752771608,"Mampára Profesional","Descripción Fabricado con materiales seguros de alta resistencia. Tejidos de polímero reforzado de alta densidad. Construcción de aluminio. Dimensiones estándar para competición, pruebas y entrenamiento-. Fácilmente desmontable. Ancho: 130 cm (51"" pulgadas) Alto: 200 cm (79"" pulgadas) Peso: 9 Kg…"
variable,SC03-SC23,,Mancuernas,1,0,visible,,"<details><summary>Descripción</summary><section><p>Las mancuernas para Schutzhund están hechas de madera.</p><p>¡Estas mancuernas son ideales para el entrenamiento de Schutzhund!</p><p>Pesos disponibles:<br>650 gramos<br>1000 gramos<br>2000 gramos</p></section></details><details><summary>Garantía</summary><section><div>Garantía por defectos de fábrica. Cortes no serán contemplados dentro de la garantía.</div><div><strong>Devoluciones</strong></div><div>Se realiza cambio si el producto presenta defecto de fábrica. </div><p>No se hacen reembolsos, se hacen cambios por productos disponibles, completando el mismo monto cancelado.</p><p><br></p></section></details><p><br></p>",taxable,,,,,,0,0.0,0.0,0.0,0.0,1,,,,"Entrenamiento, Todos los Productos, Specials",,,"https://d2j6dbq0eux0bg.cloudfront.net/images/104219285/4540461852.jpg, https://d2j6dbq0eux0bg.cloudfront.net/images/104219285/4540461867.jpg",,,,,,,,,,"Elite K9",Estilo,"Madera Lisa, Madera con peso rojo",1,0,,Peso,"650, 1000, 2000",1,0,,,,,,,695633451,https://www.specialk9.com/Mancuernas-p695633451,Mancuernas,"Descripción Las mancuernas para Schutzhund están hechas de madera. ¡Estas mancuernas son ideales para el entrenamiento de Schutzhund! Pesos disponibles: 650 gramos 1000 gramos 2000 gramos Garantía Garantía por defectos de fábrica. Cortes no serán contemplados dentro de la garantía. Devoluciones Se…"
variation,"SC23 2000",,"Mancuernas - Madera con peso rojo / 2000",1,,visible,,,taxable,parent,1,1,1,1,0,,,,,,,,40000.00,,,,,,,SC03-SC23,,,,,,,,Estilo,"Madera con peso rojo",1,0,,Peso,2000,1,0,,,,,,,695633451,,,
variation,"SC03 2000",,"Mancuernas - Madera Lisa / 2000",1,,visible,,,taxable,parent,1,1,1,1,0,,,,,,,,40000.00,,,,,,,SC03-SC23,,,,,,,,Estilo,"Madera Lisa",1,0,,Peso,2000,1,0,,,,,,,695633451,,,
variation,"SC23 1000",,"Mancuernas - Madera con peso rojo / 1000",1,,visible,,,taxable,parent,1,1,1,1,0,,,,,,,,30500.00,,,,,,,SC03-SC23,,,,,,,,Estilo,"Madera con peso rojo",1,0,,Peso,1000,1,0,,,,,,,695633451,,,
variation,"SC03 1000",,"Mancuernas - Madera Lisa / 1000",1,,visible,,,taxable,parent,1,1,1,1,0,,,,,,,,30500.00,,,,,,,SC03-SC23,,,,,,,,Estilo,"Madera Lisa",1,0,,Peso,1000,1,0,,,,,,,695633451,,,
variation,"SC23 650",,"Mancuernas - Madera con peso rojo / 650",1,,visible,,,taxable,parent,1,1,1,1,0,,,,,,,,24000.00,,,,,,,SC03-SC23,,,,,,,,Estilo,"Madera con peso rojo",1,0,,Peso,650,1,0,,,,,,,695633451,,,
variation,"SC03 650",,"Mancuernas - Madera Lisa / 650",1,,visible,,,taxable,parent,1,1,1,1,0,,,,,,,,24000.00,,,,,,,SC03-SC23,,,,,,,,Estilo,"Madera Lisa",1,0,,Peso,650,1,0,,,,,,,695633451,,,
variable,B12,,"Manga ambidiestra para cachorro",1,0,visible,,"<details><summary>Descripción</summary><section><p>Manga para mordida ambidiestra para cachorros y perros jóvenes.</p><p>Cuenta con un asa en la parte posterior del brazo para ayudar a tirar del perro. El interior está forrado con un tejido cómodo y el mango tiene una suave funda de espuma.<br>Material Sintético (lino francés)</p></section></details><details><summary>Garantía</summary><section><div>Garantía por defectos de fábrica. Cortes y mordeduras no serán contemplados dentro de la garantía.</div><div><strong>Devoluciones</strong></div><div>Se realiza cambio si el producto presenta defecto de fábrica.</div><p>No se hacen reembolsos, se hacen cambios por productos disponibles, completando el mismo monto cancelado.</p></section></details>",taxable,,,,,,0,2.0,0.0,0.0,0.0,1,,,,"Mangas y Pierneras, Todos los Productos",,,https://d2j6dbq0eux0bg.cloudfront.net/images/104219285/4553294110.jpg,,,,,,,,,,"Elite K9",Material,"Sintético, Yute",1,0,,,,,,,,,,,,697525735,https://www.specialk9.com/Manga-ambidiestra-para-cachorro-p697525735,"Manga ambidiestra para cachorro","Descripción Manga para mordida ambidiestra para cachorros y perros jóvenes. Cuenta con un asa en la parte posterior del brazo para ayudar a tirar del perro. El interior está forrado con un tejido cómodo y el mango tiene una suave funda de espuma. Material Sintético (lino francés) Garantía Garantía…"
variation,"B12 J",,"Manga ambidiestra para cachorro - Yute",1,,visible,,,taxable,parent,1,0,1,1,0,,,,,,,,82600.00,,,,,,,B12,,,,,,,,Material,Yute,1,0,,,,,,,,,,,,697525735,,,
variation,"B12 S",,"Manga ambidiestra para cachorro - Sintético",1,,visible,,,taxable,parent,1,2,1,0,0,,,,,,,,82600.00,,,,,,,B12,,,,,,,,Material,Sintético,1,0,,,,,,,,,,,,697525735,,,
variable,B09,,"Manga de Antebrazo",1,0,visible,,"<details><summary>Descripción</summary><section><p>Manga de antebrazo para cachorro</p><p>Manga suave para cachorros jóvenes. Es muy flexible y se puede utilizar para mordidas en el antebrazo o en el interior.</p><p>Mide 18"" de largo y cubre apenas el antebrazo.</p><p>Disponible en material yute o sintético.</p></section></details><details><summary>Garantía</summary><section><div>Garantía por defectos de fábrica. Cortes no serán contemplados dentro de la garantía.</div><div><strong>Devoluciones</strong></div><div>Se realiza cambio si el producto presenta defecto de fábrica. </div><p>No se hacen reembolsos, se hacen cambios por productos disponibles, completando el mismo monto cancelado.</p></section></details><p><br></p>",taxable,,,,,,0,0.5,0.0,0.0,0.0,1,,,,"Mangas y Pierneras, Todos los Productos",,,"https://d2j6dbq0eux0bg.cloudfront.net/images/104219285/4553291114.jpg, https://d2j6dbq0eux0bg.cloudfront.net/images/104219285/4553293753.jpg",,,,,,,,,,"Elite K9",Material,"Sintético, Yute",1,0,,,,,,,,,,,,697593304,https://www.specialk9.com/Manga-de-Antebrazo-p697593304,"Manga de Antebrazo","Descripción Manga de antebrazo para cachorro Manga suave para cachorros jóvenes. Es muy flexible y se puede utilizar para mordidas en el antebrazo o en el interior. Mide 18"" de largo y cubre apenas el antebrazo. Disponible en material yute o sintético. Garantía Garantía por defectos de fábrica.…"
variation,"B09 J",,"Manga de Antebrazo - Yute",1,,visible,,,taxable,parent,1,1,1,1,0,,,,,,,,37500.00,,,,,,,B09,,,,,,,,Material,Yute,1,0,,,,,,,,,,,,697593304,,,
variation,"B09 S",,"Manga de Antebrazo - Sintético",1,,visible,,,taxable,parent,1,0,1,1,0,,,,,,,,37500.00,,,,,,,B09,,,,,,,,Material,Sintético,1,0,,,,,,,,,,,,697593304,,,
simple,"B23 S",,"Manga de Barril Ambidiestra",1,0,visible,,"<details><summary>Descripción</summary><section><p>Manga de barril ambidiestra.</p><p>La manga de barril fomenta una mordida con toda la boca y es ideal para mejorar a los perros avanzados que muerden con fuerza. Se puede utilizar en cualquier brazo.</p><p>Material sintético (lino francés)</p><p>La funda es reemplazable.<br></p></section></details><details><summary>Garantía</summary><section><div>Garantía por defectos de fábrica. Cortes no serán contemplados dentro de la garantía.</div><div><strong>Devoluciones</strong></div><div>Se realiza cambio si el producto presenta defecto de fábrica. </div><p>No se hacen reembolsos, se hacen cambios por productos disponibles, completando el mismo monto cancelado.</p></section></details><p><br></p>",taxable,,1,0,1,1,0,4.5,0.0,0.0,0.0,1,,,162000.00,"Mangas y Pierneras, Todos los Productos",,,https://d2j6dbq0eux0bg.cloudfront.net/images/104219285/4553424468.jpg,,,,,,,,,,"Elite K9",,,,,,,,,,,,,,,,697598086,https://www.specialk9.com/Manga-de-Barril-Ambidiestra-p697598086,"Manga de Barril Ambidiestra","Descripción Manga de barril ambidiestra. La manga de barril fomenta una mordida con toda la boca y es ideal para mejorar a los perros avanzados que muerden con fuerza. Se puede utilizar en cualquier brazo. Material sintético (lino francés) La funda es reemplazable. Garantía Garantía por defectos de…"
simple,B76,,"Manga de Brazo Fuerte de Goma Sintética",1,1,visible,,"<p>Manga de brazo fuerte de goma sintética con correas ajustables de Velcro que permiten al figurante colocar el brazo directamente dentro de la pieza, ofreciendo una sensación muy realista para ejercicios de agresión controlada. No requiere uso de guantelete adicional.</p><p><strong>Especificaciones:</strong></p> <ul> <li> Peso: aprox. 3.17 kg</li> <li> Largo total: 66 cm</li> <li> Apertura de bíceps: hasta 20 cm de diámetro</li> <li> Apertura de antebrazo: hasta 15 cm de diámetro</li></ul>",taxable,,0,0,1,0,0,0.0,0.0,0.0,0.0,1,,,387750.00,"Mangas y Pierneras, Todos los Productos, Indumentaria > Entrenamiento",,,https://d2j6dbq0eux0bg.cloudfront.net/images/104219285/products/826876469/5685926211.jpg,,,,,,,,,49,"Elite K9",,,,,,,,,,,,,,,,826876469,https://www.specialk9.com/Manga-de-Brazo-Fuerte-de-Goma-Sintetica-p826876469,"Manga de Brazo Fuerte de Goma Sintética","Manga de brazo fuerte de goma sintética con correas ajustables de Velcro que permiten al figurante colocar el brazo directamente dentro de la pieza, ofreciendo una sensación muy realista para ejercicios de agresión controlada. No requiere uso de guantelete adicional. Especificaciones: Peso: aprox. 3…"
variable,PS1201073,,"Manga de Mordida Oculta para Entrenamiento Avanzado",1,1,visible,,"<details><summary>Descripción</summary><section><p>¿Necesitás una herramienta de entrenamiento discreta que puedas usar debajo de la ropa? Este <em>manga de mordida oculta de yute</em> es una excelente opción. Está hecha de material natural, resistente y seguro para el perro. Es ambidiestra, fácil de colocar y ajustable mediante correas de nylon con velcro para adaptarse perfectamente a tu brazo</p><p>Características principales:<br>Manga de mordida flexible, ajuste ceñido y cierre de velcro para adaptarse anatómicamente al brazo. Es ambidiestra, por lo que puede usarse tanto en el brazo izquierdo como en el derecho.</p><p>Usos recomendados:<br>Entrenamiento policial, perros de guarda, trabajo de protección y unidades especiales.<br><br>Variantes: Con Refuerzo Plástico, Sin Refuerzo Plástico</p></section></details>",taxable,,,,,,0,0.0,0.0,0.0,0.0,1,,,,"Mangas y Pierneras, Todos los Productos",,,"https://d2j6dbq0eux0bg.cloudfront.net/images/104219285/products/826876322/5685289159.jpg, https://d2j6dbq0eux0bg.cloudfront.net/images/104219285/products/826876322/5685277985.jpg",,,,,,,,,45,"For Dog Trainers",versión,"Con Refuerzo, Sin Refuerzo",1,0,,,,,,,,,,,,826876322,https://www.specialk9.com/Manga-de-Mordida-Oculta-para-Entrenamiento-Avanzado-p826876322,"Manga de Mordida Oculta para Entrenamiento Avanzado","Descripción ¿Necesitás una herramienta de entrenamiento discreta que puedas usar debajo de la ropa? Este manga de mordida oculta de yute es una excelente opción. Está hecha de material natural, resistente y seguro para el perro. Es ambidiestra, fácil de colocar y ajustable mediante correas de nylon…"
variation,"PS1201073 SNR",,"Manga de Mordida Oculta para Entrenamiento Avanzado - Sin Refuerzo",1,,visible,,,taxable,parent,1,0,1,1,0,,,,,,,,137500.00,,,,,,,PS1201073,,,,,,,,versión,"Sin Refuerzo",1,0,,,,,,,,,,,,826876322,,,
variation,"PS1201073 CNR",,"Manga de Mordida Oculta para Entrenamiento Avanzado - Con Refuerzo",1,,visible,,,taxable,parent,1,0,1,1,0,,,,,,,,137500.00,,,,,,,PS1201073,,,,,,,,versión,"Con Refuerzo",1,0,,,,,,,,,,,,826876322,,,
variable,PS1301073,,"Manga de Mordida Oculta para Entrenamiento Profesional",1,1,visible,,"<details><summary>Descripción</summary><section><p>Manga oculta fabricada en resistente lino francés. Puede utilizarse en el brazo izquierdo o derecho y ofrece una protección confiable durante el entrenamiento de mordida. Ideal para la formación de perros de servicio y unidades policiales.</p></section></details>",taxable,,,,,,0,0.0,0.0,0.0,0.0,1,,,,"Mangas y Pierneras, Todos los Productos",,,"https://d2j6dbq0eux0bg.cloudfront.net/images/104219285/products/826660581/5684169043.jpg, https://d2j6dbq0eux0bg.cloudfront.net/images/104219285/products/826660581/5684160341.jpg",,,,,,,,,44,"For Dog Trainers",Nivel,"Beginers, Advanced",1,0,,,,,,,,,,,,826660581,https://www.specialk9.com/Manga-de-Mordida-Oculta-para-Entrenamiento-Profesional-p826660581,"Manga de Mordida Oculta para Entrenamiento Profesional","Descripción Manga oculta fabricada en resistente lino francés. Puede utilizarse en el brazo izquierdo o derecho y ofrece una protección confiable durante el entrenamiento de mordida. Ideal para la formación de perros de servicio y unidades policiales."
variation,"PS1301073 ADV",,"Manga de Mordida Oculta para Entrenamiento Profesional - Advanced",1,,visible,,,taxable,parent,1,0,1,1,0,,,,,,,,140250.00,,,,,,,PS1301073,,,,,,,,Nivel,Advanced,1,0,,,,,,,,,,,,826660581,,,
variation,"PS1301073 BGN",,"Manga de Mordida Oculta para Entrenamiento Profesional - Beginers",1,,visible,,,taxable,parent,1,0,1,1,0,,,,,,,,140250.00,,,,,,,PS1301073,,,,,,,,Nivel,Beginers,1,0,,,,,,,,,,,,826660581,,,
variable,B45,,"Manga de Mordida Oculta Sintética sin Velcro",1,1,visible,,"<p>Estas mangas ocultas avanzadas ofrecen un nivel de protección comparable al de una manga de traje completo, siendo una excelente alternativa para entrenadores que requieren alta seguridad sin adquirir un traje entero. Fabricadas con material sintético importado de Bélgica, son extremadamente resistentes y adecuadas para distintos niveles de entrenamiento y potencia del perro.</p><p>Disponibles en tallas S, M, L y XL. Al recibirla, se recomienda verificar el ajuste antes de usarla con el K-9; si la manga queda demasiado ajustada, puede cambiarse por una talla mayor. Para entrenadores con antebrazos más robustos, se aconseja optar por Large o Extra Large.</p>",taxable,,,,,,0,0.0,0.0,0.0,0.0,1,,,,"Mangas y Pierneras, Todos los Productos",,,https://d2j6dbq0eux0bg.cloudfront.net/images/104219285/products/826640446/5684143890.jpg,,,,,,,,,43,"Elite K9",Tamaño,"S, M, L, XL",1,0,,,,,,,,,,,,826640446,https://www.specialk9.com/Manga-de-Mordida-Oculta-Sintetica-sin-Velcro-p826640446,"Manga de Mordida Oculta Sintética sin Velcro","Estas mangas ocultas avanzadas ofrecen un nivel de protección comparable al de una manga de traje completo, siendo una excelente alternativa para entrenadores que requieren alta seguridad sin adquirir un traje entero. Fabricadas con material sintético importado de Bélgica, son extremadamente…"
variation,"B45 XL",,"Manga de Mordida Oculta Sintética sin Velcro - XL",1,,visible,,,taxable,parent,1,0,1,1,0,,,,,,,,145750.00,,,,,,,B45,,,,,,,,Tamaño,XL,1,0,,,,,,,,,,,,826640446,,,
variation,"B45 L",,"Manga de Mordida Oculta Sintética sin Velcro - L",1,,visible,,,taxable,parent,1,0,1,1,0,,,,,,,,145750.00,,,,,,,B45,,,,,,,,Tamaño,L,1,0,,,,,,,,,,,,826640446,,,
variation,"B45 M",,"Manga de Mordida Oculta Sintética sin Velcro - M",1,,visible,,,taxable,parent,1,0,1,1,0,,,,,,,,145750.00,,,,,,,B45,,,,,,,,Tamaño,M,1,0,,,,,,,,,,,,826640446,,,
variation,"B45 S",,"Manga de Mordida Oculta Sintética sin Velcro - S",1,,visible,,,taxable,parent,1,0,1,1,0,,,,,,,,145750.00,,,,,,,B45,,,,,,,,Tamaño,S,1,0,,,,,,,,,,,,826640446,,,
variable,B40,,"Manga de Mordida Oculta Yute",-1,1,hidden,,"<details><summary>Descripción</summary><section><p>Esta manga de mordida cubierta de yute ofrece protección efectiva sin el volumen de una manga tradicional.<br> Cuenta con cuatro correas ajustables de velcro en el exterior y acolchado interno para mayor comodidad. Es ideal para entrenar al perro a morder “de verdad”, ya que puede usarse debajo de la ropa sin ser visible.</p><p><strong>Disponible en:</strong></p><ul> <li> <strong>REG – Regular</strong> </li> <li> <strong>GNLT –</strong> incluye un guantelete interno de plástico rígido integrado</li></ul></section></details>",taxable,,,,,,0,0.0,0.0,0.0,0.0,1,,,,"Mangas y Pierneras, Todos los Productos",,,https://d2j6dbq0eux0bg.cloudfront.net/images/104219285/products/826660544/5684136824.jpg,,,,,,,,,41,"Elite K9",Variante,"Regular, Guantelete",1,0,,,,,,,,,,,,826660544,https://www.specialk9.com/Manga-de-Mordida-Oculta-Yute-p826660544,"Manga de Mordida Oculta Yute","Descripción Esta manga de mordida cubierta de yute ofrece protección efectiva sin el volumen de una manga tradicional. Cuenta con cuatro correas ajustables de velcro en el exterior y acolchado interno para mayor comodidad. Es ideal para entrenar al perro a morder “de verdad”, ya que puede usarse…"
variation,"B40 GNLT",,"Manga de Mordida Oculta Yute - Guantelete",-1,,visible,,,taxable,parent,1,0,1,1,0,,,,,,,,0.00,,,,,,,B40,,,,,,,,Variante,Guantelete,1,0,,,,,,,,,,,,826660544,,,
variation,"B40 REG",,"Manga de Mordida Oculta Yute - Regular",-1,,visible,,,taxable,parent,1,0,1,1,0,,,,,,,,0.00,,,,,,,B40,,,,,,,,Variante,Regular,1,0,,,,,,,,,,,,826660544,,,
variable,OPS1301073,,"Manga de protección oculta para perro",1,1,visible,,"<p>Manga oculta fabricada con lino francés extra resistente.</p><p> Puede usarse en el brazo izquierdo o derecho. Ideal para entrenamiento de perros de servicio y unidades policiales.</p>",taxable,,,,,,0,0.0,0.0,0.0,0.0,1,,,,"Mangas y Pierneras, Todos los Productos",,,"https://d2j6dbq0eux0bg.cloudfront.net/images/104219285/products/826940008/5685703620.jpg, https://d2j6dbq0eux0bg.cloudfront.net/images/104219285/products/826940008/5685703614.jpg",,,,,,,,,46,"For Dog Trainers",Nivel,"Principiantes, Avanzado",1,0,,,,,,,,,,,,826940008,https://www.specialk9.com/Manga-de-proteccion-oculta-para-perro-p826940008,"Manga de protección oculta para perro","Manga oculta fabricada con lino francés extra resistente. Puede usarse en el brazo izquierdo o derecho. Ideal para entrenamiento de perros de servicio y unidades policiales."
variation,"OPS131073 AVN",,"Manga de protección oculta para perro - Avanzado",1,,visible,,,taxable,parent,1,0,1,1,0,,,,,,,,126500.00,,,,,,,OPS1301073,,,,,,,,Nivel,Avanzado,1,0,,,,,,,,,,,,826940008,,,
variation,"OPS131073 PRN",,"Manga de protección oculta para perro - Principiantes",1,,visible,,,taxable,parent,1,0,1,1,0,,,,,,,,126500.00,,,,,,,OPS1301073,,,,,,,,Nivel,Principiantes,1,0,,,,,,,,,,,,826940008,,,
variable,B9,,"Manga Estilo Belga",1,0,visible,,"<p>Mangas Estilo Belga</p><p>Disponibles en material sintético (lino francés)</p><p>Marca Elite K9</p>",taxable,,,,,,0,0.0,0.0,0.0,0.0,1,,,,"Todos los Productos, Mangas y Pierneras",,,"https://d2j6dbq0eux0bg.cloudfront.net/images/104219285/products/703329697/4596697672.jpg, https://d2j6dbq0eux0bg.cloudfront.net/images/104219285/products/703329697/4596697677.jpg, https://d2j6dbq0eux0bg.cloudfront.net/images/104219285/products/703329697/4596697227.jpg, https://d2j6dbq0eux0bg.cloudfront.net/images/104219285/products/703329697/4596700603.jpg, https://d2j6dbq0eux0bg.cloudfront.net/images/104219285/products/703329697/4596697682.jpg, https://d2j6dbq0eux0bg.cloudfront.net/images/104219285/products/703329697/4596697232.jpg",,,,,,,,,,"Elite K9",Nivel,"Nivel 1, Nivel 2, Nivel 3, Nivel 4, Nivel 5, Set de 5 Mangas",1,0,,Material,"Yute, Lino Frances",1,0,,,,,,,703329697,https://www.specialk9.com/Manga-Estilo-Belga-p703329697,"Manga Estilo Belga","Mangas Estilo Belga Disponibles en material sintético (lino francés) Marca Elite K9"
variation,"B9 6 SET J",,"Manga Estilo Belga - Set de 5 Mangas / Yute",1,,visible,,,taxable,parent,1,0,0,1,0,,,,,,,,351000.00,,,,,,,B9,,,,,,,,Nivel,"Set de 5 Mangas",1,0,,Material,Yute,1,0,,,,,,,703329697,,,
variation,"B9 5-J",,"Manga Estilo Belga - Nivel 5 / Yute",1,,visible,,,taxable,parent,1,0,1,1,0,,,,,,,,111000.00,,,,,,,B9,,,,,,,,Nivel,"Nivel 5",1,0,,Material,Yute,1,0,,,,,,,703329697,,,
variation,"B9 4-J",,"Manga Estilo Belga - Nivel 4 / Yute",1,,visible,,,taxable,parent,1,1,1,1,0,,,,,,,,102300.00,,,,,,,B9,,,,,,,,Nivel,"Nivel 4",1,0,,Material,Yute,1,0,,,,,,,703329697,,,
variation,"B9 3-J",,"Manga Estilo Belga - Nivel 3 / Yute",1,,visible,,,taxable,parent,1,0,1,1,0,,,,,,,,95500.00,,,,,,,B9,,,,,,,,Nivel,"Nivel 3",1,0,,Material,Yute,1,0,,,,,,,703329697,,,
variation,"B9 2-J",,"Manga Estilo Belga - Nivel 2 / Yute",1,,visible,,,taxable,parent,1,0,1,1,0,,,,,,,,86500.00,,,,,,,B9,,,,,,,,Nivel,"Nivel 2",1,0,,Material,Yute,1,0,,,,,,,703329697,,,
variation,"B9 1-J",,"Manga Estilo Belga - Nivel 1 / Yute",1,,visible,,,taxable,parent,1,0,1,1,0,,,,,,,,57000.00,,,,,,,B9,,,,,,,,Nivel,"Nivel 1",1,0,,Material,Yute,1,0,,,,,,,703329697,,,
variation,"B9 6 SET S",,"Manga Estilo Belga - Set de 5 Mangas / Lino Frances",1,,visible,,,taxable,parent,1,1,0,1,0,,,,,,,,351000.00,,,,,,,B9,,,,,,,,Nivel,"Set de 5 Mangas",1,0,,Material,"Lino Frances",1,0,,,,,,,703329697,,,
variation,"B9 5-S",,"Manga Estilo Belga - Nivel 5 / Lino Frances",1,,visible,,,taxable,parent,1,1,1,1,0,,,,,,,,111000.00,,,,,,,B9,,,,,,,,Nivel,"Nivel 5",1,0,,Material,"Lino Frances",1,0,,,,,,,703329697,,,
variation,"B9 4-S",,"Manga Estilo Belga - Nivel 4 / Lino Frances",1,,visible,,,taxable,parent,1,1,1,1,0,,,,,,,,102300.00,,,,,,,B9,,,,,,,,Nivel,"Nivel 4",1,0,,Material,"Lino Frances",1,0,,,,,,,703329697,,,
variation,"B9 3",,"Manga Estilo Belga - Nivel 3 / Lino Frances",1,,visible,,,taxable,parent,1,1,1,1,0,,,,,,,,95500.00,,,,,,,B9,,,,,,,,Nivel,"Nivel 3",1,0,,Material,"Lino Frances",1,0,,,,,,,703329697,,,
variation,"B9 2",,"Manga Estilo Belga - Nivel 2 / Lino Frances",1,,visible,,,taxable,parent,1,3,1,1,0,,,,,,,,86500.00,,,,,,,B9,,,,,,,,Nivel,"Nivel 2",1,0,,Material,"Lino Frances",1,0,,,,,,,703329697,,,
variation,"B9 1-S",,"Manga Estilo Belga - Nivel 1 / Lino Frances",1,,visible,,,taxable,parent,1,1,1,1,0,,,,,,,,57000.00,,,,,,,B9,,,,,,,,Nivel,"Nivel 1",1,0,,Material,"Lino Frances",1,0,,,,,,,703329697,,,
simple,60222,,"Manga Estilo Belga",-1,1,hidden,,,taxable,,0,,,0,0,0.0,0.0,0.0,0.0,1,,,0.00,,,,,,,,,,,,,21,,Nivel,"1, 2, 3, 4, 5, Full Set",1,0,,Material,"Yute, Lino Frances",1,0,,,,,,,797678667,https://www.specialk9.com/Manga-Estilo-Belga-p797678667,"Manga Estilo Belga",
simple,"D004 B",,"Manga Oculta",1,0,visible,,"<details><summary>Descripción</summary><section><p>Manga oculta</p><p>Disponible en color azul</p><p>Material sintético</p></section></details><details><summary>Garantía</summary><section><div>Garantía por defectos de fábrica. Cortes no serán contemplados dentro de la garantía.</div><div><strong>Devoluciones</strong></div><div>Se realiza cambio si el producto presenta defecto de fábrica. </div><div>No se hacen reembolsos, se hacen cambios por productos disponibles, completando el mismo monto cancelado.</div></section></details><p><br></p>",taxable,,1,0,1,1,0,0.9,0.0,0.0,0.0,1,,,96000.00,"Mangas y Pierneras, Todos los Productos",,,"https://d2j6dbq0eux0bg.cloudfront.net/images/104219285/4553289429.png, https://d2j6dbq0eux0bg.cloudfront.net/images/104219285/4596674326.jpg, https://d2j6dbq0eux0bg.cloudfront.net/images/104219285/4596674331.jpg",,,,,,,,,,Rok9,,,,,,,,,,,,,,,,697534950,https://www.specialk9.com/Manga-Oculta-p697534950,"Manga Oculta","Descripción Manga oculta Disponible en color azul Material sintético Garantía Garantía por defectos de fábrica. Cortes no serán contemplados dentro de la garantía. Devoluciones Se realiza cambio si el producto presenta defecto de fábrica. No se hacen reembolsos, se hacen cambios por productos…"
variable,B41,,"Manga para Mordida Oculta Sintético",1,1,visible,,"<details><summary>Descripción</summary><section><p>Esta manga de mordida cubierta de lino frances ofrece protección efectiva sin el volumen de una manga tradicional.</p><p>Cuenta con cuatro correas ajustables de velcro en el exterior y acolchado interno para mayor comodidad. Es ideal para entrenar al perro a morder “de verdad”, ya que puede usarse debajo de la ropa sin ser visible.</p><p>Disponible en:</p><ul><li>REG – Regular</li><li>GNLT – incluye un guantelete interno de plástico rígido integrado</li></ul></section></details>",taxable,,,,,,0,0.0,0.0,0.0,0.0,1,,,,"Mangas y Pierneras, Todos los Productos",,,https://d2j6dbq0eux0bg.cloudfront.net/images/104219285/products/826642749/5684140651.jpg,,,,,,,,,42,"Elite K9",Variante,"Regular, Guantelete",1,0,,,,,,,,,,,,826642749,https://www.specialk9.com/Manga-para-Mordida-Oculta-Sintetico-p826642749,"Manga para Mordida Oculta Sintético","Descripción Esta manga de mordida cubierta de lino frances ofrece protección efectiva sin el volumen de una manga tradicional. Cuenta con cuatro correas ajustables de velcro en el exterior y acolchado interno para mayor comodidad. Es ideal para entrenar al perro a morder “de verdad”, ya que puede…"
variation,"B41 GNLT",,"Manga para Mordida Oculta Sintético - Guantelete",1,,visible,,,taxable,parent,1,0,1,1,0,,,,,,,,145750.00,,,,,,,B41,,,,,,,,Variante,Guantelete,1,0,,,,,,,,,,,,826642749,,,
variation,"B41 REG",,"Manga para Mordida Oculta Sintético - Regular",1,,visible,,,taxable,parent,1,0,1,1,0,,,,,,,,145750.00,,,,,,,B41,,,,,,,,Variante,Regular,1,0,,,,,,,,,,,,826642749,,,
variable,B29,,"Manga Perfector",1,0,visible,,"<details><summary>Descripción</summary><section><p>Manga Perfector con Funda reemplazable</p><p>La funda Perfector con funda sintética reemplazable permite colocar el brazo en la posición ideal para que el perro muerda. Proporciona automáticamente el ángulo adecuado sin esfuerzo. Esta funda para mordidas es liviana y está diseñada para poder trabajar incluso con los perros más avanzados.<br></p></section></details><details><summary>Garantía</summary><section><div>Garantía por defectos de fábrica. Cortes no serán contemplados dentro de la garantía.</div><div><strong>Devoluciones</strong></div><div>Se realiza cambio si el producto presenta defecto de fábrica. </div><p>No se hacen reembolsos, se hacen cambios por productos disponibles, completando el mismo monto cancelado.</p></section></details><p><br></p>",taxable,,,,,,0,4.0,0.0,0.0,0.0,1,,,,"Mangas y Pierneras, Todos los Productos",,,https://d2j6dbq0eux0bg.cloudfront.net/images/104219285/4542186061.jpg,,,,,,,,,,"Elite K9",Orientacion,"Izquierda, Derecha",1,0,,,,,,,,,,,,794633042,https://www.specialk9.com/Manga-Perfector-p794633042,"Manga Perfector","Descripción Manga Perfector con Funda reemplazable La funda Perfector con funda sintética reemplazable permite colocar el brazo en la posición ideal para que el perro muerda. Proporciona automáticamente el ángulo adecuado sin esfuerzo. Esta funda para mordidas es liviana y está diseñada para poder…"
variation,"B29 R",,"Manga Perfector - Derecha",1,,visible,,,taxable,parent,1,0,1,1,0,,,,,,,,165000.00,,,,,,,B29,,,,,,,,Orientacion,Derecha,1,0,,,,,,,,,,,,794633042,,,
variation,"B29 L",,"Manga Perfector - Izquierda",1,,visible,,,taxable,parent,1,1,1,1,0,,,,,,,,165000.00,,,,,,,B29,,,,,,,,Orientacion,Izquierda,1,0,,,,,,,,,,,,794633042,,,
simple,B20,,"Manga Police",1,0,visible,,"<details><summary>Descripción</summary><section><p>Manga en material de yute, para uso en perros de nivel intermedio a avanzado. Cuenta con un asa en la parte posterior del brazo para ayudar a tirar del perro. El interior está forrado con una cómoda tela de algodón y el mango tiene una suave funda de espuma. Esta manga no tiene funda o cobertor extraíble.</p></section></details><details><summary>Garantía</summary><section><div>Garantía por defectos de fábrica. Cortes no serán contemplados dentro de la garantía.</div><div><strong>Devoluciones</strong></div><div>Se realiza cambio si el producto presenta defecto de fábrica. </div><p>No se hacen reembolsos, se hacen cambios por productos disponibles, completando el mismo monto cancelado.</p></section></details>",taxable,,1,0,1,1,0,4.0,0.0,0.0,0.0,1,,,181000.00,"Mangas y Pierneras, Todos los Productos",,,https://d2j6dbq0eux0bg.cloudfront.net/images/104219285/4553428550.jpg,,,,,,,,,,"Elite K9",,,,,,,,,,,,,,,,697593398,https://www.specialk9.com/Manga-Police-p697593398,"Manga Police","Descripción Manga en material de yute, para uso en perros de nivel intermedio a avanzado. Cuenta con un asa en la parte posterior del brazo para ayudar a tirar del perro. El interior está forrado con una cómoda tela de algodón y el mango tiene una suave funda de espuma. Esta manga no tiene funda o…"
simple,B25,,"Manga Revolution",1,0,visible,,"<details><summary>Descripción</summary><section><p>Manga Revolution</p><p>Capa externa con material de yute.</p><p>Marca Elite K9</p></section></details><details><summary>Garantía</summary><section><div>Garantía por defectos de fábrica. Cortes no serán contemplados dentro de la garantía.</div><div><strong>Devoluciones</strong></div><div>Se realiza cambio si el producto presenta defecto de fábrica. </div><div>No se hacen reembolsos, se hacen cambios por productos disponibles, completando el mismo monto cancelado.</div></section></details><p><br></p>",taxable,,1,1,1,0,0,3.0,0.0,0.0,0.0,1,,,99500.00,"Mangas y Pierneras, Todos los Productos",,,https://d2j6dbq0eux0bg.cloudfront.net/images/104219285/4553431349.jpg,,,,,,,,,,"Elite K9",,,,,,,,,,,,,,,,697603121,https://www.specialk9.com/Manga-Revolution-p697603121,"Manga Revolution","Descripción Manga Revolution Capa externa con material de yute. Marca Elite K9 Garantía Garantía por defectos de fábrica. Cortes no serán contemplados dentro de la garantía. Devoluciones Se realiza cambio si el producto presenta defecto de fábrica. No se hacen reembolsos, se hacen cambios por…"
variable,TBH1,,"Manguera de Arenado para Recompensa",1,1,visible,,"<details><summary>Descripción</summary><section><p>Juguete de recompensa fabricado con un tramo de manguera de arenado resistente, ideal para entrenamiento, juego interactivo y motivación en perros de trabajo o alto impulso.<br></p><ul><li>Material resistente tipo manguera industrial de arenado</li><li>Excelente como juguete de tira y afloja (“tug”) de recompensa</li><li>No está diseñado como juguete de mordida permanente ni para dejar al perro sin supervisión</li></ul><p><br></p></section></details><details><summary>Medidas</summary><section><p>12"" (30.48 cm) x 1-1/8"" (2.85 cm)<br><br></p><p>12"" (30.48 cm) x 1-7/8"" (4.76 cm)</p></section></details>",taxable,,,,,,0,0.185,0.0,0.0,0.0,1,,,,"Recompensas, Todos los Productos",,,"https://d2j6dbq0eux0bg.cloudfront.net/images/104219285/products/835890579/5768121345.jpg, https://d2j6dbq0eux0bg.cloudfront.net/images/104219285/products/835890579/5768134056.jpg, https://d2j6dbq0eux0bg.cloudfront.net/images/104219285/products/835890579/5768121351.jpg, https://d2j6dbq0eux0bg.cloudfront.net/images/104219285/products/835890579/5768128559.jpg, https://d2j6dbq0eux0bg.cloudfront.net/images/104219285/products/835890579/5768121363.jpg",,,,,,,,,57,"Elite K9",Grosor,"1-1/8"", 1-7/8""",1,0,,,,,,,,,,,,835890579,https://www.specialk9.com/Manguera-de-Arenado-para-Recompensa-p835890579,"Manguera de Arenado para Recompensa","Descripción Juguete de recompensa fabricado con un tramo de manguera de arenado resistente, ideal para entrenamiento, juego interactivo y motivación en perros de trabajo o alto impulso. Material resistente tipo manguera industrial de arenado Excelente como juguete de tira y afloja (“tug”) de…"
variation,TBH12X,,"Manguera de Arenado para Recompensa - 1-7/8""",1,,visible,,,taxable,parent,1,0,1,1,0,,,,,,,,31000.00,,,,,,,TBH1,,,,,,,,Grosor,"1-7/8""",1,0,,,,,,,,,,,,835890579,,,
variation,TBH12,,"Manguera de Arenado para Recompensa - 1-1/8""",1,,visible,,,taxable,parent,1,3,1,1,0,,,,,,,,29500.00,,,,,,,TBH1,,,,,,,,Grosor,"1-1/8""",1,0,,,,,,,,,,,,835890579,,,
simple,TE9001073,,"Marco superior de Barrera de Salto",1,1,visible,,"<details><summary>Descripción</summary><section><div><p>Tejidos de polímero reforzado de alta densidad.<br>Construcción de aluminio y aceroDimensiones estándar para  competición, pruebas y entrenamiento.</p><div></div></div><p>Para entrenamiento de Schutzhund y agility.</p><div>Dimensiones: <br>Longitud: 150 cm <br>Peso: 3 kg</div></section></details><details><summary>Garantía</summary><section><div>Garantía por defectos de fábrica. Cortes y mordeduras no serán contemplados dentro de la garantía.</div><div><strong>Devoluciones</strong></div><div>Se realiza cambio si el producto presenta defecto de fábrica.</div></section></details>",taxable,,1,0,1,1,0,3.5,0.0,0.0,0.0,1,,,165000.00,"Todos los Productos, Disciplinas",,,"https://d2j6dbq0eux0bg.cloudfront.net/images/104219285/4934352133.jpg, https://d2j6dbq0eux0bg.cloudfront.net/images/104219285/4934353600.jpg, https://d2j6dbq0eux0bg.cloudfront.net/images/104219285/4934357597.jpg",,,,,,,,,12,"For Dog Trainers",,,,,,,,,,,,,,,,752771672,https://www.specialk9.com/Marco-superior-de-Barrera-de-Salto-p752771672,"Marco superior de Barrera de Salto","Descripción Tejidos de polímero reforzado de alta densidad. Construcción de aluminio y aceroDimensiones estándar para competición, pruebas y entrenamiento. Para entrenamiento de Schutzhund y agility. Dimensiones: Longitud: 150 cm Peso: 3 kg Garantía Garantía por defectos de fábrica. Cortes y…"
simple,TE5001073,,"Mini Mampára",1,1,visible,,"<details><summary>Descripción</summary><section><p>Esta mampara mini es ligera y puede ser transportada fácilmente por una sola persona. Tiene un sistema de cierres especiales y puntas afiladas para que no se preocupe de que este equipo deportivo canino se caiga e interrumpa el proceso de entrenamiento.</p><p>Dimensiones <br>Ancho: 70 cm (27.5 pulgadas)<br>Alto: 120 cm (47.2 pulgadas)</p><p>Peso: 2.1 Kg</p></section></details><details><summary>Garantía</summary><section><div>Garantía por defectos de fábrica. Cortes y mordeduras no serán contemplados dentro de la garantía.</div><div><strong>Devoluciones</strong></div><div>Se realiza cambio si el producto presenta defecto de fábrica.</div></section></details>",taxable,,1,0,1,1,0,2.1,0.0,0.0,0.0,1,,,154000.00,"Todos los Productos, Disciplinas",,,"https://d2j6dbq0eux0bg.cloudfront.net/images/104219285/4930104793.jpg, https://d2j6dbq0eux0bg.cloudfront.net/images/104219285/4930086217.jpg, https://d2j6dbq0eux0bg.cloudfront.net/images/104219285/4930104788.jpg, https://d2j6dbq0eux0bg.cloudfront.net/images/104219285/4930086222.jpg",,,,,,,,,13,"For Dog Trainers",,,,,,,,,,,,,,,,752322381,https://www.specialk9.com/Mini-Mampara-p752322381,"Mini Mampára","Descripción Esta mampara mini es ligera y puede ser transportada fácilmente por una sola persona. Tiene un sistema de cierres especiales y puntas afiladas para que no se preocupe de que este equipo deportivo canino se caiga e interrumpa el proceso de entrenamiento. Dimensiones Ancho: 70 cm (27.5…"
simple,Pro-MEAT,,"Molida de Pollo Pastoreo",1,1,visible,,"<details><summary>Descripción </summary><section><p><strong>Alimento Complementario Natural para Perros y Gatos</strong></p><p><strong>Cada Kilo se vendo por 2000</strong></p><p>Nuestra <strong>Molida de Pollo 100% de Pastoreo</strong> es un alimento simple y natural, elaborado únicamente con pollo libres de jaulas, granos ni conservantes o agroquímicos. Está pensada para complementar la dieta diaria de tu perro o gato con ingredientes reales y mínimamente procesados.</p><p>Puede servirse <strong>cruda o cocida</strong>, según las preferencias y necesidades de cada mascota. También puede usarse para preparar <strong>caldos naturales</strong>, ideales para hidratar comidas o como fuente adicional de colágeno y sabor.</p><p>Este producto <strong>no constituye una dieta balanceada completa</strong>, pero es un excelente complemento dentro de un plan de alimentación cruda o natural. También puede ofrecerse como premio, refuerzo durante el entrenamiento o como topper sobre la comida habitual.</p></section></details><details><summary><h3>Manejo y conservación</h3></summary><section><p>Mantén el producto <strong>congelado hasta su uso</strong>. Para descongelar, colócalo en el <strong>refrigerador</strong> y deja que se descongele lentamente.<br> Una vez descongelado, <strong>no volver a congelar</strong>.<br> Debe mantenerse refrigerado y consumirse en un máximo de <strong>72 horas</strong>.<br> Como todo alimento crudo, manipúlalo con <strong>buenas prácticas de higiene</strong>: lava las manos, utensilios y superficies después de cada uso.</p></section></details>",taxable,,1,,,0,0,1.0,0.0,0.0,0.0,1,,,2000.00,"Alimentos & Suplementos, Alimentos & Suplementos > Alimentación",,,https://d2j6dbq0eux0bg.cloudfront.net/images/104219285/products/795063386/5581818894.png,,,,,,,,,18,,,,,,,,,,,,,,,,,795063386,https://www.specialk9.com/Molida-de-Pollo-Pastoreo-p795063386,"Molida de Pollo Pastoreo","Descripción Alimento Complementario Natural para Perros y Gatos Cada Kilo se vendo por 2000 Nuestra Molida de Pollo 100% de Pastoreo es un alimento simple y natural, elaborado únicamente con pollo libres de jaulas, granos ni conservantes o agroquímicos. Está pensada para complementar la dieta diaria…"
variable,T08,,"Mordedor 8""",1,0,visible,,"<details><summary>Descripción</summary><section><p>Mordedor Lino Frances: lino francés de alta calidad con costuras de alta calidad. Son duraderos son excelentes herramientas y recompensas para generar impulso. Están hechos del mismo material que nuestros trajes de mordida.</p><p>Mordedor de manguera contra incendios: están hechos de un material de nailon resistente, duradero, pero no indestructible, que no tiene metal ni chirridos y es seguro y resistente.</p><p>Mordedor Yute: fabricado en yute de alta calidad con costuras de alta calidad.</p><p>Mide 1½"" de ancho x 3/4"" de espesor y cuenta con un asa. Tiene un largo de 8"" pulgadas.</p></section></details><details><summary>Garantía</summary><section><div>Garantía por defectos de fábrica. Cortes y mordeduras no serán contemplados dentro de la garantía.</div><div><strong>Devoluciones</strong></div><div>Se realiza cambio si el producto presenta defecto de fábrica.</div><p>No se hacen reembolsos, se hacen cambios por productos disponibles, completando el mismo monto cancelado.</p></section></details><p><br></p>",taxable,,,,,,0,0.0,0.0,0.0,0.0,1,,,,"Recompensas > Mordedores, Todos los Productos",,,"https://d2j6dbq0eux0bg.cloudfront.net/images/104219285/products/695627664/4540387938.jpg, https://d2j6dbq0eux0bg.cloudfront.net/images/104219285/products/695627664/4540387943.jpg, https://d2j6dbq0eux0bg.cloudfront.net/images/104219285/products/695627664/4540390126.jpg",,,,,,,,,,"Elite K9",Material,"Yute, Lino Francés, Nylon Reforzado",1,0,,,,,,,,,,,,695627664,https://www.specialk9.com/Mordedor-8-p695627664,"Mordedor 8""","Descripción Mordedor Lino Frances: lino francés de alta calidad con costuras de alta calidad. Son duraderos son excelentes herramientas y recompensas para generar impulso. Están hechos del mismo material que nuestros trajes de mordida. Mordedor de manguera contra incendios: están hechos de un…"
variation,TF08,,"Mordedor 8"" - Nylon Reforzado",1,,visible,,,taxable,parent,1,0,1,1,0,,,,,,,,11500.00,,,,,,,T08,,,,,,,,Material,"Nylon Reforzado",1,0,,,,,,,,,,,,695627664,,,
variation,TS08,,"Mordedor 8"" - Lino Francés",1,,visible,,,taxable,parent,1,0,1,1,0,,,,,,,,11500.00,,,,,,,T08,,,,,,,,Material,"Lino Francés",1,0,,,,,,,,,,,,695627664,,,
variation,TJ08,,"Mordedor 8"" - Yute",1,,visible,,,taxable,parent,1,0,1,1,0,,,,,,,,11500.00,,,,,,,T08,,,,,,,,Material,Yute,1,0,,,,,,,,,,,,695627664,,,
simple,TE21,TE21,"Mordedor de bolsillo de yute",1,0,visible,,"<details><summary>Descripción</summary><section>Tiene forma de almohada pequeña. Ocupa poco espacio en tu bolso, así que puedes llevarlo contigo y continuar el entrenamiento de tu cachorro dondequiera que vayas.<p><br></p>
<ul><li>Hecho de yute. </li><li>Cosido a mano.</li><li>Materiales naturales.</li><li>Con un asa.</li><li>Tamaño de bolsillo.</li><li>Relleno adecuado.</li></ul><p>Medidas: 9cm x 8,5cm (3,5 x 3,25 pulgadas)</p></section></details><details><summary>Garantía</summary><section><p>Garantía por defectos de fábrica. Cortes y mordeduras no serán contemplados dentro de la garantía.</p></section></details><details><summary>Devoluciones</summary><section><div>Se realiza cambio si el producto presenta defecto de fábrica.</div><div>Muy respetuosamente pedimos que, al momento de solicitarnos un producto, tenga las medidas necesarias.</div><div>No se hacen reembolsos, se hacen cambios por productos disponibles, completando el mismo monto cancelado.</div></section></details>",taxable,,1,2,1,1,0,0.1,0.0,0.0,0.0,1,,,7500.00,"Recompensas > Mordedores, Todos los Productos",,,"https://d2j6dbq0eux0bg.cloudfront.net/images/104219285/4938998862.jpg, https://d2j6dbq0eux0bg.cloudfront.net/images/104219285/4938998867.jpg, https://d2j6dbq0eux0bg.cloudfront.net/images/104219285/4939009080.jpg",,,,,,,,,,"For Dog Trainers",,,,,,,,,,,,,,,,753485704,https://www.specialk9.com/Mordedor-de-bolsillo-de-yute-p753485704,"Mordedor de bolsillo de yute","Descripción Tiene forma de almohada pequeña. Ocupa poco espacio en tu bolso, así que puedes llevarlo contigo y continuar el entrenamiento de tu cachorro dondequiera que vayas. 
 Hecho de yute. Cosido a mano. Materiales naturales. Con un asa. Tamaño de bolsillo. Relleno adecuado. Medidas: 9cm x 8,5cm…"
variable,TL,,"Mordedor de Cuero Plano",1,0,visible,,"<details><summary>Descripción</summary><section><p>El mordedor de cuero plano tiene 1½"" de ancho x 3/4"" de espesor con una superficie de mordida de 12"" o de 16"" y cuenta con dos asas. Cuero de alta calidad</p><p>Tamaño:</p><ul><li>12"" de largo</li><li>16"" de largo</li></ul></section></details><details><summary>Garantía</summary><section><p>Introduzca la descripción del bloque. El texto de la descripción se ocultará bajo el título para ahorrar espacio y hacer que la página del producto sea más escaneable. Para leer el texto, sus clientes tendrán que expandir el bloque contraído.</p></section></details><details><summary>Garantía </summary><section><div>Garantía por defectos de fábrica. Cortes y mordeduras no serán contemplados dentro de la garantía.</div><div><strong>Devoluciones</strong></div><div>Se realiza cambio si el producto presenta defecto de fábrica.</div><div>Muy respetuosamente pedimos que, al momento de solicitarnos un producto, tenga las medidas necesarias.</div><div>No se hacen reembolsos, se hacen cambios por productos disponibles, completando el mismo monto cancelado.</div></section></details>",taxable,,,,,,0,0.1,0.0,0.0,0.0,1,,,,"Recompensas > Mordedores, Todos los Productos",,,"https://d2j6dbq0eux0bg.cloudfront.net/images/104219285/4541115286.jpg, https://d2j6dbq0eux0bg.cloudfront.net/images/104219285/4541114775.jpg",,,,,,,,,,"Elite K9",Tamaño,"12"", 16""",1,0,,,,,,,,,,,,695756060,https://www.specialk9.com/Mordedor-de-Cuero-Plano-p695756060,"Mordedor de Cuero Plano","Descripción El mordedor de cuero plano tiene 1½"" de ancho x 3/4"" de espesor con una superficie de mordida de 12"" o de 16"" y cuenta con dos asas. Cuero de alta calidad Tamaño: 12"" de largo 16"" de largo Garantía Introduzca la descripción del bloque. El texto de la descripción se ocultará bajo el…"
variation,TL16F,,"Mordedor de Cuero Plano - 16""",1,,visible,,,taxable,parent,1,0,1,1,0,,,,,,,,26500.00,,,,,,,TL,,,,,,,,Tamaño,"16""",1,0,,,,,,,,,,,,695756060,,,
variation,TL12F,,"Mordedor de Cuero Plano - 12""",1,,visible,,,taxable,parent,1,1,1,1,0,,,,,,,,22100.00,,,,,,,TL,,,,,,,,Tamaño,"12""",1,0,,,,,,,,,,,,695756060,,,
variable,TJ12R,,"Mordedor de Yute en forma de Cilindro",1,1,visible,,"<p>Este mordedor está fabricado con yute enrollado plano de alta resistencia. Sus dimensiones aproximadas son de 2"" de diámetro x 12"" de largo.</p> <h3><span style=""font-size: 18px;"">Opciones disponibles</span></h3> <ul> <li> <strong>TJ12R-02</strong> – Grosor de 1-3/4"" y sin asas </li> <li> <strong>TJ12R-12</strong> – Grosor de 1-3/4"" con una asa </li> <li> <strong>TJ12R-22</strong> – Grosor de 1-3/4"" con dos asas </li> </ul> <p>Fabricado con yute de alta calidad y costuras reforzadas para mayor durabilidad.</p><p>Estos mordedores de larga duración son excelentes herramientas para desarrollar drive, motivación y recompensa durante entrenamientos caninos.</p>",taxable,,,,,,0,0.2,0.0,0.0,0.0,1,,,,"Recompensas, Recompensas > Mordedores, Todos los Productos",,,"https://d2j6dbq0eux0bg.cloudfront.net/images/104219285/products/837186858/5780543324.jpg, https://d2j6dbq0eux0bg.cloudfront.net/images/104219285/products/837186858/5780540427.jpg",,,,,,,,,66,,Agarres,"Sin Agarres, 1 Agarre, 2 Agarres",1,0,,,,,,,,,,,,837186858,https://www.specialk9.com/Mordedor-de-Yute-en-forma-de-Cilindro-p837186858,"Mordedor de Yute en forma de Cilindro","Este mordedor está fabricado con yute enrollado plano de alta resistencia. Sus dimensiones aproximadas son de 2"" de diámetro x 12"" de largo. Opciones disponibles TJ12R-02 – Grosor de 1-3/4"" y sin asas TJ12R-12 – Grosor de 1-3/4"" con una asa TJ12R-22 – Grosor de 1-3/4"" con dos asas Fabricado con yute…"
variation,"TJ12R - 22",,"Mordedor de Yute en forma de Cilindro - 2 Agarres",1,,visible,,,taxable,parent,1,0,1,1,0,,,,,,,,36500.00,,,,,,,TJ12R,,,,,,,,Agarres,"2 Agarres",1,0,,,,,,,,,,,,837186858,,,
variation,"TJ12R - 12",,"Mordedor de Yute en forma de Cilindro - 1 Agarre",1,,visible,,,taxable,parent,1,1,1,1,0,,,,,,,,35000.00,,,,,,,TJ12R,,,,,,,,Agarres,"1 Agarre",1,0,,,,,,,,,,,,837186858,,,
variation,"TJ12R - 02",,"Mordedor de Yute en forma de Cilindro - Sin Agarres",1,,visible,,,taxable,parent,1,0,1,1,0,,,,,,,,32700.00,,,,,,,TJ12R,,,,,,,,Agarres,"Sin Agarres",1,0,,,,,,,,,,,,837186858,,,
simple,TJB12,,"Mordedor de Yute Redondo",1,0,visible,,"<details><summary>Descripción</summary><section><p>Una herramienta esencial diseñada para el adiestramiento canino profesional, especialmente diseñado para perros policía y de protección. Fabricado con precisión y durabilidad, este desarrollador de mordida es un componente crucial para mejorar las habilidades de mordida de su perro.</p><p>Medidas: 30 cm de largo y grosor de 12 cm</p></section></details><details><summary>Garantía</summary><section><p>Garantía por defectos de fábrica. Cortes y mordeduras no serán contemplados dentro de la garantía.</p></section></details><details><summary>Devoluciones</summary><section><div>Se realiza cambio si el producto presenta defecto de fábrica.</div><div>Muy respetuosamente pedimos que, al momento de solicitarnos un producto, tenga las medidas necesarias.</div><div>No se hacen reembolsos, se hacen cambios por productos disponibles, completando el mismo monto cancelado.</div></section></details>",taxable,,1,1,1,1,0,0.6,0.0,0.0,0.0,1,,,43500.00,"Recompensas > Mordedores, Todos los Productos",,,"https://d2j6dbq0eux0bg.cloudfront.net/images/104219285/4846415021.jpg, https://d2j6dbq0eux0bg.cloudfront.net/images/104219285/4846415026.jpg, https://d2j6dbq0eux0bg.cloudfront.net/images/104219285/4846411202.jpg",,,,,,,,,,"Elite K9",,,,,,,,,,,,,,,,739527465,https://www.specialk9.com/Mordedor-de-Yute-Redondo-p739527465,"Mordedor de Yute Redondo","Descripción Una herramienta esencial diseñada para el adiestramiento canino profesional, especialmente diseñado para perros policía y de protección. Fabricado con precisión y durabilidad, este desarrollador de mordida es un componente crucial para mejorar las habilidades de mordida de su perro.…"
variable,TS12,,"Mordedor Lino Francés 12""",1,0,visible,,"<p>Descripción</p><details><section><p>Hecho de lino francés y con costuras de alta calidad.</p><p>Estos mordedores duraderos son excelentes herramientas y recompensas para generar impulso.<br>Los mordedores sintéticos están hechos del mismo material que nuestros trajes de mordida.</p><p>Mide 12 pulgadas de largo.<br></p></section></details><details><summary>Garantía</summary><section><div>Garantía por defectos de fábrica. Cortes y mordeduras no serán contemplados dentro de la garantía.</div><div><strong>Devoluciones</strong></div><div>Se realiza cambio si el producto presenta defecto de fábrica.</div><div>Muy respetuosamente pedimos que, al momento de solicitarnos un producto, tenga las medidas necesarias.</div><div>No se hacen reembolsos, se hacen cambios por productos disponibles, completando el mismo monto cancelado.</div></section></details><p><br></p>",taxable,,,,,,0,0.24,0.0,0.0,0.0,1,,,,"Recompensas > Mordedores, Todos los Productos",,,https://d2j6dbq0eux0bg.cloudfront.net/images/104219285/products/695627665/4540395800.jpg,,,,,,,,,,"Elite K9",Grosor,"1"" Grosor, 2   1/4"" Grosor",1,0,,Agarre,"1 Agarre, 2 Agarres",1,0,,,,,,,695627665,https://www.specialk9.com/Mordedor-Lino-Frances-12-p695627665,"Mordedor Lino Francés 12""","Descripción Hecho de lino francés y con costuras de alta calidad. Estos mordedores duraderos son excelentes herramientas y recompensas para generar impulso. Los mordedores sintéticos están hechos del mismo material que nuestros trajes de mordida. Mide 12 pulgadas de largo. Garantía Garantía por…"
variation,"TS12 23",,"Mordedor Lino Francés 12"" - 2   1/4"" Grosor / 2 Agarres",1,,visible,,,taxable,parent,1,0,1,1,0,,,,,,,,21200.00,,,,,,,TS12,,,,,,,,Grosor,"2   1/4"" Grosor",1,0,,Agarre,"2 Agarres",1,0,,,,,,,695627665,,,
variation,"TS12 21",,"Mordedor Lino Francés 12"" - 2   1/4"" Grosor / 1 Agarre",1,,visible,,,taxable,parent,1,0,1,1,0,,,,,,,,20500.00,,,,,,,TS12,,,,,,,,Grosor,"2   1/4"" Grosor",1,0,,Agarre,"1 Agarre",1,0,,,,,,,695627665,,,
variation,"TS12 11",,"Mordedor Lino Francés 12"" - 1"" Grosor / 1 Agarre",1,,visible,,,taxable,parent,1,0,1,1,0,,,,,,,,16000.00,,,,,,,TS12,,,,,,,,Grosor,"1"" Grosor",1,0,,Agarre,"1 Agarre",1,0,,,,,,,695627665,,,
simple,TRB012,,"Mordedor Naranja Flotante",1,0,visible,,"<details><summary>Descripción</summary><section><p>Es de plástico con nudos, tienen una válvula de aire que ajusta el peso y la flotabilidad. Suave y flexible, pero lo suficientemente resistente como para soportar mordidas fuertes.</p><p>Medida<br>11"" de largo x 2"" de grosor<br>Cuerda de 10"" de largo con mango en T</p></section></details><details><summary>Garantía</summary><section><div>Garantía por defectos de fábrica. Cortes y mordeduras no serán contemplados dentro de la garantía.</div><div><strong>Devoluciones</strong></div><div>Se realiza cambio si el producto presenta defecto de fábrica. </div><p>No se hacen reembolsos, se hacen cambios por productos disponibles, completando el mismo monto cancelado.</p></section></details><p><br></p>",taxable,,1,0,1,1,0,0.3,0.0,0.0,0.0,1,,,13600.00,"Recompensas, Recompensas > Mordedores, Todos los Productos",,,https://d2j6dbq0eux0bg.cloudfront.net/images/104219285/4540390036.jpg,,,,,,,,,,"Elite K9",,,,,,,,,,,,,,,,695627661,https://www.specialk9.com/Mordedor-Naranja-Flotante-p695627661,"Mordedor Naranja Flotante","Descripción Es de plástico con nudos, tienen una válvula de aire que ajusta el peso y la flotabilidad. Suave y flexible, pero lo suficientemente resistente como para soportar mordidas fuertes. Medida 11"" de largo x 2"" de grosor Cuerda de 10"" de largo con mango en T Garantía Garantía por defectos de…"
variable,"TFR TFB TF TFO",,"Mordedor Nylon Reforzado 12""",1,0,visible,,"<details><summary>Descripción</summary><section><p>El mordedor está hecho de un material de nailon resistente, duradero, pero no indestructible, es seguro y resistente.</p></section></details><details><summary>Garantía</summary><section><div>Garantía por defectos de fábrica. Cortes y mordeduras no serán contemplados dentro de la garantía.</div><div><strong>Devoluciones</strong></div><div>Se realiza cambio si el producto presenta defecto de fábrica. </div><div>Muy respetuosamente pedimos que, al momento de solicitarnos un producto, tenga las medidas necesarias.</div><div>No se hacen reembolsos, se hacen cambios por productos disponibles, completando el mismo monto cancelado.</div></section></details>",taxable,,,,,,0,0.24,0.0,0.0,0.0,1,,,,"Recompensas, Recompensas > Mordedores, Todos los Productos",,,"https://d2j6dbq0eux0bg.cloudfront.net/images/104219285/4540387928.png, https://d2j6dbq0eux0bg.cloudfront.net/images/104219285/4540395793.jpg, https://d2j6dbq0eux0bg.cloudfront.net/images/104219285/4540390111.jpg, https://d2j6dbq0eux0bg.cloudfront.net/images/104219285/4540390116.jpg",,,,,,,,,,"Elite K9",Color,"Rojo, Azul, Naranja, Blanco",1,0,,,,,,,,,,,,695627662,https://www.specialk9.com/Mordedor-Nylon-Reforzado-12-p695627662,"Mordedor Nylon Reforzado 12""","Descripción El mordedor está hecho de un material de nailon resistente, duradero, pero no indestructible, es seguro y resistente. Garantía Garantía por defectos de fábrica. Cortes y mordeduras no serán contemplados dentro de la garantía. Devoluciones Se realiza cambio si el producto presenta defecto…"
variation,TF12233,,"Mordedor Nylon Reforzado 12"" - Blanco",1,,visible,,,taxable,parent,1,0,1,1,0,,,,,,,,21500.00,,,,,,,"TFR TFB TF TFO",,,,,,,,Color,Blanco,1,0,,,,,,,,,,,,695627662,,,
variation,TFO1223,,"Mordedor Nylon Reforzado 12"" - Naranja",1,,visible,,,taxable,parent,1,0,1,1,0,,,,,,,,21500.00,,,,,,,"TFR TFB TF TFO",,,,,,,,Color,Naranja,1,0,,,,,,,,,,,,695627662,,,
variation,TFB1223,,"Mordedor Nylon Reforzado 12"" - Azul",1,,visible,,,taxable,parent,1,0,1,1,0,,,,,,,,21500.00,,,,,,,"TFR TFB TF TFO",,,,,,,,Color,Azul,1,0,,,,,,,,,,,,695627662,,,
variation,TFR1223,,"Mordedor Nylon Reforzado 12"" - Rojo",1,,visible,,,taxable,parent,1,0,1,1,0,,,,,,,,21500.00,,,,,,,"TFR TFB TF TFO",,,,,,,,Color,Rojo,1,0,,,,,,,,,,,,695627662,,,
simple,"TSB100 M",,"Mordedor Ovalado Sintético",1,0,visible,,"<details><summary>Descripción</summary><section><div>Mordedor sintético de dos asas, ovalado estilo fútbol americano.</div><div>Cubierta sintética con una suave bola de compresión en el interior.</div><div>Este tirador es más suave que otros tiradores sintéticos.</div><div><strong>Talla M</strong></div><div>Longitud total de 74 cm</div><div>La bola de tirador mide 23 cm de largo x 12,7 cm de grosor</div><div>Cada asa mide 25 cm de largo y tiene un agarre en T</div></section></details><details><summary>Garantía</summary><section><p>Garantía por defectos de fábrica. Cortes y mordeduras no serán contemplados dentro de la garantía.</p></section></details><details><summary>Devoluciones</summary><section><div>Se realiza cambio si el producto presenta defecto de fábrica.</div><div>Muy respetuosamente pedimos que, al momento de solicitarnos un producto, tenga las medidas necesarias.</div><div>No se hacen reembolsos, se hacen cambios por productos disponibles, completando el mismo monto cancelado.</div></section></details>",taxable,,1,1,1,0,0,0.6,0.0,0.0,0.0,1,,,29500.00,"Recompensas > Mordedores, Todos los Productos",,,"https://d2j6dbq0eux0bg.cloudfront.net/images/104219285/4846475790.jpg, https://d2j6dbq0eux0bg.cloudfront.net/images/104219285/4846475795.jpg",,,,,,,,,,"Elite K9",,,,,,,,,,,,,,,,739585001,https://www.specialk9.com/Mordedor-Ovalado-Sintetico-p739585001,"Mordedor Ovalado Sintético","Descripción Mordedor sintético de dos asas, ovalado estilo fútbol americano. Cubierta sintética con una suave bola de compresión en el interior. Este tirador es más suave que otros tiradores sintéticos. Talla M Longitud total de 74 cm La bola de tirador mide 23 cm de largo x 12,7 cm de grosor Cada…"
variable,VS2125,,"Mordedor Sintético",1,0,visible,,"<details><summary>Descripción</summary><section><p>Fabricados con lino francés de primera calidad, son duraderos y resistentes al desgarro, están cosidos con costuras resistentes y cuentan con un agarre de goma tejida para un agarre firme.<br>Medida: 12"" de largo x 2"" de ancho</p></section></details><details><summary>Garantía</summary><section><div>Garantía por defectos de fábrica. Cortes y mordeduras no serán contemplados dentro de la garantía.</div><div><strong>Devoluciones</strong></div><div>Se realiza cambio si el producto presenta defecto de fábrica.</div><p>No se hacen reembolsos, se hacen cambios por productos disponibles, completando el mismo monto cancelado.</p></section></details><p><br></p>",taxable,,,,,,0,0.4,0.0,0.0,0.0,1,,,,"Recompensas > Mordedores, Todos los Productos",,,"https://d2j6dbq0eux0bg.cloudfront.net/images/104219285/products/753737340/6004332346.webp, https://d2j6dbq0eux0bg.cloudfront.net/images/104219285/products/753737340/6004332352.webp, https://d2j6dbq0eux0bg.cloudfront.net/images/104219285/products/753737340/4940779157.png, https://d2j6dbq0eux0bg.cloudfront.net/images/104219285/products/753737340/6004332358.webp, https://d2j6dbq0eux0bg.cloudfront.net/images/104219285/products/753737340/4940819273.png, https://d2j6dbq0eux0bg.cloudfront.net/images/104219285/products/753737340/4940819268.png, https://d2j6dbq0eux0bg.cloudfront.net/images/104219285/products/753737340/4940779147.png, https://d2j6dbq0eux0bg.cloudfront.net/images/104219285/products/753737340/4940813279.png",,,,,,,,,,Viper,Color,"Rojo, Verde, Negro, Naranja, Azul",1,0,,,,,,,,,,,,753737340,https://www.specialk9.com/Mordedor-Sintetico-p753737340,"Mordedor Sintético","Descripción Fabricados con lino francés de primera calidad, son duraderos y resistentes al desgarro, están cosidos con costuras resistentes y cuentan con un agarre de goma tejida para un agarre firme. Medida: 12"" de largo x 2"" de ancho Garantía Garantía por defectos de fábrica. Cortes y mordeduras…"
variation,VS2125-5,,"Mordedor Sintético - Verde",1,,visible,,,taxable,parent,1,0,1,1,0,,,,,,,,19000.00,,,,,,,VS2125,,,,,,,,Color,Verde,1,0,,,,,,,,,,,,753737340,,,
variation,VS2125-4,,"Mordedor Sintético - Naranja",1,,visible,,,taxable,parent,1,1,1,1,0,,,,,,,,19000.00,,,,,,,VS2125,,,,,,,,Color,Naranja,1,0,,,,,,,,,,,,753737340,,,
variation,VS2125-rojo,,"Mordedor Sintético - Rojo",1,,visible,,,taxable,parent,1,0,1,1,0,,,,,,,,19000.00,,,,,,,VS2125,,,,,,,,Color,Rojo,1,0,,,,,,,,,,,,753737340,,,
variation,VS2125-2,,"Mordedor Sintético - Azul",1,,visible,,,taxable,parent,1,1,1,1,0,,,,,,,,19000.00,,,,,,,VS2125,,,,,,,,Color,Azul,1,0,,,,,,,,,,,,753737340,,,
variation,VS2125-1,,"Mordedor Sintético - Negro",1,,visible,,,taxable,parent,1,1,1,1,0,,,,,,,,19000.00,,,,,,,VS2125,,,,,,,,Color,Negro,1,0,,,,,,,,,,,,753737340,,,
simple,VJ2125,819583011774,"Mordedor Yute",1,0,visible,,"<details><summary>Descripción</summary><section><p>Fabricados con yute de alta calidad, es fuerte, duradero y resistente al desgarro. Cosidos con costuras resistentes, cuentan con un mango de goma tejida para un agarre firme.<br>Medida: 12"" de largo x 2"" de ancho</p></section></details><details><summary>Garantía</summary><section><div>Garantía por defectos de fábrica. Cortes y mordeduras no serán contemplados dentro de la garantía.</div><div><strong>Devoluciones</strong></div><div>Se realiza cambio si el producto presenta defecto de fábrica.</div><p>No se hacen reembolsos, se hacen cambios por productos disponibles, completando el mismo monto cancelado.</p></section></details><p><br></p>",taxable,,0,0,1,0,0,0.4,0.0,0.0,0.0,1,,,20800.00,"Recompensas > Mordedores, Todos los Productos",,,https://d2j6dbq0eux0bg.cloudfront.net/images/104219285/products/753526667/4939193432.jpg,,,,,,,,,,Viper,,,,,,,,,,,,,,,,753526667,https://www.specialk9.com/Mordedor-Yute-p753526667,"Mordedor Yute","Descripción Fabricados con yute de alta calidad, es fuerte, duradero y resistente al desgarro. Cosidos con costuras resistentes, cuentan con un mango de goma tejida para un agarre firme. Medida: 12"" de largo x 2"" de ancho Garantía Garantía por defectos de fábrica. Cortes y mordeduras no serán…"
variable,TJ12,,"Mordedor Yute  12""",1,0,visible,,"<details><summary>Descripción</summary><section><p>Los mordedores están hechos de yute y costuras de alta calidad. Estos mordedores son duraderos y excelentes herramientas y recompensas para generar impulso.</p><p>Mide 12 pulgadas de largo.</p></section></details><details><summary>Garantía</summary><section><div>Garantía por defectos de fábrica. Cortes y mordeduras no serán contemplados dentro de la garantía.</div><div><strong>Devoluciones</strong></div><div>Se realiza cambio si el producto presenta defecto de fábrica.</div><p>No se hacen reembolsos, se hacen cambios por productos disponibles, completando el mismo monto cancelado.</p></section></details><p><br></p>",taxable,,,,,,0,0.24,0.0,0.0,0.0,1,,,,"Recompensas > Mordedores, Todos los Productos",,,"https://d2j6dbq0eux0bg.cloudfront.net/images/104219285/4597970677.png, https://d2j6dbq0eux0bg.cloudfront.net/images/104219285/4597971858.png, https://d2j6dbq0eux0bg.cloudfront.net/images/104219285/4597971863.png, https://d2j6dbq0eux0bg.cloudfront.net/images/104219285/4597970854.jpg",,,,,,,,,,"Elite K9",Grosor,"1"" Grosor, 2   1/4"" Grosor",1,0,,Agarre,"1 Agarre, 2 Agarres",1,0,,,,,,,703597169,https://www.specialk9.com/Mordedor-Yute-12-p703597169,"Mordedor Yute  12""","Descripción Los mordedores están hechos de yute y costuras de alta calidad. Estos mordedores son duraderos y excelentes herramientas y recompensas para generar impulso. Mide 12 pulgadas de largo. Garantía Garantía por defectos de fábrica. Cortes y mordeduras no serán contemplados dentro de la…"
variation,"TJ12 23",,"Mordedor Yute  12"" - 2   1/4"" Grosor / 2 Agarres",1,,visible,,,taxable,parent,1,0,1,1,0,,,,,,,,21200.00,,,,,,,TJ12,,,,,,,,Grosor,"2   1/4"" Grosor",1,0,,Agarre,"2 Agarres",1,0,,,,,,,703597169,,,
variation,TJ12-13,,"Mordedor Yute  12"" - 2   1/4"" Grosor / 1 Agarre",1,,visible,,,taxable,parent,1,0,1,1,0,,,,,,,,19500.00,,,,,,,TJ12,,,,,,,,Grosor,"2   1/4"" Grosor",1,0,,Agarre,"1 Agarre",1,0,,,,,,,703597169,,,
variation,"TJ12 11",,"Mordedor Yute  12"" - 1"" Grosor / 1 Agarre",1,,visible,,,taxable,parent,1,0,1,1,0,,,,,,,,16500.00,,,,,,,TJ12,,,,,,,,Grosor,"1"" Grosor",1,0,,Agarre,"1 Agarre",1,0,,,,,,,703597169,,,
simple,CX,,"Multi - Clicker CLIX",1,0,visible,,"<details><summary>Descripción</summary><section><p>Clicker de adiestramiento canino con control de volumen ajustable, diseñado para facilitar el aprendizaje mediante refuerzo positivo. Es fácil de usar, cómodo de sostener y apto para perros de todas las edades, incluyendo aquellos sensibles al sonido.</p></section></details><details><summary>Garantía</summary><section><div>Garantía por defectos de fábrica. Cortes, mordeduras y golpes no serán contemplados dentro de la garantía.</div><div><strong>Devoluciones</strong></div><div>Se realiza cambio si el producto presenta defecto de fábrica. </div><p>No se hacen reembolsos, se hacen cambios por productos disponibles, completando el mismo monto cancelado.</p><p><br></p></section></details>",taxable,,0,0,1,0,0,0.05,0.0,0.0,0.0,1,,,10500.00,"Entrenamiento, Todos los Productos",,,"https://d2j6dbq0eux0bg.cloudfront.net/images/104219285/products/697738252/4553968844.png, https://d2j6dbq0eux0bg.cloudfront.net/images/104219285/products/697738252/4596461284.jpg",,,,,,,,,,"Company of Animals",,,,,,,,,,,,,,,,697738252,https://www.specialk9.com/Multi-Clicker-CLIX-p697738252,"Multi - Clicker CLIX","Descripción Clicker de adiestramiento canino con control de volumen ajustable, diseñado para facilitar el aprendizaje mediante refuerzo positivo. Es fácil de usar, cómodo de sostener y apto para perros de todas las edades, incluyendo aquellos sensibles al sonido. Garantía Garantía por defectos de…"
simple,744622020564,,"Obediencia 1900S",1,0,visible,,"<details><summary><strong>Descripción</strong></summary><section><ul><li><div style=""display: inline !important;"">Alcance de 3/4 de milla</div></li><li>Baterías de carga rápida de 2 horas</li><li>Vibración de buscapersonas suave, constante y de alto rendimiento</li></ul><ul><li>Buscapersonas de alto rendimiento sin estimulación</li></ul><ul><li>Estimulación de potencia baja a alta</li></ul><ul><li>Clip para cinturón</li></ul><ul><li>Receptor de diseño moderno</li></ul><ul><li>Totalmente resistente al agua</li></ul><ul><li>Empuñaduras cuadriculadas</li></ul><ul><li>Puntos de contacto mejorados</li></ul><ul><li>Disponible en un sistema para dos perros</li></ul><ul><li>Pantalla LCD</li></ul><ul><li>Para perros de hasta 35 lb</li></ul><ul><li>Reóstato/perilla de volumen con niveles de estimulación de 0 a 127</li></ul></section></details><details><summary><span style=""font-family: Arial;"">Garantía<br></span></summary><section><p>Un mes de garantía por defectos de fábrica. <strong>Importante</strong> el mantenimiento y manejo correcto del producto para el cuál fue diseñado. Uso del cargador debe de ser exclusivo para este producto así como le expresa el manual instrucciones. Mordeduras, cortes y golpes no serán contemplados dentro de la garantía.<br><br>Se recomienda a los clientes registrar el producto en la pagina oficial de Dogtra lo más pronto posible después de hacer la compra. <strong>En caso de no registrar el producto necesitara mostrar el recibo u otra prueba de la compra para aplicar la garantía.</strong><br><br>Link para proceder con el registro de los productos: <a href=""https://dogtra.com/pages/product-registration"">https://dogtra.com/pages/product-registration</a><br></p></section></details>",taxable,,0,0,1,0,0,1.5,0.0,0.0,0.0,1,,,195000.00,"E-Collars, Todos los Productos",,,"https://d2j6dbq0eux0bg.cloudfront.net/images/104219285/products/719238056/4721925657.png, https://d2j6dbq0eux0bg.cloudfront.net/images/104219285/products/719238056/4721923492.jpg, https://d2j6dbq0eux0bg.cloudfront.net/images/104219285/products/719238056/4721923497.jpg, https://d2j6dbq0eux0bg.cloudfront.net/images/104219285/products/719238056/4721933757.jpg, https://d2j6dbq0eux0bg.cloudfront.net/images/104219285/products/719238056/4721925652.jpg, https://d2j6dbq0eux0bg.cloudfront.net/images/104219285/products/719238056/4721933762.jpg",,,,,"644622359063,EDX300,EDX601,744622050097,744622342017",,,,,Dogtra,,,,,,,,,,,,,,,,719238056,https://www.specialk9.com/Obediencia-1900S-p719238056,"Obediencia 1900S","Descripción Alcance de 3/4 de milla Baterías de carga rápida de 2 horas Vibración de buscapersonas suave, constante y de alto rendimiento Buscapersonas de alto rendimiento sin estimulación Estimulación de potencia baja a alta Clip para cinturón Receptor de diseño moderno Totalmente resistente al…"
simple,644622020819,,"Obediencia 1900S Hands Free",1,0,visible,,"<details><summary><strong>Descripción</strong></summary><section><ul><li>Modelo de 1 perro</li><li>Alcance de 3/4 de milla</li><li>Reóstato/Dial de volumen con niveles de estimulación 0-127</li><li>Baterías de carga rápida de 2 horas</li><li>Operación con una sola mano</li><li>Vibración del buscapersonas Nick, constante y de alto rendimiento</li><li>Buscapersonas de alto rendimiento no estimulante</li><li>Estimulación de baja a alta potencia</li><li>Clip para cinturón</li><li>Totalmente impermeable</li><li>Pantalla LCD</li><li>Para perros de hasta 35 libras en adelante</li></ul></section></details><details><summary><span style=""font-family: Arial;"">Garantía</span></summary><section><p>Un mes de garantía por defectos de fábrica. <strong>Importante</strong> el mantenimiento y manejo correcto del producto para el cuál fue diseñado. Uso del cargador debe de ser exclusivo para este producto así como le expresa el manual instrucciones. Mordeduras, cortes y golpes no serán contemplados dentro de la garantía.<br></p><p>Se recomienda a los clientes registrar el producto en la pagina oficial de Dogtra lo más pronto posible después de hacer la compra.<strong>En caso de no registrar el producto necesitara mostrar el recibo u otra prueba de la compra para aplicar la garantía.</strong></p><p>Link para proceder con el registro de los productos: <a href=""https://dogtra.com/pages/product-registration"">https://dogtra.com/pages/product-registration</a></p></section></details>",taxable,,0,0,1,0,0,1.5,0.0,0.0,0.0,1,,,235000.00,"E-Collars, Todos los Productos",,,"https://d2j6dbq0eux0bg.cloudfront.net/images/104219285/products/697581256/4553242569.png, https://d2j6dbq0eux0bg.cloudfront.net/images/104219285/products/697581256/4595230291.jpg, https://d2j6dbq0eux0bg.cloudfront.net/images/104219285/products/697581256/4595225735.jpg, https://d2j6dbq0eux0bg.cloudfront.net/images/104219285/products/697581256/4595230286.jpg, https://d2j6dbq0eux0bg.cloudfront.net/images/104219285/products/697581256/4595230271.png, https://d2j6dbq0eux0bg.cloudfront.net/images/104219285/products/697581256/4595230301.jpg, https://d2j6dbq0eux0bg.cloudfront.net/images/104219285/products/697581256/4595230321.png, https://d2j6dbq0eux0bg.cloudfront.net/images/104219285/products/697581256/4595230507.jpg, https://d2j6dbq0eux0bg.cloudfront.net/images/104219285/products/697581256/4595230281.jpg",,,,,"644622359063,EDX300,EDX601,744622050097,744622342017",,,,,Dogtra,,,,,,,,,,,,,,,,697581256,https://www.specialk9.com/Obediencia-1900S-Hands-Free-p697581256,"1900S Hands Free","Descripción Modelo de 1 perro Alcance de 3/4 de milla Reóstato/Dial de volumen con niveles de estimulación 0-127 Baterías de carga rápida de 2 horas Operación con una sola mano Vibración del buscapersonas Nick, constante y de alto rendimiento Buscapersonas de alto rendimiento no estimulante…"
simple,744622020571,,"Obediencia 1902S HANDSFREE PLUS BOOST & LOCK",1,0,visible,,"<details><summary><strong>Descripción</strong></summary><section><ul><li>Personalización de estimulación  potenciada personalizada</li><li>Modelo de 2 perro</li><li>Alcance de 3/4 de milla</li><li>Reóstato/Dial de volumen con niveles de estimulación 0-127</li><li>Baterías de carga rápida de 2 horas</li><li>Vibración del buscapersonas Nick, constante y de alto rendimiento</li><li>Buscapersonas de alto rendimiento no estimulante</li><li>Estimulación de baja a alta potencia</li><li>Clip para cinturón</li><li>Totalmente impermeable</li><li>Pantalla LCD</li><li>Para perros de 35 libras en adelante</li></ul></section></details><details><summary><span style=""font-family: Arial;"">Garantía</span></summary><section><p>Un mes de garantía por defectos de fábrica. <strong>Importante</strong> el mantenimiento y manejo correcto del producto para el cuál fue diseñado. Uso del cargador debe de ser exclusivo para este producto así como le expresa el manual instrucciones. Mordeduras, cortes y golpes no serán contemplados dentro de la garantía.</p><p>La Garantía no cubre daños, pérdidas o deterioro de su producto Dogtra causados: por mal uso, negligencia, abuso u otro manejo inadecuado del producto; por no seguir las instrucciones de uso o cuidado; por el uso del producto para un fin distinto al previsto; por accidente o fuerzas naturales como incendios o inundaciones; o por desgaste normal, como rayones en la superficie del producto.<br><br>Se recomienda a los clientes registrar el producto en la pagina oficial de Dogtra lo más pronto posible después de hacer la compra. <strong>En caso de no registrar el producto necesitara mostrar el recibo u otra prueba de la compra para aplicar la garantía.</strong></p><p>Link para proceder con el registro de los productos: <a href=""https://dogtra.com/pages/product-registration"">https://dogtra.com/pages/product-registration</a></p></section></details>",taxable,,0,0,1,0,0,2.0,0.0,0.0,0.0,1,,,355000.00,"E-Collars, Todos los Productos",,,"https://d2j6dbq0eux0bg.cloudfront.net/images/104219285/products/712340182/4665262166.webp, https://d2j6dbq0eux0bg.cloudfront.net/images/104219285/products/712340182/4665262161.webp, https://d2j6dbq0eux0bg.cloudfront.net/images/104219285/products/712340182/4665261911.webp, https://d2j6dbq0eux0bg.cloudfront.net/images/104219285/products/712340182/4665262156.webp, https://d2j6dbq0eux0bg.cloudfront.net/images/104219285/products/712340182/4665261906.webp, https://d2j6dbq0eux0bg.cloudfront.net/images/104219285/products/712340182/4665261916.webp",,,,,"644622359063,EDX300,EDX601,744622050097,744622342017",,,,,Dogtra,,,,,,,,,,,,,,,,712340182,https://www.specialk9.com/Obediencia-1902S-HANDSFREE-PLUS-BOOST-&-LOCK-p712340182,"1902S HANDSFREE PLUS BOOST & LOCK","Descripción Personalización de estimulación potenciada personalizada Modelo de 2 perro Alcance de 3/4 de milla Reóstato/Dial de volumen con niveles de estimulación 0-127 Baterías de carga rápida de 2 horas Vibración del buscapersonas Nick, constante y de alto rendimiento Buscapersonas de alto…"
simple,644622020949,644622020949105427,"Obediencia ARC Handsfree Plus Boost & Lock",1,0,visible,,"<details><summary>Descripción</summary><section><p>Receptor/collar de diseño delgado con forma ergonómica para el cuello de su perro</p><div>Estimulación ""Nick"" y ""Constant"" junto con un buscapersonas/vibración no estimulante</div><div>Agarres cuadriculados en el transmisor de mano para una sensación positiva</div><div>Reóstato/dial de volumen con hasta 127 niveles para un ajuste gradual en la intensidad de la estimulación</div><div>El usuario puede expandirlo a un sistema para dos perros</div><div>La pantalla LCD muestra el nivel exacto de estimulación y un ícono de duración de batería de 3 barras</div><div>Transmisor y receptor/collar totalmente impermeables</div><div>Estimulación de potencia baja a media</div><div>Alcance de 3/4 de milla</div><div>Batería de polímero de litio recargable de carga rápida de 2 horas</div></section></details><details><summary>Garantía</summary><section><p>Un mes de garantía por defectos de fábrica. Importante el mantenimiento y manejo correcto del producto para el cuál fue diseñado. Uso del cargador debe de ser exclusivo para este producto así como le expresa el manual instrucciones. Mordeduras, cortes y golpes no serán contemplados dentro de la garantía.</p><p>No se hacen reembolsos, se hacen cambios por productos disponibles, completando el mismo monto cancelado.El producto debe estar en su estado original (caja y accesorios).<br></p><p>Se recomienda a los clientes registrar el producto en la pagina oficial de Dogtra lo más pronto posible después de hacer la compra.<strong>En caso de no registrar el producto necesitara mostrar el recibo u otra prueba de la compra para aplicar la garantía.</strong></p><p>Link para proceder con el registro de los productos: <a href=""https://dogtra.com/pages/product-registration"">https://dogtra.com/pages/product-registration</a></p></section></details>",taxable,,0,0,0,0,0,1.5,0.0,0.0,0.0,1,,,225000.00,"E-Collars, Todos los Productos",,,"https://d2j6dbq0eux0bg.cloudfront.net/images/104219285/products/703246837/4596415292.jpg, https://d2j6dbq0eux0bg.cloudfront.net/images/104219285/products/703246837/4596415267.jpg, https://d2j6dbq0eux0bg.cloudfront.net/images/104219285/products/703246837/4596412113.jpg, https://d2j6dbq0eux0bg.cloudfront.net/images/104219285/products/703246837/4596412781.jpg, https://d2j6dbq0eux0bg.cloudfront.net/images/104219285/products/703246837/4596412786.jpg, https://d2j6dbq0eux0bg.cloudfront.net/images/104219285/products/703246837/4596412123.jpg, https://d2j6dbq0eux0bg.cloudfront.net/images/104219285/products/703246837/4596415272.jpg, https://d2j6dbq0eux0bg.cloudfront.net/images/104219285/products/703246837/4596412791.jpg, https://d2j6dbq0eux0bg.cloudfront.net/images/104219285/products/703246837/4596412796.jpg",,,,,"644622359063,EDX300,EDX601,644622020819",,,,,Dogtra,,,,,,,,,,,,,,,,703246837,https://www.specialk9.com/Obediencia-ARC-Handsfree-Plus-Boost-&-Lock-p703246837,"ARC Handsfree Plus Boost & Lock","Descripción Receptor/collar de diseño delgado con forma ergonómica para el cuello de su perro Estimulación ""Nick"" y ""Constant"" junto con un buscapersonas/vibración no estimulante Agarres cuadriculados en el transmisor de mano para una sensación positiva Reóstato/dial de volumen con hasta 127 niveles…"
simple,744622020427,744622020427254074,"Obediencia iQ Plus",1,0,visible,,"<details><summary>Descripción</summary><section><p>¿Tiene uno o dos perros con un temperamento moderado que necesita un entrenamiento básico de obediencia y manejo del comportamiento? Nuestro pequeño pero potente collar electrónico iQ PLUS de DOGTRA es una excelente opción para las necesidades de entrenamiento de su perro. Combinado con muchas funciones que se encuentran en los entrenadores remotos de tamaño completo, pero diseñado para perros de 10 libras o más, el iQ PLUS es una herramienta de entrenamiento de perros remoto expandible que le permite entrenar hasta dos perros simultáneamente.</p><p>El collar electrónico iQ PLUS tiene modos de entrenamiento en Nick, Constant y nuestra vibración de buscapersonas patentada, muy similar a la función de vibración de los teléfonos celulares. El iQ PLUS emite una salida de estimulación media-baja de 0 a 100 niveles, utilizando nuestro Rheostat Dial frontal patentado para un control gradual y preciso. Un rango de 400 yardas proporciona una comunicación constante con un receptor a prueba de agua. El iQ PLUS es la herramienta en la que muchos profesionales confían para dar forma a la obediencia básica en los perros de compañía.</p></section></details><details><summary>Garantía</summary><section><div>Un mes de garantía por defectos de fábrica. Importante el mantenimiento y manejo correcto del producto para el cuál fue diseñado. Uso del cargador debe de ser exclusivo para este producto así como le expresa el manual instrucciones. Mordeduras, cortes y golpes no serán contemplados dentro de la garantía.</div><p>No se hacen reembolsos, se hacen cambios por productos disponibles, completando el mismo monto cancelado. El producto debe estar en su estado original (caja y accesorios).<br><br></p><p>Se recomienda a los clientes registrar el producto en la pagina oficial de Dogtra lo más pronto posible después de hacer la compra.<strong>En caso de no registrar el producto necesitara mostrar el recibo u otra prueba de la compra para aplicar la garantía.</strong></p><p>Link para proceder con el registro de los productos: <a href=""https://dogtra.com/pages/product-registration"">https://dogtra.com/pages/product-registration</a></p></section></details><p><br></p>",taxable,,0,0,1,0,0,0.48,0.0,0.0,0.0,1,,,142500.00,"E-Collars, Todos los Productos",,,"https://d2j6dbq0eux0bg.cloudfront.net/images/104219285/products/697533496/4553236677.jpg, https://d2j6dbq0eux0bg.cloudfront.net/images/104219285/products/697533496/4596221300.png, https://d2j6dbq0eux0bg.cloudfront.net/images/104219285/products/697533496/4596219172.jpg, https://d2j6dbq0eux0bg.cloudfront.net/images/104219285/products/697533496/4596221295.jpg, https://d2j6dbq0eux0bg.cloudfront.net/images/104219285/products/697533496/4596218745.jpg",,,,,,,,,,Dogtra,,,,,,,,,,,,,,,,697533496,https://www.specialk9.com/Obediencia-iQ-Plus-p697533496,"iQ Plus","Descripción ¿Tiene uno o dos perros con un temperamento moderado que necesita un entrenamiento básico de obediencia y manejo del comportamiento? Nuestro pequeño pero potente collar electrónico iQ PLUS de DOGTRA es una excelente opción para las necesidades de entrenamiento de su perro. Combinado con…"
simple,A301K,,Orejeras,1,0,visible,,"<details><summary>Descripción</summary><section><p>Ideal para perros que trabajan en entornos tácticos, en el campo de tiro o cuando vuelan en aviones. Diseñado con precisión para adaptarse adecuadamente a los contornos de la cabeza de un perro.</p><p>Características:</p><ul><li>Cómodo y ligero</li><li>Correas ajustables para un ajuste óptimo.</li><li>Espuma interior insonorizante de alta densidad.</li><li>Se adapta a perros de 50 a 95 libras</li><li>Hebilla de liberación rápida para poner y quitar fácilmente</li></ul><p>Color negro</p></section></details><details><summary>Garantía</summary><section><div>Garantía por defectos de fábrica. Cortes, golpes y mordeduras no serán contemplados dentro de la garantía.</div><div><strong>Devoluciones</strong></div><div>Se realiza cambio si el producto presenta defecto de fábrica. </div><div>Muy respetuosamente pedimos que, al momento de solicitarnos un producto, tenga las medidas necesarias.</div><div>No se hacen reembolsos, se hacen cambios por productos disponibles, completando el mismo monto cancelado.</div></section></details><p><br></p>",taxable,,0,0,1,0,0,0.2,0.0,0.0,0.0,1,,,42000.00,"Seguridad y Protección Canina, Todos los Productos",,,https://d2j6dbq0eux0bg.cloudfront.net/images/104219285/4541233125.jpg,,,,,,,,,,"Elite K9",,,,,,,,,,,,,,,,695799563,https://www.specialk9.com/Orejeras-p695799563,Orejeras,"Descripción Ideal para perros que trabajan en entornos tácticos, en el campo de tiro o cuando vuelan en aviones. Diseñado con precisión para adaptarse adecuadamente a los contornos de la cabeza de un perro. Características: Cómodo y ligero Correas ajustables para un ajuste óptimo. Espuma interior…"
simple,OZG150,859518797199,"Ozone Go Max",1,0,visible,,"<details><summary>Descripción</summary><section><p>Ambientador Ozone Go Max<br>Deshágase de los olores persistentes y elimine las bacterias simplemente conectando el Ozone Go al tomacorriente de 12 V de su vehículo y comience a eliminar los olores no deseados de inmediato.</p></section></details><details><summary>Garantía</summary><section><p>Un mes de garantía por defectos de fábrica. Importante el mantenimiento y manejo correcto del producto. Mordeduras, cortes y golpes no serán contemplados dentro de la garantía.</p></section></details><p><br></p>",taxable,,1,2,1,0,0,0.1,0.0,0.0,0.0,1,,,48500.00,"Accesorios, Todos los Productos",,,"https://d2j6dbq0eux0bg.cloudfront.net/images/104219285/products/696479557/4545986618.jpg, https://d2j6dbq0eux0bg.cloudfront.net/images/104219285/products/696479557/4562748010.jpg",,,,,,,,,,"Odor Crusher",,,,,,,,,,,,,,,,696479557,https://www.specialk9.com/Ozone-Go-Max-p696479557,"Ozone Go Max","Descripción Ambientador Ozone Go Max Deshágase de los olores persistentes y elimine las bacterias simplemente conectando el Ozone Go al tomacorriente de 12 V de su vehículo y comience a eliminar los olores no deseados de inmediato. Garantía Un mes de garantía por defectos de fábrica. Importante el…"
variable,100003587,,"Paño microfibra para piso 70 x 70 cm",-1,1,hidden,,"<details><summary>Descripción</summary><section><p>Paño microfibra para piso 70 x 70 cm. Experimente una limpieza superior con el Paño de Microfibra para Piso. Este paño de microfibra de alta calidad ofrece una solución eficiente y delicada para la limpieza de sus pisos, sin importar el tipo de superficie...Máxima absorción: Absorbe líquidos y suciedad de manera eficiente, dejando sus pisos impecables.Cuidado de superficies: Su textura suave no daña ni raya las superficies delicadas, como pisos laminados o porcelanato.Reutilizable: Puede lavarse a mano o en lavadora, prolongando su vida útil y reduciendo el desperdicio.Limpieza sin residuos: No deja pelusa ni residuos al trapear, brindando un acabado uniforme y brillante.Durabilidad: Sus costuras reforzadas y el agujero con tela reforzada garantizan una mayor resistencia al desgaste.</p></section></details>",taxable,,,,,,0,0.25,0.0,0.0,0.0,1,,,,,,,"https://d2j6dbq0eux0bg.cloudfront.net/images/104219285/products/842637887/5828148466.webp, https://d2j6dbq0eux0bg.cloudfront.net/images/104219285/products/842637887/5828148472.webp, https://d2j6dbq0eux0bg.cloudfront.net/images/104219285/products/842637887/5828151424.webp, https://d2j6dbq0eux0bg.cloudfront.net/images/104219285/products/842637887/5828151430.webp, https://d2j6dbq0eux0bg.cloudfront.net/images/104219285/products/842637887/5828155189.webp",,,,,,,,,82,"Centeno (EPA)",Color,"Verde, Azul, Rosado, Morado",1,0,,,,,,,,,,,,842637887,https://www.specialk9.com/Pano-microfibra-para-piso-70-x-70-cm-p842637887,"Paño microfibra para piso 70 x 70 cm","Descripción Paño microfibra para piso 70 x 70 cm. Experimente una limpieza superior con el Paño de Microfibra para Piso. Este paño de microfibra de alta calidad ofrece una solución eficiente y delicada para la limpieza de sus pisos, sin importar el tipo de superficie...Máxima absorción: Absorbe…"
variation,100003587-PRP,,"Paño microfibra para piso 70 x 70 cm - Morado",-1,,visible,,,taxable,parent,1,0,1,1,0,,,,,,,,0.00,,,,,,,100003587,,,,,,,,Color,Morado,1,0,,,,,,,,,,,,842637887,,,
variation,100003587-PNK,,"Paño microfibra para piso 70 x 70 cm - Rosado",-1,,visible,,,taxable,parent,1,0,1,1,0,,,,,,,,0.00,,,,,,,100003587,,,,,,,,Color,Rosado,1,0,,,,,,,,,,,,842637887,,,
variation,100003587-BLU,,"Paño microfibra para piso 70 x 70 cm - Azul",-1,,visible,,,taxable,parent,1,0,1,1,0,,,,,,,,0.00,,,,,,,100003587,,,,,,,,Color,Azul,1,0,,,,,,,,,,,,842637887,,,
variation,100003587-GRN,,"Paño microfibra para piso 70 x 70 cm - Verde",-1,,visible,,,taxable,parent,1,0,1,1,0,,,,,,,,0.00,,,,,,,100003587,,,,,,,,Color,Verde,1,0,,,,,,,,,,,,842637887,,,
variable,RVRC,,"Pantalón de entrenamiento IGP",1,0,visible,,"<details><summary>Descripción</summary><section><p>•Reforzados en los muslos, la parte inferior de las piernas y el asiento.</p>  <div>•Elástico en 4 direcciones en la parte interior de los muslos y detrás de las rodillas.</div>  <div>•Bolsillos para rodilleras.</div>  <div>•Rodillas precurvadas.</div>  <div>•Ajustable con botones en los extremos de las piernas.</div>  <div>•Tratamiento DWR para una mayor repelencia al agua</div>  <div>•Fabricados con material Hypershell® sin PFC, estos pantalones son resistentes al viento y al agua.</div>  <p>Ofrecen un equilibrio entre funcionalidad, durabilidad, ventilación y comodidad.</p></section></details><details><summary>Garantía</summary><section><div>Garantía por defectos de fábrica. Cortes y mordeduras no serán contemplados dentro de la garantía.</div><div><strong>Devoluciones</strong></div><div>Se realiza cambio si el producto presenta defecto de fábrica. </div><div>Muy respetuosamente pedimos que, al momento de solicitarnos un producto, tenga las medidas necesarias.</div><div>No se hacen reembolsos, se hacen cambios por productos disponibles, completando el mismo monto cancelado.</div></section></details>",taxable,,,,,,0,0.7,0.0,0.0,0.0,1,,,,"Entrenamiento, Todos los Productos, Indumentaria, Indumentaria > Entrenamiento",,,"https://d2j6dbq0eux0bg.cloudfront.net/images/104219285/products/712693789/4667962569.jpg, https://d2j6dbq0eux0bg.cloudfront.net/images/104219285/products/712693789/4667964782.jpg, https://d2j6dbq0eux0bg.cloudfront.net/images/104219285/products/712693789/4667962574.jpg, https://d2j6dbq0eux0bg.cloudfront.net/images/104219285/products/712693789/4667962579.jpg, https://d2j6dbq0eux0bg.cloudfront.net/images/104219285/products/712693789/4667984946.jpg",,,,,"A510,T Skull,TSP-TJP,MH016,TJ12",,,,,RevolutionRace,Talla,"XL, 2XL",1,0,,Color,"Naranja, Negro",1,0,,,,,,,712693789,https://www.specialk9.com/Pantalon-de-entrenamiento-IGP-p712693789,"Pantalón de entrenamiento IGP","Descripción •Reforzados en los muslos, la parte inferior de las piernas y el asiento. •Elástico en 4 direcciones en la parte interior de los muslos y detrás de las rodillas. •Bolsillos para rodilleras. •Rodillas precurvadas. •Ajustable con botones en los extremos de las piernas. •Tratamiento DWR…"
variation,"RVRC RO XL",,"Pantalón de entrenamiento IGP - XL / Naranja",1,,visible,,,taxable,parent,1,1,1,1,0,,,,,,,,117000.00,,,,,,,RVRC,,,,,,,,Talla,XL,1,0,,Color,Naranja,1,0,,,,,,,712693789,,,
variation,"RVRC JB XL",,"Pantalón de entrenamiento IGP - XL / Negro",1,,visible,,,taxable,parent,1,0,1,1,0,,,,,,,,117000.00,,,,,,,RVRC,,,,,,,,Talla,XL,1,0,,Color,Negro,1,0,,,,,,,712693789,,,
simple,877990,,"Paquete 36 Unidades de Toallitas de Microfibra",-1,1,hidden,,"<details><summary>Descripción</summary><section><p>Las toallas de microfibra Member's Selection ofrecen una solución práctica y eficiente para una amplia variedad de tareas de limpieza. Este paquete de 36 unidades es ideal para el hogar, la oficina, el taller o el cuidado de vehículos.</p><p>Cada toalla mide aproximadamente 40,6 x 40,6 cm (16"" x 16""), brindando una excelente capacidad de limpieza y absorción. Su material es suave al tacto, pero lo suficientemente resistente para soportar el uso frecuente. Además, ayudan a remover polvo, suciedad y humedad de manera efectiva, reduciendo la necesidad de utilizar productos químicos agresivos y convirtiéndose en una opción más amigable con el medio ambiente.</p><section></section></section></details>",taxable,,0,0,1,0,0,2.0,0.0,0.0,0.0,1,,,9150.00,,,,"https://d2j6dbq0eux0bg.cloudfront.net/images/104219285/products/842156506/5824615552.jpg, https://d2j6dbq0eux0bg.cloudfront.net/images/104219285/products/842156506/5824615534.jpg, https://d2j6dbq0eux0bg.cloudfront.net/images/104219285/products/842156506/5824615546.jpg, https://d2j6dbq0eux0bg.cloudfront.net/images/104219285/products/842156506/5824621761.jpg, https://d2j6dbq0eux0bg.cloudfront.net/images/104219285/products/842156506/5824613604.jpg, https://d2j6dbq0eux0bg.cloudfront.net/images/104219285/products/842156506/5824617258.jpg",,,,,,,,,77,"Member's Selection",,,,,,,,,,,,,,,,842156506,https://www.specialk9.com/Paquete-36-Unidades-de-Toallitas-de-Microfibra-p842156506,"Paquete 36 Unidades de Toallitas de Microfibra","Descripción Las toallas de microfibra Member's Selection ofrecen una solución práctica y eficiente para una amplia variedad de tareas de limpieza. Este paquete de 36 unidades es ideal para el hogar, la oficina, el taller o el cuidado de vehículos. Cada toalla mide aproximadamente 40,6 x 40,6 cm (16""…"
simple,287322,,"Paquete 3 Escobas para Barrer",-1,1,hidden,,"<details><summary>Descripción</summary><section><div></div><div><div><section><div><div><div><div><div><div><p>La escoba Girasol es un artículo indispensable para mantener la limpieza en hogares, oficinas y negocios. Sus resistentes cerdas permiten recoger eficazmente el polvo, la suciedad y los residuos, llegando incluso a rincones de difícil acceso para lograr una limpieza más completa.</p><p>Diseñada para soportar el uso diario, mantiene su rendimiento después de múltiples pasadas, ayudando a que tus espacios luzcan siempre limpios y ordenados. Ideal para todo tipo de pisos y tareas de limpieza general.</p></div></div></div></div><div></div><div><div></div></div></div></div></section></div></div></section></details>",taxable,,0,0,1,0,0,0.0,0.0,0.0,0.0,1,,,9750.00,"Todos los Productos, Limpieza",,,"https://d2j6dbq0eux0bg.cloudfront.net/images/104219285/products/842123152/5824577764.jpg, https://d2j6dbq0eux0bg.cloudfront.net/images/104219285/products/842123152/5824572898.jpg, https://d2j6dbq0eux0bg.cloudfront.net/images/104219285/products/842123152/5824571162.jpg",,,,,,,,,75,Girasol,,,,,,,,,,,,,,,,842123152,https://www.specialk9.com/Paquete-3-Escobas-para-Barrer-p842123152,"Paquete 3 Escobas para Barrer","Descripción La escoba Girasol es un artículo indispensable para mantener la limpieza en hogares, oficinas y negocios. Sus resistentes cerdas permiten recoger eficazmente el polvo, la suciedad y los residuos, llegando incluso a rincones de difícil acceso para lograr una limpieza más completa.…"
simple,517776,,"Paquete de Aromatizantes Glade en Aerosol Fragancias 230 ml",-1,1,hidden,,"<details><summary>Descripción</summary><section><p>Renueva cada espacio con el aromatizante en aerosol Glade Mist fragancias surtidas, ideal para llenar tu hogar de aromas envolventes y frescos.</p><p>Diseñado para usarse tanto en el ambiente como en textiles como sillones, cortinas o ropa de cama, ayuda a transformar cualquier espacio con un toque de frescura que aporta una sensación de limpieza, confort y bienestar en cada rincón del hogar.</p></section></details>",taxable,,0,0,1,0,0,0.7,0.0,0.0,0.0,1,,,0.00,"Todos los Productos, Limpieza",,,"https://d2j6dbq0eux0bg.cloudfront.net/images/104219285/products/842649103/5828171755.jpg, https://d2j6dbq0eux0bg.cloudfront.net/images/104219285/products/842649103/5828151382.jpg, https://d2j6dbq0eux0bg.cloudfront.net/images/104219285/products/842649103/5828155147.jpg, https://d2j6dbq0eux0bg.cloudfront.net/images/104219285/products/842649103/5828171761.jpg",,,,,,,,,81,Glade,,,,,,,,,,,,,,,,842649103,https://www.specialk9.com/Paquete-de-Aromatizantes-Glade-en-Aerosol-Fragancias-230-ml-p842649103,"Paquete de Aromatizantes Glade en Aerosol Fragancias 230 ml","Descripción Renueva cada espacio con el aromatizante en aerosol Glade Mist fragancias surtidas, ideal para llenar tu hogar de aromas envolventes y frescos. Diseñado para usarse tanto en el ambiente como en textiles como sillones, cortinas o ropa de cama, ayuda a transformar cualquier espacio con un…"
simple,359212,,"Paquete de guantes multiusos Sani-Guard 500 Unidades",-1,1,hidden,,"<details><summary>Descripción</summary><section><p>Guantes desechables transparentes de uso general, ideales para una amplia variedad de tareas como cuidado personal, limpieza, pintura, jardinería y manipulación de alimentos. Fabricados en polietileno de baja densidad, ofrecen una combinación de ligereza, resistencia y comodidad para proteger las manos durante el trabajo diario.</p><p>Libres de BPA, no estériles y de talla única, son una opción práctica y segura para múltiples aplicaciones tanto en el hogar como en entornos comerciales. Cada caja contiene 500 unidades, proporcionando un suministro duradero para el uso frecuente.</p></section></details>",taxable,,0,0,1,0,0,0.0,0.0,0.0,0.0,1,,,4350.00,"Todos los Productos, Limpieza",,,"https://d2j6dbq0eux0bg.cloudfront.net/images/104219285/products/842123131/5824549650.jpg, https://d2j6dbq0eux0bg.cloudfront.net/images/104219285/products/842123131/5824547171.jpg, https://d2j6dbq0eux0bg.cloudfront.net/images/104219285/products/842123131/5824545966.jpg, https://d2j6dbq0eux0bg.cloudfront.net/images/104219285/products/842123131/5824545972.jpg, https://d2j6dbq0eux0bg.cloudfront.net/images/104219285/products/842123131/5824547165.jpg",,,,,,,,,74,Sani-Guard,,,,,,,,,,,,,,,,842123131,https://www.specialk9.com/Paquete-de-guantes-multiusos-Sani-Guard-500-Unidades-p842123131,"Paquete de guantes multiusos Sani-Guard 500 Unidades","Descripción Guantes desechables transparentes de uso general, ideales para una amplia variedad de tareas como cuidado personal, limpieza, pintura, jardinería y manipulación de alimentos. Fabricados en polietileno de baja densidad, ofrecen una combinación de ligereza, resistencia y comodidad para…"
simple,MDD-DC-TRL,,"Paquete de prueba MobileDetect – selección personalizada",1,0,visible,,"<p>El MobileDetect Trial Pack de  es un paquete de prueba diseñado para demostrar y evaluar el sistema MobileDetect mediante una selección personalizada de pouches/reactivos de detección química. Este kit permite al usuario escoger los tipos de pruebas que mejor se adapten a sus necesidades operativas, ofreciendo una solución flexible para identificación rápida de sustancias en campo.</p><p>El sistema MobileDetect utiliza tecnología de análisis automatizado mediante aplicación móvil, reduciendo errores humanos en la interpretación de resultados y proporcionando documentación digital inmediata. Está orientado a aplicaciones de seguridad, inspección, control de narcóticos y análisis preliminar de sustancias sospechosas.</p><p>Características principales:</p> <ul> <li> Selección personalizada de pouches/reactivos según necesidad del cliente </li> <li> Compatible con el sistema MobileDetect y análisis automatizado por app </li> <li> Resultados rápidos y fáciles de interpretar </li> <li> Generación digital de reportes y registro de pruebas </li> <li> Diseñado para uso en campo y operaciones móviles </li> <li> Tecnología enfocada en mejorar precisión y consistencia de resultados </li> <li> Formato portátil y práctico para demostraciones o evaluación de producto</li></ul>",taxable,,0,0,1,0,0,0.0,0.0,0.0,0.0,1,,,62000.00,"Detección, Todos los Productos",,,"https://d2j6dbq0eux0bg.cloudfront.net/images/104219285/products/837792631/5787221867.webp, https://d2j6dbq0eux0bg.cloudfront.net/images/104219285/products/837792631/5788139697.jpg, https://d2j6dbq0eux0bg.cloudfront.net/images/104219285/products/837792631/5788159802.jpg",,,,,,,,,,DETECTACHEM,,,,,,,,,,,,,,,,837792631,https://www.specialk9.com/Paquete-de-prueba-MobileDetect-seleccion-personalizada-p837792631,"Paquete de prueba MobileDetect – selección personalizada","El MobileDetect Trial Pack de es un paquete de prueba diseñado para demostrar y evaluar el sistema MobileDetect mediante una selección personalizada de pouches/reactivos de detección química. Este kit permite al usuario escoger los tipos de pruebas que mejor se adapten a sus necesidades operativas,…"
simple,335762,,"Paquete de Tres Aromatizadores en Aerosol Glade 400 ml",-1,0,hidden,,"<details><summary>Descripción</summary><section><p>Disfruta de un ambiente fresco y agradable en tu hogar con este paquete de aerosoles aromatizantes Glade. El set incluye 3 unidades de 400 ml cada una, con fragancias seleccionadas como Blue Odyssey y Red Berry Floral Joy, diseñadas para brindar una experiencia aromática envolvente en cualquier espacio.</p><p>Su fórmula ayuda a neutralizar los malos olores mientras perfuma el ambiente con aromas frescos y duraderos, creando una sensación de limpieza y bienestar en salas, dormitorios, baños, oficinas y otras áreas del hogar. Ideal para mantener cada rincón con una fragancia agradable y acogedora.</p></section></details>",taxable,,0,0,1,0,0,0.3,0.0,0.0,0.0,1,,,0.00,"Todos los Productos, Limpieza",,,"https://d2j6dbq0eux0bg.cloudfront.net/images/104219285/products/842635960/5828155093.jpg, https://d2j6dbq0eux0bg.cloudfront.net/images/104219285/products/842635960/5828155087.jpg, https://d2j6dbq0eux0bg.cloudfront.net/images/104219285/products/842635960/5828139481.jpg",,,,,,,,,,Glade,,,,,,,,,,,,,,,,842635960,https://www.specialk9.com/Paquete-de-Tres-Aromatizadores-en-Aerosol-Glade-400-ml-p842635960,"Paquete de Tres Aromatizadores en Aerosol Glade 400 ml","Descripción Disfruta de un ambiente fresco y agradable en tu hogar con este paquete de aerosoles aromatizantes Glade. El set incluye 3 unidades de 400 ml cada una, con fragancias seleccionadas como Blue Odyssey y Red Berry Floral Joy, diseñadas para brindar una experiencia aromática envolvente en…"
variable,DDN-DDE,,"Parche ""Detección de Narcóticos / Explosivos""",1,0,visible,,"<details><summary>Descripción</summary><section><p>Parche ""Detección de Narcóticos"" y ""Detección de Explosivos""</p><p>Tamaño 6"" x 2""</p></section></details><details><summary>Garantía</summary><section><div>Garantía por defectos de fábrica. Cortes y mordeduras no serán contemplados dentro de la garantía.</div><div><strong>Devoluciones</strong></div><div>Se realiza cambio si el producto presenta defecto de fábrica. </div><p>No se hacen reembolsos, se hacen cambios por productos disponibles, completando el mismo monto cancelado.</p></section></details><p><br></p>",taxable,,,,,,0,0.01,0.0,0.0,0.0,1,,,,"Parches de Identificación, Todos los Productos",,,"https://d2j6dbq0eux0bg.cloudfront.net/images/104219285/4541236856.png, https://d2j6dbq0eux0bg.cloudfront.net/images/104219285/4541236851.png",,,,,,,,,,,Tipo,"Detección de Narcóticos, Detección de Explosivos",1,0,,,,,,,,,,,,695807756,https://www.specialk9.com/Parche-Deteccion-de-Narcoticos-Explosivos-p695807756,"Parche ""Detección de Narcóticos / Explosivos""","Descripción Parche ""Detección de Narcóticos"" y ""Detección de Explosivos"" Tamaño 6"" x 2"" Garantía Garantía por defectos de fábrica. Cortes y mordeduras no serán contemplados dentro de la garantía. Devoluciones Se realiza cambio si el producto presenta defecto de fábrica. No se hacen reembolsos, se…"
variation,"DDE 6x2",,"Parche ""Detección de Narcóticos / Explosivos"" - Detección de Explosivos",1,,visible,,,taxable,parent,1,1,1,1,0,,,,,,,,8500.00,,,,,,,DDN-DDE,,,,,,,,Tipo,"Detección de Explosivos",1,0,,,,,,,,,,,,695807756,,,
variation,"DDN 6x2",,"Parche ""Detección de Narcóticos / Explosivos"" - Detección de Narcóticos",1,,visible,,,taxable,parent,1,-1,1,1,0,,,,,,,,8500.00,,,,,,,DDN-DDE,,,,,,,,Tipo,"Detección de Narcóticos",1,0,,,,,,,,,,,,695807756,,,
variable,ID832-ID632-ID432,,"Parche ""Do Not Pet""",1,0,visible,,"<details><summary>Descripción</summary><section><p>Parche ""Do not pet""</p></section></details><details><summary>Garantía</summary><section><div>Garantía por defectos de fábrica. Cortes y mordeduras no serán contemplados dentro de la garantía.</div><div><strong>Devoluciones</strong></div><div>Se realiza cambio si el producto presenta defecto de fábrica. </div><div>Muy respetuosamente pedimos que, al momento de solicitarnos un producto, tenga las medidas necesarias.</div><div>No se hacen reembolsos, se hacen cambios por productos disponibles, completando el mismo monto cancelado.</div></section></details>",taxable,,,,,,0,0.02,0.0,0.0,0.0,1,,,,"Parches de Identificación, Todos los Productos",,,"https://d2j6dbq0eux0bg.cloudfront.net/images/104219285/4597432106.jpg, https://d2j6dbq0eux0bg.cloudfront.net/images/104219285/4597432111.jpg, https://d2j6dbq0eux0bg.cloudfront.net/images/104219285/4597431553.jpg",,,,,,,,,,"Elite K9",Tamaño,"8"" x 2"", 6"" x 2"", 4"" x 2"", 5"" x 1""",1,0,,,,,,,,,,,,703510822,https://www.specialk9.com/Parche-Do-Not-Pet-p703510822,"Parche ""Do Not Pet""","Descripción Parche ""Do not pet"" Garantía Garantía por defectos de fábrica. Cortes y mordeduras no serán contemplados dentro de la garantía. Devoluciones Se realiza cambio si el producto presenta defecto de fábrica. Muy respetuosamente pedimos que, al momento de solicitarnos un producto, tenga las…"
variation,ID832,,"Parche ""Do Not Pet"" - 8"" x 2""",1,,visible,,,taxable,parent,1,3,1,1,0,,,,,,,,9000.00,,,,,,,ID832-ID632-ID432,,,,,,,,Tamaño,"8"" x 2""",1,0,,,,,,,,,,,,703510822,,,
variation,ID632,,"Parche ""Do Not Pet"" - 6"" x 2""",1,,visible,,,taxable,parent,1,3,1,1,0,,,,,,,,8000.00,,,,,,,ID832-ID632-ID432,,,,,,,,Tamaño,"6"" x 2""",1,0,,,,,,,,,,,,703510822,,,
variation,ID432,,"Parche ""Do Not Pet"" - 4"" x 2""",1,,visible,,,taxable,parent,1,2,1,1,0,,,,,,,,7000.00,,,,,,,ID832-ID632-ID432,,,,,,,,Tamaño,"4"" x 2""",1,0,,,,,,,,,,,,703510822,,,
variation,ID532,,"Parche ""Do Not Pet"" - 5"" x 1""",1,,visible,,,taxable,parent,1,1,1,1,0,,,,,,,,7000.00,,,,,,,ID832-ID632-ID432,,,,,,,,Tamaño,"5"" x 1""",1,0,,,,,,,,,,,,703510822,,,
simple,N0213-B,,"Parche ""Do Not Pet"" (Paquete 2)",1,0,visible,,"<details><summary>Descripción</summary><section><div>Estos parches reflectivos extraíbles para arnés, chaleco y collar tienen letras reflectantes impresas y se fijan con velcro. </div><p>Las letras son reflectantes como medida de seguridad adicional.Fácil de lavar. Paquete de 2 parches.<br><br>Medidas: 1.5"" ancho x 4"" largo</p></section></details><details><summary>Garantía</summary><section><div>Garantía por defectos de fábrica. Cortes y mordeduras no serán contemplados dentro de la garantía.</div><div><strong>Devoluciones</strong></div><div>Se realiza cambio si el producto presenta defecto de fábrica. </div><div>Muy respetuosamente pedimos que, al momento de solicitarnos un producto, tenga las medidas necesarias.</div><div>No se hacen reembolsos, se hacen cambios por productos disponibles, completando el mismo monto cancelado.</div></section></details>",taxable,,1,1,1,0,0,0.02,0.0,0.0,0.0,1,,,8000.00,"Parches de Identificación, Todos los Productos",,,"https://d2j6dbq0eux0bg.cloudfront.net/images/104219285/products/753721707/4940842971.png, https://d2j6dbq0eux0bg.cloudfront.net/images/104219285/products/753721707/4940843458.png, https://d2j6dbq0eux0bg.cloudfront.net/images/104219285/products/753721707/5406489362.webp, https://d2j6dbq0eux0bg.cloudfront.net/images/104219285/products/753721707/5406518141.png, https://d2j6dbq0eux0bg.cloudfront.net/images/104219285/products/753721707/5406539771.jpg",,,,,,,,,,DogLine,,,,,,,,,,,,,,,,753721707,https://www.specialk9.com/Parche-Do-Not-Pet-Paquete-2-p753721707,"Parche ""Do Not Pet"" (Paquete 2)","Descripción Estos parches reflectivos extraíbles para arnés, chaleco y collar tienen letras reflectantes impresas y se fijan con velcro. Las letras son reflectantes como medida de seguridad adicional.Fácil de lavar. Paquete de 2 parches. Medidas: 1.5"" ancho x 4"" largo Garantía Garantía por defectos…"
simple,"DNP CY 6x2",,"Parche Do Not Pet - Reflectivo Coyote",1,0,visible,,"<details><summary>Descripción</summary><section><p>Parche Reflectivo ""Do Not Pet""</p><p>Tamaño</p><p>6"" x 2""</p></section></details><details><summary>Garantía</summary><section><div>Garantía por defectos de fábrica. Cortes y mordeduras no serán contemplados dentro de la garantía.</div><div><strong>Devoluciones</strong></div><div>Se realiza cambio si el producto presenta defecto de fábrica. </div><p>No se hacen reembolsos, se hacen cambios por productos disponibles, completando el mismo monto cancelado.</p><p><br></p></section></details><p><br></p>",taxable,,1,1,1,0,0,0.01,0.0,0.0,0.0,1,,,6500.00,"Parches de Identificación, Todos los Productos",,,https://d2j6dbq0eux0bg.cloudfront.net/images/104219285/4764188031.jpg,,,,,,,,,,"Elite K9",,,,,,,,,,,,,,,,695799693,https://www.specialk9.com/Parche-Do-Not-Pet-Reflectivo-Coyote-p695799693,"Parche Do Not Pet - Reflectivo Coyote","Descripción Parche Reflectivo ""Do Not Pet"" Tamaño 6"" x 2"" Garantía Garantía por defectos de fábrica. Cortes y mordeduras no serán contemplados dentro de la garantía. Devoluciones Se realiza cambio si el producto presenta defecto de fábrica. No se hacen reembolsos, se hacen cambios por productos…"
simple,ID830,,"Parche Do Not pet - Reflectivo Gris",1,0,visible,,"<details><summary>Descripción</summary><section><p>Parche Reflectivo ""Do Not Pet""</p><p>Tamaño</p><p>8"" x 2""</p></section></details><details><summary>Garantía</summary><section><div>Garantía por defectos de fábrica. Cortes y mordeduras no serán contemplados dentro de la garantía.</div><div><strong>Devoluciones</strong></div><div>Se realiza cambio si el producto presenta defecto de fábrica. </div><p>No se hacen reembolsos, se hacen cambios por productos disponibles, completando el mismo monto cancelado.</p><p><br></p></section></details><p><br></p>",taxable,,1,1,1,0,0,0.015,0.0,0.0,0.0,1,,,9000.00,"Parches de Identificación, Todos los Productos",,,https://d2j6dbq0eux0bg.cloudfront.net/images/104219285/4541388395.jpg,,,,,,,,,,"Elite K9",,,,,,,,,,,,,,,,695799691,https://www.specialk9.com/Parche-Do-Not-pet-Reflectivo-Gris-p695799691,"Parche Do Not pet - Reflectivo Gris","Descripción Parche Reflectivo ""Do Not Pet"" Tamaño 8"" x 2"" Garantía Garantía por defectos de fábrica. Cortes y mordeduras no serán contemplados dentro de la garantía. Devoluciones Se realiza cambio si el producto presenta defecto de fábrica. No se hacen reembolsos, se hacen cambios por productos…"
variable,"DNP ON",,"Parche Do Not pet - Reflectivo Naranja",1,0,visible,,"<details><summary>Descripción</summary><section><p>Parche Reflectivo ""Do Not Pet""</p><p>8"" x 2""</p><p>5"" x 1.5""</p><p>4"" x 2""</p></section></details><details><summary>Garantía</summary><section><div>Garantía por defectos de fábrica. Cortes y mordeduras no serán contemplados dentro de la garantía.</div><div><strong>Devoluciones</strong></div><div>Se realiza cambio si el producto presenta defecto de fábrica. </div><div>No se hacen reembolsos, se hacen cambios por productos disponibles, completando el mismo monto cancelado.</div><p><br></p></section></details><p><br></p>",taxable,,,,,,0,0.02,0.0,0.0,0.0,1,,,,"Parches de Identificación, Todos los Productos",,,https://d2j6dbq0eux0bg.cloudfront.net/images/104219285/4764182976.jpg,,,,,,,,,,"Elite K9",Tamaño,"8"" x 2"", 5"" x 1.5"", 4"" x 2""",1,0,,,,,,,,,,,,695799435,https://www.specialk9.com/Parche-Do-Not-pet-Reflectivo-Naranja-p695799435,"Parche Do Not pet - Reflectivo Naranja","Descripción Parche Reflectivo ""Do Not Pet"" 8"" x 2"" 5"" x 1.5"" 4"" x 2"" Garantía Garantía por defectos de fábrica. Cortes y mordeduras no serán contemplados dentro de la garantía. Devoluciones Se realiza cambio si el producto presenta defecto de fábrica. No se hacen reembolsos, se hacen cambios por…"
variation,ID434,,"Parche Do Not pet - Reflectivo Naranja - 4"" x 2""",1,,visible,,,taxable,parent,1,2,1,1,0,,,,,,,,6500.00,,,,,,,"DNP ON",,,,,,,,Tamaño,"4"" x 2""",1,0,,,,,,,,,,,,695799435,,,
variation,"DNP ON 5x1.5",,"Parche Do Not pet - Reflectivo Naranja - 5"" x 1.5""",1,,visible,,,taxable,parent,1,0,1,1,0,,,,,,,,6500.00,,,,,,,"DNP ON",,,,,,,,Tamaño,"5"" x 1.5""",1,0,,,,,,,,,,,,695799435,,,
variation,ID834,,"Parche Do Not pet - Reflectivo Naranja - 8"" x 2""",1,,visible,,,taxable,parent,1,0,1,1,0,,,,,,,,6500.00,,,,,,,"DNP ON",,,,,,,,Tamaño,"8"" x 2""",1,0,,,,,,,,,,,,695799435,,,
simple,"DNP YN 6x2",,"Parche Do Not pet - Reflectivo Neón",1,0,visible,,"<details><summary>Descripción</summary><section><p>Parche Reflectivo ""Do Not Pet""</p><p>Tamaño</p><p>6"" x 2""</p></section></details><details><summary>Garantía</summary><section><div>Garantía por defectos de fábrica. Cortes y mordeduras no serán contemplados dentro de la garantía.</div><div><strong>Devoluciones</strong></div><div>Se realiza cambio si el producto presenta defecto de fábrica. </div><p>No se hacen reembolsos, se hacen cambios por productos disponibles, completando el mismo monto cancelado.</p></section></details><p><br></p>",taxable,,1,1,1,0,0,0.01,0.0,0.0,0.0,1,,,6500.00,"Parches de Identificación, Todos los Productos",,,https://d2j6dbq0eux0bg.cloudfront.net/images/104219285/4764188047.jpg,,,,,,,,,,"Elite K9",,,,,,,,,,,,,,,,695816828,https://www.specialk9.com/Parche-Do-Not-pet-Reflectivo-Neon-p695816828,"Parche Do Not pet - Reflectivo Neón","Descripción Parche Reflectivo ""Do Not Pet"" Tamaño 6"" x 2"" Garantía Garantía por defectos de fábrica. Cortes y mordeduras no serán contemplados dentro de la garantía. Devoluciones Se realiza cambio si el producto presenta defecto de fábrica. No se hacen reembolsos, se hacen cambios por productos…"
variable,60156,,"Parche ""K9 Unit""",1,0,visible,,"<details><summary>Descripción</summary><section><p>Parche ""K9 Unit"" con letras amarillas y fondo negro.</p><p>Tamaños:</p><p>4"" x 2""</p><p>5"" x 1""</p><p>8 x 2""</p></section></details><details><summary>Garantía</summary><section><div>Garantía por defectos de fábrica. Cortes y mordeduras no serán contemplados dentro de la garantía.</div><div><strong>Devoluciones</strong></div><div>Se realiza cambio si el producto presenta defecto de fábrica. </div><p>No se hacen reembolsos, se hacen cambios por productos disponibles, completando el mismo monto cancelado.</p></section></details>",taxable,,,,,,0,0.025,0.0,0.0,0.0,1,,,,"Parches de Identificación, Todos los Productos",,,"https://d2j6dbq0eux0bg.cloudfront.net/images/104219285/4597492324.jpg, https://d2j6dbq0eux0bg.cloudfront.net/images/104219285/4597493006.jpg, https://d2j6dbq0eux0bg.cloudfront.net/images/104219285/4597492329.jpg",,,,,,,,,,"Elite K9",Tamaño,"8"" x 2"", 4"" x 2"", 5"" x 1""",1,0,,,,,,,,,,,,703504814,https://www.specialk9.com/Parche-K9-Unit-p703504814,"Parche ""K9 Unit""","Descripción Parche ""K9 Unit"" con letras amarillas y fondo negro. Tamaños: 4"" x 2"" 5"" x 1"" 8 x 2"" Garantía Garantía por defectos de fábrica. Cortes y mordeduras no serán contemplados dentro de la garantía. Devoluciones Se realiza cambio si el producto presenta defecto de fábrica. No se hacen…"
variation,ID822,,"Parche ""K9 Unit"" - 8"" x 2""",1,,visible,,,taxable,parent,1,2,1,1,0,,,,,,,,9000.00,,,,,,,60156,,,,,,,,Tamaño,"8"" x 2""",1,0,,,,,,,,,,,,703504814,,,
variation,ID422,,"Parche ""K9 Unit"" - 4"" x 2""",1,,visible,,,taxable,parent,1,2,1,1,0,,,,,,,,7000.00,,,,,,,60156,,,,,,,,Tamaño,"4"" x 2""",1,0,,,,,,,,,,,,703504814,,,
variation,ID522,,"Parche ""K9 Unit"" - 5"" x 1""",1,,visible,,,taxable,parent,1,0,1,1,0,,,,,,,,7000.00,,,,,,,60156,,,,,,,,Tamaño,"5"" x 1""",1,0,,,,,,,,,,,,703504814,,,
simple,"ID 825",,"Parche K9 Unit",1,0,visible,,"<details><summary>Descripción</summary><section><p>Parche color café</p><p>8"" x 2""</p></section></details><details><summary>Garantía</summary><section><div>Garantía por defectos de fábrica. Cortes y mordeduras no serán contemplados dentro de la garantía.</div><div><strong>Devoluciones</strong></div><div>Se realiza cambio si el producto presenta defecto de fábrica. </div><p>No se hacen reembolsos, se hacen cambios por productos disponibles, completando el mismo monto cancelado.</p></section></details><p><br></p>",taxable,,1,0,1,1,0,0.025,0.0,0.0,0.0,1,,,9000.00,"Parches de Identificación, Todos los Productos",,,https://d2j6dbq0eux0bg.cloudfront.net/images/104219285/4597498195.jpg,,,,,,,,,,"Elite K9",,,,,,,,,,,,,,,,703504817,https://www.specialk9.com/Parche-K9-Unit-p703504817,"Parche K9 Unit","Descripción Parche color café 8"" x 2"" Garantía Garantía por defectos de fábrica. Cortes y mordeduras no serán contemplados dentro de la garantía. Devoluciones Se realiza cambio si el producto presenta defecto de fábrica. No se hacen reembolsos, se hacen cambios por productos disponibles, completando…"
simple,ID820,,"Parche ""K9 Unit"" Reflectivo Gris",1,0,visible,,"<details><summary>Descripción</summary><section><p>Parche ""K9 Unit"" con letras negras y fondo gris.</p><p>Tamaño:</p><p>8 x 2""</p></section></details><details><summary>Garantía</summary><section><div>Garantía por defectos de fábrica. Cortes y mordeduras no serán contemplados dentro de la garantía.</div><div><strong>Devoluciones</strong></div><div>Se realiza cambio si el producto presenta defecto de fábrica. </div><p>No se hacen reembolsos, se hacen cambios por productos disponibles, completando el mismo monto cancelado.</p><p><br></p></section></details><p><br></p>",taxable,,1,0,1,1,0,0.015,0.0,0.0,0.0,1,,,9000.00,"Parches de Identificación, Todos los Productos",,,https://d2j6dbq0eux0bg.cloudfront.net/images/104219285/4541361622.jpg,,,,,,,,,,"Elite K9",,,,,,,,,,,,,,,,695799675,https://www.specialk9.com/Parche-K9-Unit-Reflectivo-Gris-p695799675,"Parche ""K9 Unit"" Reflectivo Gris","Descripción Parche ""K9 Unit"" con letras negras y fondo gris. Tamaño: 8 x 2"" Garantía Garantía por defectos de fábrica. Cortes y mordeduras no serán contemplados dentro de la garantía. Devoluciones Se realiza cambio si el producto presenta defecto de fábrica. No se hacen reembolsos, se hacen cambios…"
variable,CSTMP,,"Parche Personalizado",1,0,visible,,"<details><summary>Descripción</summary><section><p>Parche con letras amarillas y fondo negro.</p><p>Medidas:</p><p>6"" x 2""</p></section></details><details><summary>Garantía</summary><section><div>Garantía por defectos de fábrica. Cortes y mordeduras no serán contemplados dentro de la garantía.</div><div><strong>Devoluciones</strong></div><div>Se realiza cambio si el producto presenta defecto de fábrica. </div><p>No se hacen reembolsos, se hacen cambios por productos disponibles, completando el mismo monto cancelado.</p><p><br></p></section></details><p><br></p>",taxable,,,,,,0,0.025,0.0,0.0,0.0,1,,,,"Parches de Identificación, Todos los Productos",,,https://d2j6dbq0eux0bg.cloudfront.net/images/104219285/products/733477180/5726799344.png,,,,,,,,,,,Medidas,"6"" x 2"", 3cm x 13cm, 8"" x 3""",1,0,,,,,,,,,,,,733477180,https://www.specialk9.com/Parche-Personalizado-p733477180,"Parche Personalizado","Descripción Parche con letras amarillas y fondo negro. Medidas: 6"" x 2"" Garantía Garantía por defectos de fábrica. Cortes y mordeduras no serán contemplados dentro de la garantía. Devoluciones Se realiza cambio si el producto presenta defecto de fábrica. No se hacen reembolsos, se hacen cambios por…"
variation,"CSTMP 3",,"Parche Personalizado - 8"" x 3""",1,,visible,,,taxable,parent,1,0,1,1,0,,,,,,,,10500.00,,,,,,,CSTMP,,,,,,,,Medidas,"8"" x 3""",1,0,,,,,,,,,,,,733477180,,,
variation,"CSTMP 2",,"Parche Personalizado - 3cm x 13cm",1,,visible,,,taxable,parent,1,1,1,0,0,,,,,,,,7000.00,,,,,,,CSTMP,,,,,,,,Medidas,"3cm x 13cm",1,0,,,,,,,,,,,,733477180,,,
variation,"6 x 2 PP",,"Parche Personalizado - 6"" x 2""",1,,visible,,,taxable,parent,1,0,1,1,0,,,,,,,,6000.00,,,,,,,CSTMP,,,,,,,,Medidas,"6"" x 2""",1,0,,,,,,,,,,,,733477180,,,
simple,DNPM,,"Parche ""Please Don't Pet Me I'm Working""",1,0,visible,,"<details><summary>Descripción</summary><section><p>Parche ""Please Don't Pet Me I'm Working""<br>Tamaño:</p><p>3"" de díámetro</p></section></details><details><summary>Garantía</summary><section><div>Garantía por defectos de fábrica. Cortes y mordeduras no serán contemplados dentro de la garantía.</div><div><strong>Devoluciones</strong></div><div>Se realiza cambio si el producto presenta defecto de fábrica. </div><p>No se hacen reembolsos, se hacen cambios por productos disponibles, completando el mismo monto cancelado.</p></section></details><p><br></p>",taxable,,0,0,1,0,0,0.01,0.0,0.0,0.0,1,,,6500.00,"Parches de Identificación, Todos los Productos",,,https://d2j6dbq0eux0bg.cloudfront.net/images/104219285/4541236191.jpg,,,,,,,,,,,,,,,,,,,,,,,,,,695799568,https://www.specialk9.com/Parche-Please-Dont-Pet-Me-Im-Working-p695799568,"Parche ""Please Don't Pet Me I'm Working""","Descripción Parche ""Please Don't Pet Me I'm Working"" Tamaño: 3"" de díámetro Garantía Garantía por defectos de fábrica. Cortes y mordeduras no serán contemplados dentro de la garantía. Devoluciones Se realiza cambio si el producto presenta defecto de fábrica. No se hacen reembolsos, se hacen cambios…"
variable,ID402-802,,"Parche ""Police""",1,0,visible,,"<details><summary>Descripción</summary><section><p>Parche ""Police"" con letras amarillas y fondo negro.</p><p>Medidas:</p><p>8"" x 2""</p><p>4"" x 2""</p></section></details><details><summary>Garantía</summary><section><div>Garantía por defectos de fábrica. Cortes y mordeduras no serán contemplados dentro de la garantía.</div><div><strong>Devoluciones</strong></div><div>Se realiza cambio si el producto presenta defecto de fábrica. </div><p>No se hacen reembolsos, se hacen cambios por productos disponibles, completando el mismo monto cancelado.</p><p><br></p></section></details><p><br></p>",taxable,,,,,,0,0.025,0.0,0.0,0.0,1,,,,"Parches de Identificación, Todos los Productos",,,"https://d2j6dbq0eux0bg.cloudfront.net/images/104219285/4541269848.jpg, https://d2j6dbq0eux0bg.cloudfront.net/images/104219285/4541269853.jpg",,,,,,,,,,"Elite K9",Medidas,"8"" x 2"", 4"" x 2""",1,0,,,,,,,,,,,,695799326,https://www.specialk9.com/Parche-Police-p695799326,"Parche ""Police""","Descripción Parche ""Police"" con letras amarillas y fondo negro. Medidas: 8"" x 2"" 4"" x 2"" Garantía Garantía por defectos de fábrica. Cortes y mordeduras no serán contemplados dentro de la garantía. Devoluciones Se realiza cambio si el producto presenta defecto de fábrica. No se hacen reembolsos, se…"
variation,ID802,,"Parche ""Police"" - 8"" x 2""",1,,visible,,,taxable,parent,1,5,1,1,0,,,,,,,,9000.00,,,,,,,ID402-802,,,,,,,,Medidas,"8"" x 2""",1,0,,,,,,,,,,,,695799326,,,
variation,ID402,,"Parche ""Police"" - 4"" x 2""",1,,visible,,,taxable,parent,1,4,1,1,0,,,,,,,,7000.00,,,,,,,ID402-802,,,,,,,,Medidas,"4"" x 2""",1,0,,,,,,,,,,,,695799326,,,
simple,ID800,,"Parche ""Police"" Reflectivo Gris",1,0,visible,,"<details><summary>Descripción</summary><section><p>Parche ""K9 Unit"" con letras negras y fondo gris.</p><p>Tamaño:</p><p>8 x 2""</p></section></details><details><summary>Garantía</summary><section><div>Garantía por defectos de fábrica. Cortes y mordeduras no serán contemplados dentro de la garantía.</div><div><strong>Devoluciones</strong></div><div>Se realiza cambio si el producto presenta defecto de fábrica. </div><p>No se hacen reembolsos, se hacen cambios por productos disponibles, completando el mismo monto cancelado.</p></section></details><p><br></p>",taxable,,1,2,1,1,0,0.01,0.0,0.0,0.0,1,,,9000.00,"Parches de Identificación, Todos los Productos",,,https://d2j6dbq0eux0bg.cloudfront.net/images/104219285/4541261323.jpg,,,,,,,,,,"Elite K9",,,,,,,,,,,,,,,,695784611,https://www.specialk9.com/Parche-Police-Reflectivo-Gris-p695784611,"Parche ""Police"" Reflectivo Gris","Descripción Parche ""K9 Unit"" con letras negras y fondo gris. Tamaño: 8 x 2"" Garantía Garantía por defectos de fábrica. Cortes y mordeduras no serán contemplados dentro de la garantía. Devoluciones Se realiza cambio si el producto presenta defecto de fábrica. No se hacen reembolsos, se hacen cambios…"
simple,ID480,,"Parche Reflectivo Gris",1,0,visible,,"<details><summary>Descripción</summary><section><p>Parche reflectivo color gris</p><p>Tamaño:</p><p>4"" x 2""</p></section></details><details><summary>Garantía</summary><section><div>Garantía por defectos de fábrica. Cortes y mordeduras no serán contemplados dentro de la garantía.</div><div><strong>Devoluciones</strong></div><div>Se realiza cambio si el producto presenta defecto de fábrica. </div><p>No se hacen reembolsos, se hacen cambios por productos disponibles, completando el mismo monto cancelado.</p><p><br></p></section></details><p><br></p>",taxable,,1,0,1,1,0,0.01,0.0,0.0,0.0,1,,,7000.00,"Parches de Identificación, Todos los Productos",,,https://d2j6dbq0eux0bg.cloudfront.net/images/104219285/4541253278.jpg,,,,,,,,,,"Elite K9",,,,,,,,,,,,,,,,695799566,https://www.specialk9.com/Parche-Reflectivo-Gris-p695799566,"Parche Reflectivo Gris","Descripción Parche reflectivo color gris Tamaño: 4"" x 2"" Garantía Garantía por defectos de fábrica. Cortes y mordeduras no serán contemplados dentro de la garantía. Devoluciones Se realiza cambio si el producto presenta defecto de fábrica. No se hacen reembolsos, se hacen cambios por productos…"
simple,P410,,"Parche ""Security""",-1,0,hidden,,"<details><summary>Descripción</summary><section><p>Parche ""Security"" hecho de PVC negro de 3"" x 2""</p><p>Parche duradero, con un aspecto profesional muy moderno. El efecto de capas tridimensionales en relieve muestra los detalles más pequeños y están precosidos con velcro en la parte posterior. La mayoría de los modelos también cuentan con un patrón de textura de fondo especial que elimina los reflejos.<br></p><ul><li>Caucho moldeado por inyección</li><li>Extremadamente duradero</li><li>Efecto de capas 3D</li><li>Respaldo de velcro con gancho y bucle</li></ul></section></details><details><summary>Garantía</summary><section><div>Garantía por defectos de fábrica. Cortes y mordeduras no serán contemplados dentro de la garantía.</div><div><strong>Devoluciones</strong></div><div>Se realiza cambio si el producto presenta defecto de fábrica. </div><p>No se hacen reembolsos, se hacen cambios por productos disponibles, completando el mismo monto cancelado.</p><p><br></p></section></details><p><br></p>",taxable,,1,0,1,1,0,0.01,0.0,0.0,0.0,1,,,9500.00,"Parches de Identificación, Todos los Productos",,,https://d2j6dbq0eux0bg.cloudfront.net/images/104219285/4541242398.jpg,,,,,,,,,,,,,,,,,,,,,,,,,,695784601,https://www.specialk9.com/Parche-Security-p695784601,"Parche ""Security""","Descripción Parche ""Security"" hecho de PVC negro de 3"" x 2"" Parche duradero, con un aspecto profesional muy moderno. El efecto de capas tridimensionales en relieve muestra los detalles más pequeños y están precosidos con velcro en la parte posterior. La mayoría de los modelos también cuentan con un…"
variable,ID454-ID854,,"Parche ""Service Dog in Training"" Rojo",1,0,visible,,"<details><summary>Descripción</summary><section><p>Parche ""Service Dog in Training"" con letras negras y fondo rojo.</p><p>Tamaño:</p><p>4"" x 2""<br>8"" x 2""</p></section></details><details><summary>Garantía</summary><section><div>Garantía por defectos de fábrica. Cortes y mordeduras no serán contemplados dentro de la garantía.</div><div><strong>Devoluciones</strong></div><div>Se realiza cambio si el producto presenta defecto de fábrica. </div><p>No se hacen reembolsos, se hacen cambios por productos disponibles, completando el mismo monto cancelado.</p><p><br></p></section></details><p><br></p>",taxable,,,,,,0,0.02,0.0,0.0,0.0,1,,,,"Parches de Identificación, Todos los Productos",,,"https://d2j6dbq0eux0bg.cloudfront.net/images/104219285/4541317468.jpg, https://d2j6dbq0eux0bg.cloudfront.net/images/104219285/4541322339.jpg",,,,,,,,,,"Elite K9",Tamaño,"4"" x 2"", 8"" x 2""",1,0,,,,,,,,,,,,695799649,https://www.specialk9.com/Parche-Service-Dog-in-Training-Rojo-p695799649,"Parche ""Service Dog in Training"" Rojo","Descripción Parche ""Service Dog in Training"" con letras negras y fondo rojo. Tamaño: 4"" x 2"" 8"" x 2"" Garantía Garantía por defectos de fábrica. Cortes y mordeduras no serán contemplados dentro de la garantía. Devoluciones Se realiza cambio si el producto presenta defecto de fábrica. No se hacen…"
variation,ID854,,"Parche ""Service Dog in Training"" Rojo - 8"" x 2""",1,,visible,,,taxable,parent,1,3,1,1,0,,,,,,,,9000.00,,,,,,,ID454-ID854,,,,,,,,Tamaño,"8"" x 2""",1,0,,,,,,,,,,,,695799649,,,
variation,ID454,,"Parche ""Service Dog in Training"" Rojo - 4"" x 2""",1,,visible,,,taxable,parent,1,0,1,1,0,,,,,,,,7000.00,,,,,,,ID454-ID854,,,,,,,,Tamaño,"4"" x 2""",1,0,,,,,,,,,,,,695799649,,,
simple,"SDP 4x2",,"Parche ""Service Dog  No Touch/ No Talk/ No Eye Contact""",1,0,visible,,"<details><summary>Descripción</summary><section><p>Parche Service Dog (No Touch/ No Talk/ No Eye Contact)</p><p>Tamaño:</p><p>4""x 2.5""</p></section></details><details><summary>Garantía</summary><section><div>Garantía por defectos de fábrica. Cortes y mordeduras no serán contemplados dentro de la garantía.</div><div><strong>Devoluciones</strong></div><div>Se realiza cambio si el producto presenta defecto de fábrica. </div><p>No se hacen reembolsos, se hacen cambios por productos disponibles, completando el mismo monto cancelado.</p></section></details><p><br></p>",taxable,,1,0,1,1,0,0.01,0.0,0.0,0.0,1,,,6250.00,"Parches de Identificación, Todos los Productos",,,https://d2j6dbq0eux0bg.cloudfront.net/images/104219285/4541298122.jpg,,,,,,,,,,,,,,,,,,,,,,,,,,695799384,https://www.specialk9.com/Parche-Service-Dog-No-Touch-No-Talk-No-Eye-Contact-p695799384,"Parche ""Service Dog  No Touch/ No Talk/ No Eye Contact""","Descripción Parche Service Dog (No Touch/ No Talk/ No Eye Contact) Tamaño: 4""x 2.5"" Garantía Garantía por defectos de fábrica. Cortes y mordeduras no serán contemplados dentro de la garantía. Devoluciones Se realiza cambio si el producto presenta defecto de fábrica. No se hacen reembolsos, se hacen…"
variable,ID445-ID845,,"Parche ""Service K9"" Reflectivo Naranja",1,0,visible,,"<details><summary>Descripción</summary><section><p>Parche ""Service K9""</p><p>Tamaño:</p><p>4"" x 2""<br>8"" x 2""</p></section></details><details><summary>Garantía</summary><section><div>Garantía por defectos de fábrica. Cortes y mordeduras no serán contemplados dentro de la garantía.</div><div><strong>Devoluciones</strong></div><div><div>Se realiza cambio si el producto presenta defecto de fábrica. </div><p>No se hacen reembolsos, se hacen cambios por productos disponibles, completando el mismo monto cancelado.</p></div><p><br></p></section></details><p><br></p>",taxable,,,,,,0,0.15,0.0,0.0,0.0,1,,,,"Parches de Identificación, Todos los Productos",,,"https://d2j6dbq0eux0bg.cloudfront.net/images/104219285/4541345583.jpg, https://d2j6dbq0eux0bg.cloudfront.net/images/104219285/4541345084.jpg",,,,,,,,,,"Elite K9",Tamaño,"4"" x 2"", 8"" x 2""",1,0,,,,,,,,,,,,695816801,https://www.specialk9.com/Parche-Service-K9-Reflectivo-Naranja-p695816801,"Parche ""Service K9"" Reflectivo Naranja","Descripción Parche ""Service K9"" Tamaño: 4"" x 2"" 8"" x 2"" Garantía Garantía por defectos de fábrica. Cortes y mordeduras no serán contemplados dentro de la garantía. Devoluciones Se realiza cambio si el producto presenta defecto de fábrica. No se hacen reembolsos, se hacen cambios por productos…"
variation,ID845,,"Parche ""Service K9"" Reflectivo Naranja - 8"" x 2""",1,,visible,,,taxable,parent,1,0,1,1,0,,,,,,,,9000.00,,,,,,,ID445-ID845,,,,,,,,Tamaño,"8"" x 2""",1,0,,,,,,,,,,,,695816801,,,
variation,ID445,,"Parche ""Service K9"" Reflectivo Naranja - 4"" x 2""",1,,visible,,,taxable,parent,1,0,1,1,0,,,,,,,,7000.00,,,,,,,ID445-ID845,,,,,,,,Tamaño,"4"" x 2""",1,0,,,,,,,,,,,,695816801,,,
simple,"SPK9 Patch",,"Parche Special K9",1,1,visible,,"<details><summary>Descripción</summary><section><p>Demuestra tu orgullo por el trabajo y la disciplina de los perros K9 con el <strong>Parche Special K9</strong> — un parche bordado de alta calidad, resistente y diseñado para durar.<br> Ideal para guías, entrenadores y amantes del mundo K9, este parche se puede colocar fácilmente en chalecos, mochilas, chaquetas o bolsos de equipo.</p></section></details><details><summary>Características</summary><section><li>Bordado premium con el logo <strong>Special K9</strong></li><li> <strong>Reverso con velcro</strong> para fácil colocación y retiro</li><li> Materiales <strong>resistentes y duraderos</strong>, aptos para uso diario</li><li> Perfecto para <strong>unidades K9, deporte, trabajo o uso personal</strong></li><li> Tamaño: <strong>3.12"" x 2.12""</strong></li></section></details><details><summary><br></summary><section><p><br></p></section></details>",taxable,,1,51,1,0,0,0.1,0.0,0.0,0.0,1,,,4500.00,,,,https://d2j6dbq0eux0bg.cloudfront.net/images/104219285/5356944676.jpg,,,,,,,,,16,,,,,,,,,,,,,,,,,794964659,https://www.specialk9.com/Parche-Special-K9-p794964659,"Parche Special K9","Descripción Demuestra tu orgullo por el trabajo y la disciplina de los perros K9 con el Parche Special K9 — un parche bordado de alta calidad, resistente y diseñado para durar. Ideal para guías, entrenadores y amantes del mundo K9, este parche se puede colocar fácilmente en chalecos, mochilas,…"
variable,MH035-MG035,,"Pechera Combate hebilla COBRA",1,0,visible,,"<details><summary>Descripción</summary><section><p>Se utiliza como sistema de seguimiento/patrulla/I.D. arnés y es lo suficientemente fuerte como para usarse como arnés de agitación para el trabajo de mordida.</p><p>Características:</p><ul><li>Cintas y costura Mil-Spec</li><li>Anillo en V resistente con clasificación Mil-Spec para sujetar una correa</li><li>Hebillas de ajuste deslizantes de metal Tri Glide Mil-Spec</li><li>Accesorio de luz en la parte superior del arnés para la luz Guardian K-9</li><li>Dos áreas de velcro (4"" de ancho x 5-1/4"" de alto) para fijar parches de identificación de 4"" x 2"".</li><li>Ajustable para adaptarse a todos los perros de trabajo (de 26"" a 40"" de circunferencia)</li></ul></section></details><details><summary>Garantía</summary><section><div>Garantía por defectos de fábrica. Cortes y mordeduras no serán contemplados dentro de la garantía.</div><div><strong>Devoluciones</strong></div><div>Se realiza cambio si el producto presenta defecto de fábrica. </div><div>Muy respetuosamente pedimos que, al momento de solicitarnos un producto, tenga las medidas necesarias.</div><div>No se hacen reembolsos, se hacen cambios por productos disponibles, completando el mismo monto cancelado.</div></section></details>",taxable,,,,,,0,0.6,0.0,0.0,0.0,1,,,,"Pecheras, Todos los Productos",,,"https://d2j6dbq0eux0bg.cloudfront.net/images/104219285/products/695834825/4541455820.jpg, https://d2j6dbq0eux0bg.cloudfront.net/images/104219285/products/695834825/4598072797.png, https://d2j6dbq0eux0bg.cloudfront.net/images/104219285/products/695834825/4598062984.png, https://d2j6dbq0eux0bg.cloudfront.net/images/104219285/products/695834825/4598074256.png, https://d2j6dbq0eux0bg.cloudfront.net/images/104219285/products/695834825/4598062989.png, https://d2j6dbq0eux0bg.cloudfront.net/images/104219285/products/695834825/4598074261.png",,,,,,,,,,"Elite K9",Color,"Coyote, Negro",1,0,,,,,,,,,,,,695834825,https://www.specialk9.com/Pechera-Combate-hebilla-COBRA-p695834825,"Pechera Combate hebilla COBRA","Descripción Se utiliza como sistema de seguimiento/patrulla/I.D. arnés y es lo suficientemente fuerte como para usarse como arnés de agitación para el trabajo de mordida. Características: Cintas y costura Mil-Spec Anillo en V resistente con clasificación Mil-Spec para sujetar una correa Hebillas de…"
variation,"MH035 B",,"Pechera Combate hebilla COBRA - Negro",1,,visible,,,taxable,parent,1,0,1,1,0,,,,,,,,113000.00,,,,,,,MH035-MG035,,,,,,,,Color,Negro,1,0,,,,,,,,,,,,695834825,,,
variation,"MH035 C",,"Pechera Combate hebilla COBRA - Coyote",1,,visible,,,taxable,parent,1,0,1,1,0,,,,,,,,113000.00,,,,,,,MH035-MG035,,,,,,,,Color,Coyote,1,0,,,,,,,,,,,,695834825,,,
simple,"H16 M",,"Pechera de Agitación/Seguimiento",1,0,visible,,"<details><summary>Descripción</summary><section><p>Pechera de agitación/seguimiento</p><p>Este arnés de seguimiento/agitación de 3 puntos tiene un acolchado de fieltro de 8 mm de espesor para mayor comodidad y funciona muy bien.<br></p><p>Cuenta con correas ajustables de 1-1/4"" de ancho, puntadas y remaches de calidad y herrajes chapados en latón soldados.</p><p>Medida: Se adapta a la mayoría de los Malinois (el contorno es ajustable de 26"" a 36"")</p><p>Talla M</p></section></details><details><summary>Garantía</summary><section><div>Garantía por defectos de fábrica. Cortes y mordeduras no serán contemplados dentro de la garantía.</div><div><strong>Devoluciones</strong></div><div>Se realiza cambio si el producto presenta defecto de fábrica. </div><div>Muy respetuosamente pedimos que, al momento de solicitarnos un producto, tenga las medidas necesarias.</div><div>No se hacen reembolsos, se hacen cambios por productos disponibles, completando el mismo monto cancelado.</div></section></details><p><br></p>",taxable,,1,1,1,0,0,0.8,0.0,0.0,0.0,1,,,87000.00,"Pecheras, Todos los Productos",,,"https://d2j6dbq0eux0bg.cloudfront.net/images/104219285/products/695834838/4541470303.jpg, https://d2j6dbq0eux0bg.cloudfront.net/images/104219285/products/695834838/4598072824.jpg, https://d2j6dbq0eux0bg.cloudfront.net/images/104219285/products/695834838/4598075759.jpg",,,,,,,,,,"Elite K9",,,,,,,,,,,,,,,,695834838,https://www.specialk9.com/Pechera-de-Agitacion-Seguimiento-p695834838,"Pechera de Agitación","Descripción Pechera de agitación/seguimiento Este arnés de seguimiento/agitación de 3 puntos tiene un acolchado de fieltro de 8 mm de espesor para mayor comodidad y funciona muy bien. Cuenta con correas ajustables de 1-1/4"" de ancho, puntadas y remaches de calidad y herrajes chapados en latón…"
variable,MH025,,"Pechera de Operaciones Especiales",1,0,visible,,"<details><summary>Descripción</summary><section><p>Pechera desarrollada para operaciones especiales militares y fuerzas del orden para permitirles realizar una variedad de misiones.</p><p>Características especiales:</p><p>Talla única: ajustable para adaptarse a todos los perros de 40 a 130 libras.<br>Hardware y correas Mil-Spec que son lo suficientemente fuertes para cuerdas rápidas, rapel, paracaidismo, escalada y todas las demás tareas del K-9.<br>El diseño especial permite al perro tener un rango completo de movimiento y realizar todas las tareas mientras lo usa.<br>Dos asas de elevación en la parte superior del arnés le permiten levantar fácilmente a su perro y colocarlo sobre obstáculos o cargarlo en camiones altos, etc.<br>Dos anillos Mil-Spec V en la parte superior del arnés le permiten sujetar al perro a su arnés corporal con eslabones a presión. Los dos anillos en V también le brindan un punto de conexión de correa delantera y trasera.<br>Las hebillas Cobra de metal Mil-Spec permiten ponerse o quitarse el arnés en cuestión de segundos. Las correas PALS en ambos lados permiten la fijación de todo tipo de bolsas MOLLE y accesorios MOLLE.</p></section></details><details><summary>Garantía</summary><section><div>Garantía por defectos de fábrica. Cortes y mordeduras no serán contemplados dentro de la garantía.</div><div><strong>Devoluciones</strong></div><div>Se realiza cambio si el producto presenta defecto de fábrica. </div><div>Muy respetuosamente pedimos que, al momento de solicitarnos un producto, tenga las medidas necesarias.</div><div>No se hacen reembolsos, se hacen cambios por productos disponibles, completando el mismo monto cancelado.</div></section></details><p><br></p>",taxable,,,,,,0,0.85,0.0,0.0,0.0,1,,,,"Pecheras, Todos los Productos",,,"https://d2j6dbq0eux0bg.cloudfront.net/images/104219285/4541439694.jpg, https://d2j6dbq0eux0bg.cloudfront.net/images/104219285/4999038510.png",,,,,,,,,,"Elite K9",Color,"Negro, Coyote",1,0,,,,,,,,,,,,695834547,https://www.specialk9.com/Pechera-de-Operaciones-Especiales-p695834547,"Pechera de Operaciones Especiales","Descripción Pechera desarrollada para operaciones especiales militares y fuerzas del orden para permitirles realizar una variedad de misiones. Características especiales: Talla única: ajustable para adaptarse a todos los perros de 40 a 130 libras. Hardware y correas Mil-Spec que son lo…"
variation,"MH025 C",,"Pechera de Operaciones Especiales - Coyote",1,,visible,,,taxable,parent,1,0,1,1,0,,,,,,,,202000.00,,,,,,,MH025,,,,,,,,Color,Coyote,1,0,,,,,,,,,,,,695834547,,,
variation,"MH025 BL",,"Pechera de Operaciones Especiales - Negro",1,,visible,,,taxable,parent,1,2,1,1,0,,,,,,,,202000.00,,,,,,,MH025,,,,,,,,Color,Negro,1,0,,,,,,,,,,,,695834547,,,
variable,MH016,,"Pechera de Patrullaje con hebilla COBRA",1,0,visible,,"<details><summary>Descripción</summary><section><p>Pechera ajustable de 27"" a 34"", con hebilla COBRA y anillo en ""V"" para sujetar correa. Cuenta con panel de velcro en ambos lados para parche de identificacion 4"" x 2"" . Suficientemente fuerte para trabajo de agitation, patrullaje, y ratreo. Especificaciones militares.</p></section></details><details><summary>Garantía</summary><section><div>Garantía por defectos de fábrica. Cortes y mordeduras no serán contemplados dentro de la garantía.</div><div><strong>Devoluciones</strong></div><div>Se realiza cambio si el producto presenta defecto de fábrica. </div><div>Muy respetuosamente pedimos que, al momento de solicitarnos un producto, tenga las medidas necesarias.</div><div>No se hacen reembolsos, se hacen cambios por productos disponibles, completando el mismo monto cancelado.</div></section></details><p><br></p>",taxable,,,,,,0,0.4,0.0,0.0,0.0,1,,,,"Pecheras, Todos los Productos",,,"https://d2j6dbq0eux0bg.cloudfront.net/images/104219285/products/703625828/4598077893.jpg, https://d2j6dbq0eux0bg.cloudfront.net/images/104219285/products/703625828/4598081169.jpg, https://d2j6dbq0eux0bg.cloudfront.net/images/104219285/products/703625828/4598081196.png",,,,,,,,,,"Elite K9",Color,"Negro, Coyote",1,0,,,,,,,,,,,,703625828,https://www.specialk9.com/Pechera-de-Patrullaje-con-hebilla-COBRA-p703625828,"Pechera de Patrullaje con hebilla COBRA","Descripción Pechera ajustable de 27"" a 34"", con hebilla COBRA y anillo en ""V"" para sujetar correa. Cuenta con panel de velcro en ambos lados para parche de identificacion 4"" x 2"" . Suficientemente fuerte para trabajo de agitation, patrullaje, y ratreo. Especificaciones militares. Garantía Garantía…"
variation,"MH016 CY",,"Pechera de Patrullaje con hebilla COBRA - Coyote",1,,visible,,,taxable,parent,1,0,1,1,0,,,,,,,,81000.00,,,,,,,MH016,,,,,,,,Color,Coyote,1,0,,,,,,,,,,,,703625828,,,
variation,"MH016 BL",,"Pechera de Patrullaje con hebilla COBRA - Negro",1,,visible,,,taxable,parent,1,1,1,1,0,,,,,,,,81000.00,,,,,,,MH016,,,,,,,,Color,Negro,1,0,,,,,,,,,,,,703625828,,,
simple,H15,,"Pechera de rastreo",1,0,visible,,"<details><summary>Descripción</summary><section><p>Diseñado para maximizar la comodidad del perro durante trabajos de rastreo y seguimiento, este arnés distribuye la fuerza de tracción sobre el pecho y los hombros sin restringir el movimiento natural. Su construcción en cinta Mil-Spec de alta resistencia proporciona una excelente durabilidad para uso intensivo, mientras que la placa pectoral acolchada ayuda a reducir los puntos de presión durante recorridos prolongados. El sistema de ajuste permite adaptarlo fácilmente a diferentes constituciones físicas y la hebilla de liberación rápida facilita colocarlo y retirarlo con rapidez. Gracias a su diseño ligero y funcional, es una excelente opción para unidades K9, búsqueda, rescate, mantrailing y entrenamiento profesional de rastreo.</p></section></details><details><summary>Especificaciones Técnicas</summary><section><p>- Marca: Elite K-9<br>- Modelo: Tracking Harness<br>- Material principal: Cinta Mil-Spec de grado militar<br>- Color: Negro<br>- Talla: M<br>- Ajuste de perímetro torácico: 26""–36"" (66–91,4 cm)<br>- Placa pectoral acolchada para una mejor distribución de la fuerza de tracción<br>- Cinta de 2"" (5,08 cm) de alta resistencia<br>- Anilla en D de acero para fijación de la correa<br>- Hebilla tipo Cop-Lock de liberación rápida<br>- Deslizadores metálicos para un ajuste seguro<br>- Diseño ligero que no limita el movimiento natural del perro<br>- Ajustable para adaptarse a la mayoría de perros de trabajo<br>- Recomendada para rastreo, búsqueda, rescate y entrenamiento profesional K9<span></span></p></section></details><details><summary>Garantía</summary><section><div>Garantía por defectos de fábrica. Cortes y mordeduras no serán contemplados dentro de la garantía.</div><div><strong>Devoluciones</strong></div><div>Se realiza cambio si el producto presenta defecto de fábrica. </div><div>Muy respetuosamente pedimos que, al momento de solicitarnos un producto, tenga las medidas necesarias.</div><div>No se hacen reembolsos, se hacen cambios por productos disponibles, completando el mismo monto cancelado.</div></section></details>",taxable,,1,1,1,0,0,0.53,0.0,0.0,0.0,1,,,62000.00,"Pecheras, Todos los Productos",,,https://d2j6dbq0eux0bg.cloudfront.net/images/104219285/products/695816853/4541435253.jpg,,,,,,,,,,"Elite K9",,,,,,,,,,,,,,,,695816853,https://www.specialk9.com/Pechera-de-rastreo-p695816853,"Pechera de rastreo","Descripción Diseñado para maximizar la comodidad del perro durante trabajos de rastreo y seguimiento, este arnés distribuye la fuerza de tracción sobre el pecho y los hombros sin restringir el movimiento natural. Su construcción en cinta Mil-Spec de alta resistencia proporciona una excelente…"
variable,16STEALTH,,"Pechera IDC Stealth con hebilla Cobra",1,0,visible,,"<details><summary>Descripción</summary><section><p>Pechera IDC Stealth con hebilla Cobra</p><p>El diseño de IDC muy popular con nuevas funciones. Desarrollado para servicios de seguridad y cumplimiento de la ley.<br></p></section></details><details><summary>Medidas</summary><section><p>Talla L: Circunferencia de pecho 63 a 85cm / Peso 23 - 30 kg<br><br>Talla XL: Circunferencia de pecho 71 a 96cm / Peso 28 - 40 kg<br><br></p></section></details><details><summary>Garantía</summary><section><div>Garantía por defectos de fábrica. Cortes y mordeduras no serán contemplados dentro de la garantía.</div><div><strong>Devoluciones</strong></div><div>Se realiza cambio si el producto presenta defecto de fábrica. </div><div>Muy respetuosamente pedimos que, al momento de solicitarnos un producto, tenga las medidas necesarias.</div><div>No se hacen reembolsos, se hacen cambios por productos disponibles, completando el mismo monto cancelado.</div></section></details>",taxable,,,,,,0,0.4,0.0,0.0,0.0,1,,,,"Pecheras, Todos los Productos",,,"https://d2j6dbq0eux0bg.cloudfront.net/images/104219285/products/695816902/4541444899.jpg, https://d2j6dbq0eux0bg.cloudfront.net/images/104219285/products/695816902/4598068578.jpg, https://d2j6dbq0eux0bg.cloudfront.net/images/104219285/products/695816902/4598061490.jpg, https://d2j6dbq0eux0bg.cloudfront.net/images/104219285/products/695816902/4598068583.jpg, https://d2j6dbq0eux0bg.cloudfront.net/images/104219285/products/695816902/4598068588.jpg, https://d2j6dbq0eux0bg.cloudfront.net/images/104219285/products/695816902/4598068593.jpg",,,,,,,,,,"Julius K9",Tamaño,"L, XL",1,0,,Color,"Negro, Verde Oliva",1,0,,,,,,,695816902,https://www.specialk9.com/Pechera-IDC-Stealth-con-hebilla-Cobra-p695816902,"Pechera IDC Stealth con hebilla Cobra","Descripción Pechera IDC Stealth con hebilla Cobra El diseño de IDC muy popular con nuevas funciones. Desarrollado para servicios de seguridad y cumplimiento de la ley. Medidas Talla L: Circunferencia de pecho 63 a 85cm / Peso 23 - 30 kg Talla XL: Circunferencia de pecho 71 a 96cm / Peso 28 - 40 kg…"
variation,16STEALTH-COD-2,,"Pechera IDC Stealth con hebilla Cobra - XL / Verde Oliva",1,,visible,,,taxable,parent,1,1,1,1,0,,,,,,,,77000.00,,,,,,,16STEALTH,,,,,,,,Tamaño,XL,1,0,,Color,"Verde Oliva",1,0,,,,,,,695816902,,,
variation,16STEALTH-COD-1,,"Pechera IDC Stealth con hebilla Cobra - L / Verde Oliva",1,,visible,,,taxable,parent,1,1,1,1,0,,,,,,,,77000.00,,,,,,,16STEALTH,,,,,,,,Tamaño,L,1,0,,Color,"Verde Oliva",1,0,,,,,,,695816902,,,
variation,16STEALTH-CB-2,,"Pechera IDC Stealth con hebilla Cobra - XL / Negro",1,,visible,,,taxable,parent,1,1,1,1,0,,,,,,,,77000.00,,,,,,,16STEALTH,,,,,,,,Tamaño,XL,1,0,,Color,Negro,1,0,,,,,,,695816902,,,
variation,16STEALTH-CB-1,,"Pechera IDC Stealth con hebilla Cobra - L / Negro",1,,visible,,,taxable,parent,1,0,0,1,0,,,,,,,,77000.00,,,,,,,16STEALTH,,,,,,,,Tamaño,L,1,0,,Color,Negro,1,0,,,,,,,695816902,,,
variable,16IDC-MM-,,"Pechera para Cachorro IDC® Color & Gray®",1,0,visible,,"<details><summary>Descripción</summary><section><p>Pechera Julius-K9 IDC® Color & Gray®</p><p>Diseño ergonómico perfecto para una distribución óptima de la carga y el máximo confort.<br>El asa que se puede cerrar permite sujetar al perro con firmeza y levantarlo de forma segura.<br>Sus correas totalmente ajustables garantizan un ajuste cómodo y seguro.<br>Parches intercambiables.<br><br>Talla XS<br>Cincunferencia de Pecho: 40 a 53cm</p></section></details><details><summary>Garantía</summary><section><div>Garantía por defectos de fábrica. Cortes y mordeduras no serán contemplados dentro de la garantía.</div><div><strong>Devoluciones</strong></div><div>Se realiza cambio si el producto presenta defecto de fábrica. </div><div>Muy respetuosamente pedimos que, al momento de solicitarnos un producto, tenga las medidas necesarias.</div><div>No se hacen reembolsos, se hacen cambios por productos disponibles, completando el mismo monto cancelado.</div></section></details><p><br></p>",taxable,,,,,,0,0.07,0.0,0.0,0.0,1,,,,"Pecheras, Todos los Productos",,,"https://d2j6dbq0eux0bg.cloudfront.net/images/104219285/4555771613.png, https://d2j6dbq0eux0bg.cloudfront.net/images/104219285/4555771618.png, https://d2j6dbq0eux0bg.cloudfront.net/images/104219285/4555774039.png, https://d2j6dbq0eux0bg.cloudfront.net/images/104219285/4555773510.png, https://d2j6dbq0eux0bg.cloudfront.net/images/104219285/4598055517.png, https://d2j6dbq0eux0bg.cloudfront.net/images/104219285/4598054675.png",,,,,,,,,,"Julius K9",Color,"Negro, Azul, Rojo, Amarillo",1,0,,,,,,,,,,,,698029406,https://www.specialk9.com/Pechera-para-Cachorro-IDC-r-Color-&-Gray-r-p698029406,"Pechera para Cachorro IDC® Color & Gray®","Descripción Pechera Julius-K9 IDC® Color & Gray® Diseño ergonómico perfecto para una distribución óptima de la carga y el máximo confort. El asa que se puede cerrar permite sujetar al perro con firmeza y levantarlo de forma segura. Sus correas totalmente ajustables garantizan un ajuste cómodo y…"
variation,6IDC-MM-NE-2015,,"Pechera para Cachorro IDC® Color & Gray® - Amarillo",1,,visible,,,taxable,parent,1,1,1,1,0,,,,,,,,20000.00,,,,,,,16IDC-MM-,,,,,,,,Color,Amarillo,1,0,,,,,,,,,,,,698029406,,,
variation,16IDC-MM-R-2015,,"Pechera para Cachorro IDC® Color & Gray® - Rojo",1,,visible,,,taxable,parent,1,1,1,1,0,,,,,,,,20000.00,,,,,,,16IDC-MM-,,,,,,,,Color,Rojo,1,0,,,,,,,,,,,,698029406,,,
variation,16IDC-MM-B-2015,,"Pechera para Cachorro IDC® Color & Gray® - Azul",1,,visible,,,taxable,parent,1,1,1,1,0,,,,,,,,20000.00,,,,,,,16IDC-MM-,,,,,,,,Color,Azul,1,0,,,,,,,,,,,,698029406,,,
variation,16IDC-MM-2015,,"Pechera para Cachorro IDC® Color & Gray® - Negro",1,,visible,,,taxable,parent,1,1,1,1,0,,,,,,,,20000.00,,,,,,,16IDC-MM-,,,,,,,,Color,Negro,1,0,,,,,,,,,,,,698029406,,,
simple,16BFHIDC-1-NA,5999053660321,"Pechera para perro guía IDC",1,0,visible,,"<details><summary>Descripción</summary><section><p>Pechera para perro guía IDC</p><p>Es de tamaño ajustable, el práctico mango de aluminio es ligero y fácil de quitar con un cierre rápido, por lo que no tendrá que quitar toda la pechera para liberar el perro.</p><p>Talla L</p></section></details><details><summary>Garantía</summary><section><div>Garantía por defectos de fábrica. Cortes, mordeduras no serán contemplados dentro de la garantía.</div><div><strong>Devoluciones</strong></div><div>Se realiza cambio si el producto presenta defecto de fábrica. </div><div>Muy respetuosamente pedimos que, al momento de solicitarnos un producto, tenga las medidas necesarias.</div><div>No se hacen reembolsos, se hacen cambios por productos disponibles, completando el mismo monto cancelado.</div></section></details><p><br></p>",taxable,,1,1,1,1,0,2.0,0.0,0.0,0.0,1,,,72000.00,"Pecheras, Todos los Productos",,,"https://d2j6dbq0eux0bg.cloudfront.net/images/104219285/4541443221.jpg, https://d2j6dbq0eux0bg.cloudfront.net/images/104219285/4598061425.jpg, https://d2j6dbq0eux0bg.cloudfront.net/images/104219285/4598062883.jpg",,,,,,,,,,"Julius K9",,,,,,,,,,,,,,,,695834557,https://www.specialk9.com/Pechera-para-perro-guia-IDC-p695834557,"Pechera para perro guía IDC","Descripción Pechera para perro guía IDC Es de tamaño ajustable, el práctico mango de aluminio es ligero y fácil de quitar con un cierre rápido, por lo que no tendrá que quitar toda la pechera para liberar el perro. Talla L Garantía Garantía por defectos de fábrica. Cortes, mordeduras no serán…"
simple,VN-LUNA-BUOY-BALL,,"Pelota Flotante Luna para Perros",-1,1,hidden,,"<p>Pelota flotante interactiva para perros diseñada para juegos de lanzamiento, cobro y entrenamiento tanto en tierra como en agua. Fabricada con materiales resistentes y ligeros, ofrece excelente flotabilidad, alta visibilidad y un agarre cómodo para el perro durante el juego.</p><p>Su diseño permite un rebote dinámico y un fácil lanzamiento, ayudando a estimular el ejercicio físico, la motivación y el impulso de presa (prey drive). Ideal para perros activos, deportivos o de trabajo que disfrutan actividades al aire libre, natación y juegos interactivos con su guía.</p><p>Gracias a su construcción duradera, soporta sesiones intensas de juego mientras mantiene una textura amigable para la mordida del perro. Perfecta para entrenamiento, recompensa y enriquecimiento físico y mental.</p>",taxable,,0,0,1,0,0,0.0,0.0,0.0,0.0,1,,,0.00,,,,https://d2j6dbq0eux0bg.cloudfront.net/images/104219285/products/837948425/5788683113.png,,,,,,,,,71,"Venture Nines",,,,,,,,,,,,,,,,837948425,https://www.specialk9.com/Pelota-Flotante-Luna-para-Perros-p837948425,"Pelota Flotante Luna para Perros","Pelota flotante interactiva para perros diseñada para juegos de lanzamiento, cobro y entrenamiento tanto en tierra como en agua. Fabricada con materiales resistentes y ligeros, ofrece excelente flotabilidad, alta visibilidad y un agarre cómodo para el perro durante el juego. Su diseño permite un…"
simple,A510,,"Peluche Pastor Aleman",1,0,visible,,"<details><summary>Descripción</summary><section><p>Peluche de Perro pastor alemán.</p><p>Tiene:<br>- Chaleco de identificación policial<br>- Collar de identificación de nailon policial con hebilla de liberación rápida y etiqueta de identificación K-9 de metal</p><p>Mide poco más de 8"" de alto.</p></section></details><details><summary>Garantía</summary><section><p>Garantía por defectos de fábrica. Cortes y mordeduras no serán contemplados dentro de la garantía.</p></section></details>",taxable,,1,4,1,0,0,0.09,0.0,0.0,0.0,1,,,18500.00,"Todos los Productos, Indumentaria, Indumentaria > Colección",,,https://d2j6dbq0eux0bg.cloudfront.net/images/104219285/products/697525724/4553286901.png,,,,,,,,,,"Hero Dog",,,,,,,,,,,,,,,,697525724,https://www.specialk9.com/Peluche-Pastor-Aleman-p697525724,"Peluche Pastor Aleman","Descripción Peluche de Perro pastor alemán. Tiene: - Chaleco de identificación policial - Collar de identificación de nailon policial con hebilla de liberación rápida y etiqueta de identificación K-9 de metal Mide poco más de 8"" de alto. Garantía Garantía por defectos de fábrica. Cortes y mordeduras…"
variable,"TLS TJS TSS",,"Pescador con Corbatín",1,0,visible,,"<details><summary>Descripción</summary><section><p>Se utiliza para desarrollar el impulso en perros y es lo suficientemente fuerte como para tirar con un perro joven o adulto.</p><p>Además, es ideal para realizar pruebas de manejo en perros verdes.</p><p>Cuenta con un eje de plástico irrompible de 23½"" y una lámina de 25"" unida a una cuerda de 41"".</p></section></details><details><summary>Garantía</summary><section><div>Garantía por defectos de fábrica. Cortes y mordeduras no serán contemplados dentro de la garantía.</div><div><strong>Devoluciones</strong></div><div>Se realiza cambio si el producto presenta defecto de fábrica.</div><p>No se hacen reembolsos, se hacen cambios por productos disponibles, completando el mismo monto cancelado.</p></section></details>",taxable,,,,,,0,0.6,0.0,0.0,0.0,1,,,,"Recompensas > Mordedores, Todos los Productos",,,"https://d2j6dbq0eux0bg.cloudfront.net/images/104219285/4541117346.jpg, https://d2j6dbq0eux0bg.cloudfront.net/images/104219285/4541119502.jpg, https://d2j6dbq0eux0bg.cloudfront.net/images/104219285/4541112742.jpg",,,,,,,,,,"Elite K9",Material,"Cuero, Yute, Lino Francés",1,0,,,,,,,,,,,,695723442,https://www.specialk9.com/Pescador-con-Corbatin-p695723442,"Pescador con Corbatín","Descripción Se utiliza para desarrollar el impulso en perros y es lo suficientemente fuerte como para tirar con un perro joven o adulto. Además, es ideal para realizar pruebas de manejo en perros verdes. Cuenta con un eje de plástico irrompible de 23½"" y una lámina de 25"" unida a una cuerda de 41"".…"
variation,TSS-S,,"Pescador con Corbatín - Lino Francés",1,,visible,,,taxable,parent,1,0,1,1,0,,,,,,,,40000.00,,,,,,,"TLS TJS TSS",,,,,,,,Material,"Lino Francés",1,0,,,,,,,,,,,,695723442,,,
variation,TJS-S,,"Pescador con Corbatín - Yute",1,,visible,,,taxable,parent,1,0,1,1,0,,,,,,,,40000.00,,,,,,,"TLS TJS TSS",,,,,,,,Material,Yute,1,0,,,,,,,,,,,,695723442,,,
variation,TLS-S,,"Pescador con Corbatín - Cuero",1,,visible,,,taxable,parent,1,0,1,1,0,,,,,,,,45500.00,,,,,,,"TLS TJS TSS",,,,,,,,Material,Cuero,1,0,,,,,,,,,,,,695723442,,,
variable,"TJ06 TS06",,"Pescador con Mordedor",1,0,visible,,"<details><summary>Descripción</summary><section><p>Se utiliza para desarrollar el impulso en perros y es lo suficientemente fuerte como para tirar con un perro joven o adulto.</p><p>Además, es ideal para realizar pruebas de manejo en perros verdes.</p><p>Cuenta con un eje de plástico irrompible de 23½"" y una lámina de 25"" unida a una cuerda de 41"".</p></section></details><details><summary>Garantía</summary><section><div>Garantía por defectos de fábrica. Cortes y mordeduras no serán contemplados dentro de la garantía.</div><div>Devoluciones</div><div>Se realiza cambio si el producto presenta defecto de fábrica.</div><p>No se hacen reembolsos, se hacen cambios por productos disponibles, completando el mismo monto cancelado.</p></section></details><p><br></p>",taxable,,,,,,0,0.6,0.0,0.0,0.0,1,,,,"Recompensas > Mordedores, Todos los Productos",,,"https://d2j6dbq0eux0bg.cloudfront.net/images/104219285/4597996302.jpg, https://d2j6dbq0eux0bg.cloudfront.net/images/104219285/4597996573.jpg",,,,,,,,,,"Elite K9",Material,"Yute, Lino Francés",1,0,,,,,,,,,,,,703590466,https://www.specialk9.com/Pescador-con-Mordedor-p703590466,"Pescador con Mordedor","Descripción Se utiliza para desarrollar el impulso en perros y es lo suficientemente fuerte como para tirar con un perro joven o adulto. Además, es ideal para realizar pruebas de manejo en perros verdes. Cuenta con un eje de plástico irrompible de 23½"" y una lámina de 25"" unida a una cuerda de 41"".…"
variation,TS06,,"Pescador con Mordedor - Lino Francés",1,,visible,,,taxable,parent,1,1,1,1,0,,,,,,,,33000.00,,,,,,,"TJ06 TS06",,,,,,,,Material,"Lino Francés",1,0,,,,,,,,,,,,703590466,,,
variation,TJ06,,"Pescador con Mordedor - Yute",1,,visible,,,taxable,parent,1,0,1,1,0,,,,,,,,33000.00,,,,,,,"TJ06 TS06",,,,,,,,Material,Yute,1,0,,,,,,,,,,,,703590466,,,
variable,B65,,"Piernera Estilo Belga",1,0,visible,,"<details><summary>Descripción</summary><section><p>Piernera estilo belga</p><p>La piernera estilo belga está hecha de material sintético.<br>Tiene un cierre de velcro® en la parte posterior para facilitar su extracción y un asa en la parte superior del interior de la piernera.<br>Las pierneras vienen en cuatro niveles:</p><p>Nivel 1: Cachorro/perro joven<br>Nivel 2: Perro adulto blando<br>Nivel 3: Perro adulto intermedio<br>Nivel 4: Perro adulto avanzado<br><br>Puede adquirir las pierneras individualmente o aprovechar un descuento comprando el set de las cuatro niveles de pierneras.</p></section></details><details><summary>Garantía</summary><section><div>Garantía por defectos de fábrica. Cortes no serán contemplados dentro de la garantía.</div><div><strong>Devoluciones</strong></div><div>Se realiza cambio si el producto presenta defecto de fábrica. </div><p>No se hacen reembolsos, se hacen cambios por productos disponibles, completando el mismo monto cancelado.</p></section></details><p><br></p><p><br></p>",taxable,,,,,,0,0.0,0.0,0.0,0.0,1,,,,"Mangas y Pierneras, Todos los Productos",,,"https://d2j6dbq0eux0bg.cloudfront.net/images/104219285/products/697598069/4553411400.png, https://d2j6dbq0eux0bg.cloudfront.net/images/104219285/products/697598069/4553404465.png, https://d2j6dbq0eux0bg.cloudfront.net/images/104219285/products/697598069/4553411405.png, https://d2j6dbq0eux0bg.cloudfront.net/images/104219285/products/697598069/4553404470.png, https://d2j6dbq0eux0bg.cloudfront.net/images/104219285/products/697598069/4553402164.png, https://d2j6dbq0eux0bg.cloudfront.net/images/104219285/products/697598069/4596671573.jpg",,,,,,,,,,"Elite K9",Material,"Yute, Sintético",1,0,,Nivel,"Nivel 1, Nivel 2, Nivel 3, Nivel 4, Set de 4",1,0,,,,,,,697598069,https://www.specialk9.com/Piernera-Estilo-Belga-p697598069,"Piernera Estilo Belga","Descripción Piernera estilo belga La piernera estilo belga está hecha de material sintético. Tiene un cierre de velcro® en la parte posterior para facilitar su extracción y un asa en la parte superior del interior de la piernera. Las pierneras vienen en cuatro niveles: Nivel 1: Cachorro/perro joven…"
variation,"B65 F S",,"Piernera Estilo Belga - Sintético / Set de 4",1,,visible,,,taxable,parent,1,0,1,1,0,,,,,,,,354000.00,,,,,,,B65,,,,,,,,Material,Sintético,1,0,,Nivel,"Set de 4",1,0,,,,,,,697598069,,,
variation,"B65 L4 S",,"Piernera Estilo Belga - Sintético / Nivel 4",1,,visible,,,taxable,parent,1,0,1,1,0,,,,,,,,119000.00,,,,,,,B65,,,,,,,,Material,Sintético,1,0,,Nivel,"Nivel 4",1,0,,,,,,,697598069,,,
variation,"B65 L3 S",,"Piernera Estilo Belga - Sintético / Nivel 3",1,,visible,,,taxable,parent,1,0,1,1,0,,,,,,,,109500.00,,,,,,,B65,,,,,,,,Material,Sintético,1,0,,Nivel,"Nivel 3",1,0,,,,,,,697598069,,,
variation,"B65 L2 S",,"Piernera Estilo Belga - Sintético / Nivel 2",1,,visible,,,taxable,parent,1,0,1,1,0,,,,,,,,100500.00,,,,,,,B65,,,,,,,,Material,Sintético,1,0,,Nivel,"Nivel 2",1,0,,,,,,,697598069,,,
variation,"B65 L1 S",,"Piernera Estilo Belga - Sintético / Nivel 1",1,,visible,,,taxable,parent,1,1,1,1,0,,,,,,,,65000.00,,,,,,,B65,,,,,,,,Material,Sintético,1,0,,Nivel,"Nivel 1",1,0,,,,,,,697598069,,,
variation,"B65 F J",,"Piernera Estilo Belga - Yute / Set de 4",1,,visible,,,taxable,parent,1,0,1,1,0,,,,,,,,354000.00,,,,,,,B65,,,,,,,,Material,Yute,1,0,,Nivel,"Set de 4",1,0,,,,,,,697598069,,,
variation,"B65 L4 J",,"Piernera Estilo Belga - Yute / Nivel 4",1,,visible,,,taxable,parent,1,0,1,1,0,,,,,,,,119000.00,,,,,,,B65,,,,,,,,Material,Yute,1,0,,Nivel,"Nivel 4",1,0,,,,,,,697598069,,,
variation,"B65 L3 J",,"Piernera Estilo Belga - Yute / Nivel 3",1,,visible,,,taxable,parent,1,0,1,1,0,,,,,,,,109500.00,,,,,,,B65,,,,,,,,Material,Yute,1,0,,Nivel,"Nivel 3",1,0,,,,,,,697598069,,,
variation,"B65 L2 J",,"Piernera Estilo Belga - Yute / Nivel 2",1,,visible,,,taxable,parent,1,1,1,1,0,,,,,,,,100500.00,,,,,,,B65,,,,,,,,Material,Yute,1,0,,Nivel,"Nivel 2",1,0,,,,,,,697598069,,,
variation,"B65 L1 J",,"Piernera Estilo Belga - Yute / Nivel 1",1,,visible,,,taxable,parent,1,0,1,1,0,,,,,,,,65000.00,,,,,,,B65,,,,,,,,Material,Yute,1,0,,Nivel,"Nivel 1",1,0,,,,,,,697598069,,,
simple,Plk,,"Placa ID K9",1,0,visible,,"<p>Placa Identificación K9</p>",taxable,,1,24,1,0,0,0.08,0.0,0.0,0.0,1,,,5000.00,"Accesorios, Todos los Productos",,,https://d2j6dbq0eux0bg.cloudfront.net/images/104219285/products/697603123/4553428732.jpg,,,,,,,,,,"American Aluminum",,,,,,,,,,,,,,,,697603123,https://www.specialk9.com/Placa-ID-K9-p697603123,"Placa ID K9","Placa Identificación K9"
simple,K05,,"Plato de alimentación",1,0,visible,,"<details><summary>Descripción</summary><section><p>Taza de alimentación ultrarresistente.</p><p><span></span>El plato de alimentación está hecho de acero inoxidable resistente de la más alta calidad. Cuenta con un anillo de goma duradero y moldeado permanentemente en la parte inferior para brindar estabilidad y eliminar el deslizamiento. Esta bandeja de alimentación es resistente a rayones, grietas y apta para lavavajillas.</p><p>Tamaño: 64 onzas (2 cuartos)</p></section></details><details><summary>Garantía</summary><section><p>Un mes de garantía por defectos de fábrica. Importante el mantenimiento y manejo correcto del producto. Mordeduras, cortes y golpes no serán contemplados dentro de la garantía.<br></p></section></details><p><br></p>",taxable,,1,2,1,0,0,0.28,0.0,0.0,0.0,1,,,16500.00,"Todos los Productos, Alimentos & Suplementos > Platos/Feeders, Alimentos & Suplementos",,,https://d2j6dbq0eux0bg.cloudfront.net/images/104219285/products/695834843/4541470420.jpg,,,,,"3547,SS0129,K01,SK9-BBS,BT 25",,,,,"QT Dog",,,,,,,,,,,,,,,,695834843,https://www.specialk9.com/Plato-de-alimentacion-p695834843,"Plato de alimentación","Descripción Taza de alimentación ultrarresistente. El plato de alimentación está hecho de acero inoxidable resistente de la más alta calidad. Cuenta con un anillo de goma duradero y moldeado permanentemente en la parte inferior para brindar estabilidad y eliminar el deslizamiento. Esta bandeja de…"
simple,"K04 SS0105",,"Plato de alimentación antivuelco",1,0,visible,,"<details><summary>Descripción</summary><section><p>Taza de alimentación ultrarresistente.</p><p><span></span>El plato de alimentación está hecho de acero inoxidable resistente de la más alta calidad. Antivuelcos. Cuenta con un anillo de goma duradero y moldeado permanentemente en la parte inferior para brindar estabilidad y eliminar el deslizamiento. Esta bandeja de alimentación es resistente a rayones, grietas y apta para lavavajillas.</p><p>Tamaño: 64 onzas (2 cuartos)</p></section></details><details><summary>Garantía</summary><section><p>Un mes de garantía por defectos de fábrica. Importante el mantenimiento y manejo correcto del producto. Mordeduras, cortes y golpes no serán contemplados dentro de la garantía.<br></p></section></details><p><br></p>",taxable,,1,4,1,0,0,0.28,0.0,0.0,0.0,1,,,16600.00,"Todos los Productos, Alimentos & Suplementos > Platos/Feeders, Alimentos & Suplementos",,,"https://d2j6dbq0eux0bg.cloudfront.net/images/104219285/products/746961314/4893044477.jpg, https://d2j6dbq0eux0bg.cloudfront.net/images/104219285/products/746961314/4893046399.jpg",,,,,"3547,SS0129,K01,SK9-BBS,BT 25",,,,,"QT Dog",,,,,,,,,,,,,,,,746961314,https://www.specialk9.com/Plato-de-alimentacion-antivuelco-p746961314,"Plato de alimentación antivuelco","Descripción Taza de alimentación ultrarresistente. El plato de alimentación está hecho de acero inoxidable resistente de la más alta calidad. Antivuelcos. Cuenta con un anillo de goma duradero y moldeado permanentemente en la parte inferior para brindar estabilidad y eliminar el deslizamiento. Esta…"
simple,SS0129,671963011169,"Plato de alimentación para cachorro",1,0,visible,,"<details><summary>Descripción</summary><section><p>Hecho de acero inoxidable de primera calidad.</p><p>Producto muy duradero.</p><p>Medida: 15"" de diámetro</p></section></details>",taxable,,1,4,1,0,0,0.69,0.0,0.0,0.0,1,,,18000.00,"Todos los Productos, Alimentos & Suplementos > Platos/Feeders, Alimentos & Suplementos",,,"https://d2j6dbq0eux0bg.cloudfront.net/images/104219285/products/695834839/4541470358.jpg, https://d2j6dbq0eux0bg.cloudfront.net/images/104219285/products/695834839/4562584465.jpg",,,,,"SK9-BBS,16IDC-MM-,B12,3547,K05",,,,,"QT Dog",,,,,,,,,,,,,,,,695834839,https://www.specialk9.com/Plato-de-alimentacion-para-cachorro-p695834839,"Plato de alimentación para cachorro","Descripción Hecho de acero inoxidable de primera calidad. Producto muy duradero. Medida: 15"" de diámetro"
simple,3547,671963014443,"Plato retardante de alimentación",1,0,visible,,"<details><summary>Descripción</summary><section><p>Tazón hecho de acero inoxidable,  aprobado por veterinarios para ayudar a su perro a reducir la velocidad durante la hora de comer, para que pueda sentirse satisfecho y lleno mientras reduce el riesgo de hinchazón. </p><p>Las tres obstrucciones de acero inoxidable en el centro del recipiente requieren que su perro las rodee, animándolo a reducir la velocidad.</p><p>Cuenta con un fondo antideslizante. </p><p>64oz</p></section></details><details><summary>Garantía</summary><section><p>Un mes de garantía por defectos de fábrica. Importante el mantenimiento y manejo correcto del producto. Mordeduras, cortes y golpes no serán contemplados dentro de la garantía.</p></section></details>",taxable,,1,12,1,0,0,0.47,0.0,0.0,0.0,1,,,21500.00,"Todos los Productos, Alimentos & Suplementos > Platos/Feeders, Alimentos & Suplementos",,,"https://d2j6dbq0eux0bg.cloudfront.net/images/104219285/products/695834841/4541455982.jpg, https://d2j6dbq0eux0bg.cloudfront.net/images/104219285/products/695834841/5391584818.webp, https://d2j6dbq0eux0bg.cloudfront.net/images/104219285/products/695834841/5391583641.jpg",,,,,"3685,SK9-BBS,SS0129,K05,BT 25I",,,,,"QT Dog",,,,,,,,,,,,,,,,695834841,https://www.specialk9.com/Plato-retardante-de-alimentacion-p695834841,"Plato retardante de alimentación","Descripción Tazón hecho de acero inoxidable, aprobado por veterinarios para ayudar a su perro a reducir la velocidad durante la hora de comer, para que pueda sentirse satisfecho y lleno mientras reduce el riesgo de hinchazón. Las tres obstrucciones de acero inoxidable en el centro del recipiente…"
variable,"B30 C",,"Police Bite Sleeve Camuflaje",1,1,visible,,"<p>La manga de protección contra mordeduras Police es nuestro producto más vendido. Esta manga sintética está diseñada para perros de nivel intermedio a avanzado. Cuenta con un asa en la parte posterior del brazo para facilitar la sujeción. El interior está forrado con una cómoda tela de algodón y el asa tiene una suave cubierta de espuma. Esta manga no tiene funda extraíble.</p>",taxable,,,,,,0,4.0,0.0,0.0,0.0,1,,,,"Mangas y Pierneras",,,https://d2j6dbq0eux0bg.cloudfront.net/images/104219285/5351392336.jpg,,,,,,,,,15,"Elite K9",Orientation,"Derecha, Izquierda",1,0,,,,,,,,,,,,794636565,https://www.specialk9.com/Police-Bite-Sleeve-Camuflaje-p794636565,"Police Bite Sleeve Camuflaje","La manga de protección contra mordeduras Police es nuestro producto más vendido. Esta manga sintética está diseñada para perros de nivel intermedio a avanzado. Cuenta con un asa en la parte posterior del brazo para facilitar la sujeción. El interior está forrado con una cómoda tela de algodón y el…"
variation,"B30 C L",,"Police Bite Sleeve Camuflaje - Izquierda",1,,visible,,,taxable,parent,1,1,1,1,0,,,,,,,,167500.00,,,,,,,"B30 C",,,,,,,,Orientation,Izquierda,1,0,,,,,,,,,,,,794636565,,,
variation,"B30 C R",,"Police Bite Sleeve Camuflaje - Derecha",1,,visible,,,taxable,parent,1,0,1,1,0,,,,,,,,167500.00,,,,,,,"B30 C",,,,,,,,Orientation,Derecha,1,0,,,,,,,,,,,,794636565,,,
simple,60224,,"Porta Kongs",1,1,visible,,"<p>La funda de acrílico termoplástico ofrece un ajuste a presión del kong para asegurar que no se mueva y la parte superior es acampanada para facilitar su reenfundado. El cordón elástico es ajustable, se puede configurar el nivel de sujeción necesario para tu juguete específico. </p>",taxable,,1,1,1,0,0,0.0,0.0,0.0,0.0,1,,,46500.00,,,,https://d2j6dbq0eux0bg.cloudfront.net/images/104219285/5412831933.png,,,,,,,,,22,"High Order Tactical",,,,,,,,,,,,,,,,799088197,https://www.specialk9.com/Porta-Kongs-p799088197,"Porta Kongs","La funda de acrílico termoplástico ofrece un ajuste a presión del kong para asegurar que no se mueva y la parte superior es acampanada para facilitar su reenfundado. El cordón elástico es ajustable, se puede configurar el nivel de sujeción necesario para tu juguete específico."
simple,60162,,"Producto de Prueba",-1,0,hidden,,"<p>Este artículo no está a la venta</p>",taxable,,0,0,1,0,0,0.0,0.0,0.0,0.0,1,,,50.00,"Collares > Collar Eslabón",,,https://d2j6dbq0eux0bg.cloudfront.net/images/104219285/4819340612.jpg,,,,,,,,,,,,,,,,,,,,,,,,,,734463947,https://www.specialk9.com/Producto-de-Prueba-p734463947,"Producto de Prueba","Este artículo no está a la venta"
simple,60163,,"Prueba 12",-1,1,hidden,,,taxable,,0,,,0,0,2.0,0.0,0.0,0.0,1,,,100.00,,,,,,,,,,,,,6,,,,,,,,,,,,,,,,,735028749,https://www.specialk9.com/Prueba-12-p735028749,"Prueba 12",
variable,MDD-D,,"Prueba de Campo para Detección con Codigo QR",1,1,visible,,"<p>Prueba de campo colorimétrica diseñada para la detección presuntiva de cocaína. El sistema MobileDetect Pouch integra tecnología de detección rápida en un formato seguro y práctico para uso operativo en campo.<br><br>Cada kit incluye un hisopo removible para toma de muestra y una cubierta plástica rígida que ayuda a prevenir perforaciones o accidentes durante la manipulación. El resultado se obtiene mediante reacción colorimétrica de fácil interpretación.<br><br>Incluye código QR para acceso rápido a información y verificación digital del producto.<br><br>Presentación: Caja de 10 pruebas. </p>",taxable,,,,,,0,0.0,0.0,0.0,0.0,1,,,,"Detección, Todos los Productos",,,"https://d2j6dbq0eux0bg.cloudfront.net/images/104219285/products/837792609/5787063645.webp, https://d2j6dbq0eux0bg.cloudfront.net/images/104219285/products/837792609/5787047958.webp, https://d2j6dbq0eux0bg.cloudfront.net/images/104219285/products/837792609/5787062950.png, https://d2j6dbq0eux0bg.cloudfront.net/images/104219285/products/837792609/5787090739.png, https://d2j6dbq0eux0bg.cloudfront.net/images/104219285/products/837792609/5787092739.webp, https://d2j6dbq0eux0bg.cloudfront.net/images/104219285/products/837792609/5787092745.webp, https://d2j6dbq0eux0bg.cloudfront.net/images/104219285/products/837792609/5787090745.webp, https://d2j6dbq0eux0bg.cloudfront.net/images/104219285/products/837792609/5787117251.png, https://d2j6dbq0eux0bg.cloudfront.net/images/104219285/products/837792609/5787096182.webp, https://d2j6dbq0eux0bg.cloudfront.net/images/104219285/products/837792609/5787117001.png, https://d2j6dbq0eux0bg.cloudfront.net/images/104219285/products/837792609/5787104186.webp, https://d2j6dbq0eux0bg.cloudfront.net/images/104219285/products/837792609/5787117007.webp, https://d2j6dbq0eux0bg.cloudfront.net/images/104219285/products/837792609/5788149048.jpg, https://d2j6dbq0eux0bg.cloudfront.net/images/104219285/products/837792609/5788131486.jpg",,,,,,,,,70,DETECTACHEM,Olor,"Cocaína, Diferenciador CBD/THC, DDM, GHB, Tamizaje de Opiáceos, Heroína, Ketamina, LSD, METH/MDMA, Hongos, Opíaceos Especiales, Cannabinoides sintéticos, THC, PCP",1,0,,Cantidad,"1 Unidad, 10 Unidades",1,0,,,,,,,837792609,https://www.specialk9.com/Prueba-de-Campo-para-Deteccion-con-Codigo-QR-p837792609,"Prueba de Campo para Detección con Codigo QR","Prueba de campo colorimétrica diseñada para la detección presuntiva de cocaína. El sistema MobileDetect Pouch integra tecnología de detección rápida en un formato seguro y práctico para uso operativo en campo. Cada kit incluye un hisopo removible para toma de muestra y una cubierta plástica rígida…"
variation,MDD-DTH-AQR-1,,"Prueba de Campo para Detección con Codigo QR - THC / 1 Unidad",1,,visible,,,taxable,parent,1,0,1,1,0,,,,,,,,4280.00,,,,,,,MDD-D,,,,,,,,Olor,THC,1,0,,Cantidad,"1 Unidad",1,0,,,,,,,837792609,,,
variation,MDD-DSY-AQR-1,,"Prueba de Campo para Detección con Codigo QR - Cannabinoides sintéticos / 1 Unidad",1,,visible,,,taxable,parent,1,2,1,1,0,,,,,,,,4280.00,,,,,,,MDD-D,,,,,,,,Olor,"Cannabinoides sintéticos",1,0,,Cantidad,"1 Unidad",1,0,,,,,,,837792609,,,
variation,MDD-DSO-AQR-1,,"Prueba de Campo para Detección con Codigo QR - Opíaceos Especiales / 1 Unidad",1,,visible,,,taxable,parent,1,2,1,1,0,,,,,,,,4280.00,,,,,,,MDD-D,,,,,,,,Olor,"Opíaceos Especiales",1,0,,Cantidad,"1 Unidad",1,0,,,,,,,837792609,,,
variation,MDD-DPC-AQR-1,,"Prueba de Campo para Detección con Codigo QR - PCP / 1 Unidad",1,,visible,,,taxable,parent,1,0,1,1,0,,,,,,,,4280.00,,,,,,,MDD-D,,,,,,,,Olor,PCP,1,0,,Cantidad,"1 Unidad",1,0,,,,,,,837792609,,,
variation,MDD-DMU-AQR-1,,"Prueba de Campo para Detección con Codigo QR - Hongos / 1 Unidad",1,,visible,,,taxable,parent,1,0,1,1,0,,,,,,,,4280.00,,,,,,,MDD-D,,,,,,,,Olor,Hongos,1,0,,Cantidad,"1 Unidad",1,0,,,,,,,837792609,,,
variation,MDD-DME-AQR-1,,"Prueba de Campo para Detección con Codigo QR - METH/MDMA / 1 Unidad",1,,visible,,,taxable,parent,1,2,1,1,0,,,,,,,,4280.00,,,,,,,MDD-D,,,,,,,,Olor,METH/MDMA,1,0,,Cantidad,"1 Unidad",1,0,,,,,,,837792609,,,
variation,MDD-DLS-AQR-1,,"Prueba de Campo para Detección con Codigo QR - LSD / 1 Unidad",1,,visible,,,taxable,parent,1,0,1,1,0,,,,,,,,4280.00,,,,,,,MDD-D,,,,,,,,Olor,LSD,1,0,,Cantidad,"1 Unidad",1,0,,,,,,,837792609,,,
variation,MDD-DKE-AQR-1,,"Prueba de Campo para Detección con Codigo QR - Ketamina / 1 Unidad",1,,visible,,,taxable,parent,1,0,1,1,0,,,,,,,,4280.00,,,,,,,MDD-D,,,,,,,,Olor,Ketamina,1,0,,Cantidad,"1 Unidad",1,0,,,,,,,837792609,,,
variation,MDD-DHE-AQR-1,,"Prueba de Campo para Detección con Codigo QR - Heroína / 1 Unidad",1,,visible,,,taxable,parent,1,2,1,1,0,,,,,,,,4280.00,,,,,,,MDD-D,,,,,,,,Olor,Heroína,1,0,,Cantidad,"1 Unidad",1,0,,,,,,,837792609,,,
variation,MDD-DGS-AQR-1,,"Prueba de Campo para Detección con Codigo QR - Tamizaje de Opiáceos / 1 Unidad",1,,visible,,,taxable,parent,1,0,1,1,0,,,,,,,,4280.00,,,,,,,MDD-D,,,,,,,,Olor,"Tamizaje de Opiáceos",1,0,,Cantidad,"1 Unidad",1,0,,,,,,,837792609,,,
variation,MDD-DGH-AQR-1,,"Prueba de Campo para Detección con Codigo QR - GHB / 1 Unidad",1,,visible,,,taxable,parent,1,0,1,1,0,,,,,,,,4280.00,,,,,,,MDD-D,,,,,,,,Olor,GHB,1,0,,Cantidad,"1 Unidad",1,0,,,,,,,837792609,,,
variation,MDD-DDM-AQR-1,,"Prueba de Campo para Detección con Codigo QR - DDM / 1 Unidad",1,,visible,,,taxable,parent,1,0,1,1,0,,,,,,,,5100.00,,,,,,,MDD-D,,,,,,,,Olor,DDM,1,0,,Cantidad,"1 Unidad",1,0,,,,,,,837792609,,,
variation,MDD-DCT-AQR,,"Prueba de Campo para Detección con Codigo QR - Diferenciador CBD/THC / 1 Unidad",1,,visible,,,taxable,parent,1,2,1,1,0,,,,,,,,4280.00,,,,,,,MDD-D,,,,,,,,Olor,"Diferenciador CBD/THC",1,0,,Cantidad,"1 Unidad",1,0,,,,,,,837792609,,,
variation,MDD-DCO-AQR-1,,"Prueba de Campo para Detección con Codigo QR - Cocaína / 1 Unidad",1,,visible,,,taxable,parent,1,0,1,1,0,,,,,,,,4280.00,,,,,,,MDD-D,,,,,,,,Olor,Cocaína,1,0,,Cantidad,"1 Unidad",1,0,,,,,,,837792609,,,
variation,MDD-DTH-AQR-10,,"Prueba de Campo para Detección con Codigo QR - THC / 10 Unidades",1,,visible,,,taxable,parent,1,0,1,1,0,,,,,,,,42800.00,,,,,,,MDD-D,,,,,,,,Olor,THC,1,0,,Cantidad,"10 Unidades",1,0,,,,,,,837792609,,,
variation,MDD-DSY-AQR-10,,"Prueba de Campo para Detección con Codigo QR - Cannabinoides sintéticos / 10 Unidades",1,,visible,,,taxable,parent,1,0,1,1,0,,,,,,,,42800.00,,,,,,,MDD-D,,,,,,,,Olor,"Cannabinoides sintéticos",1,0,,Cantidad,"10 Unidades",1,0,,,,,,,837792609,,,
variation,MDD-DSO-AQR-10,,"Prueba de Campo para Detección con Codigo QR - Opíaceos Especiales / 10 Unidades",1,,visible,,,taxable,parent,1,0,1,1,0,,,,,,,,42800.00,,,,,,,MDD-D,,,,,,,,Olor,"Opíaceos Especiales",1,0,,Cantidad,"10 Unidades",1,0,,,,,,,837792609,,,
variation,MDD-DPC-AQR-10,,"Prueba de Campo para Detección con Codigo QR - PCP / 10 Unidades",1,,visible,,,taxable,parent,1,0,1,1,0,,,,,,,,42800.00,,,,,,,MDD-D,,,,,,,,Olor,PCP,1,0,,Cantidad,"10 Unidades",1,0,,,,,,,837792609,,,
variation,MDD-DMU-AQR-10,,"Prueba de Campo para Detección con Codigo QR - Hongos / 10 Unidades",1,,visible,,,taxable,parent,1,0,1,1,0,,,,,,,,42800.00,,,,,,,MDD-D,,,,,,,,Olor,Hongos,1,0,,Cantidad,"10 Unidades",1,0,,,,,,,837792609,,,
variation,MDD-DME-AQR-10,,"Prueba de Campo para Detección con Codigo QR - METH/MDMA / 10 Unidades",1,,visible,,,taxable,parent,1,0,1,1,0,,,,,,,,42800.00,,,,,,,MDD-D,,,,,,,,Olor,METH/MDMA,1,0,,Cantidad,"10 Unidades",1,0,,,,,,,837792609,,,
variation,MDD-DLS-AQR-10,,"Prueba de Campo para Detección con Codigo QR - LSD / 10 Unidades",1,,visible,,,taxable,parent,1,0,1,1,0,,,,,,,,42800.00,,,,,,,MDD-D,,,,,,,,Olor,LSD,1,0,,Cantidad,"10 Unidades",1,0,,,,,,,837792609,,,
variation,MDD-DKE-AQR-10,,"Prueba de Campo para Detección con Codigo QR - Ketamina / 10 Unidades",1,,visible,,,taxable,parent,1,0,1,1,0,,,,,,,,42800.00,,,,,,,MDD-D,,,,,,,,Olor,Ketamina,1,0,,Cantidad,"10 Unidades",1,0,,,,,,,837792609,,,
variation,MDD-DHE-AQR-10,,"Prueba de Campo para Detección con Codigo QR - Heroína / 10 Unidades",1,,visible,,,taxable,parent,1,0,1,1,0,,,,,,,,42800.00,,,,,,,MDD-D,,,,,,,,Olor,Heroína,1,0,,Cantidad,"10 Unidades",1,0,,,,,,,837792609,,,
variation,MDD-DGS-AQR-10,,"Prueba de Campo para Detección con Codigo QR - Tamizaje de Opiáceos / 10 Unidades",1,,visible,,,taxable,parent,1,0,1,1,0,,,,,,,,42800.00,,,,,,,MDD-D,,,,,,,,Olor,"Tamizaje de Opiáceos",1,0,,Cantidad,"10 Unidades",1,0,,,,,,,837792609,,,
variation,MDD-DGH-AQR-10,,"Prueba de Campo para Detección con Codigo QR - GHB / 10 Unidades",1,,visible,,,taxable,parent,1,0,1,1,0,,,,,,,,42800.00,,,,,,,MDD-D,,,,,,,,Olor,GHB,1,0,,Cantidad,"10 Unidades",1,0,,,,,,,837792609,,,
variation,MDD-DDM-AQR-10,,"Prueba de Campo para Detección con Codigo QR - DDM / 10 Unidades",1,,visible,,,taxable,parent,1,0,1,1,0,,,,,,,,51000.00,,,,,,,MDD-D,,,,,,,,Olor,DDM,1,0,,Cantidad,"10 Unidades",1,0,,,,,,,837792609,,,
variation,MDD-DCT-AQR-10,,"Prueba de Campo para Detección con Codigo QR - Diferenciador CBD/THC / 10 Unidades",1,,visible,,,taxable,parent,1,-1,1,1,0,,,,,,,,42800.00,,,,,,,MDD-D,,,,,,,,Olor,"Diferenciador CBD/THC",1,0,,Cantidad,"10 Unidades",1,0,,,,,,,837792609,,,
variation,MDD-DCO-AQR-10,,"Prueba de Campo para Detección con Codigo QR - Cocaína / 10 Unidades",1,,visible,,,taxable,parent,1,0,1,1,0,,,,,,,,42800.00,,,,,,,MDD-D,,,,,,,,Olor,Cocaína,1,0,,Cantidad,"10 Unidades",1,0,,,,,,,837792609,,,
variable,NT,,"Prueba Identificación de Narcóticos",-1,0,hidden,,"<details><summary>Descripción</summary><section><p>Cada bolsa de prueba NIK® contiene una, dos o tres ampollas de productos químicos. Esto elimina la necesidad de medir, mezclar y dispensar reactivos. Simplemente coloque una pequeña muestra de la sustancia sospechosa en la bolsa, rompa las ampollas y observe el cambio de color. Un indicador de color positivo en la bolsa ayudará a interpretar la reacción.</p><p>Test A: Opium Alkaloids / MDMA / Ecstasy<br>Test D: LSD<br>Test G: Cocaine, Crack, Free-Base<br>Test L: Brown Heroin<br>Test 909: Marijuana, Hashish, Hash Oil and THC.</p></section></details><details><summary>Devoluciones</summary><section><p><strong></strong>Se realiza cambio si el producto presenta defecto de fábrica. </p><p>No se hacen reembolsos, se hacen cambios por productos disponibles, completando el mismo monto cancelado.</p></section></details><p><br></p>",taxable,,,,,,0,0.2,0.0,0.0,0.0,1,,,,"Detección, Todos los Productos",,,"https://d2j6dbq0eux0bg.cloudfront.net/images/104219285/products/695834871/4541497933.jpg, https://d2j6dbq0eux0bg.cloudfront.net/images/104219285/products/695834871/4541497211.jpg, https://d2j6dbq0eux0bg.cloudfront.net/images/104219285/products/695834871/4541497216.jpg, https://d2j6dbq0eux0bg.cloudfront.net/images/104219285/products/695834871/4541501573.jpg, https://d2j6dbq0eux0bg.cloudfront.net/images/104219285/products/695834871/4541501578.jpg, https://d2j6dbq0eux0bg.cloudfront.net/images/104219285/products/695834871/5000866420.jpg",,,,,,,,,,NIK®,Tipos,"Test A, Test D, Test G, Test L, Test 909",1,0,,,,,,,,,,,,695834871,https://www.specialk9.com/Prueba-Identificacion-de-Narcoticos-p695834871,"Prueba Identificación de Narcóticos","Descripción Cada bolsa de prueba NIK® contiene una, dos o tres ampollas de productos químicos. Esto elimina la necesidad de medir, mezclar y dispensar reactivos. Simplemente coloque una pequeña muestra de la sustancia sospechosa en la bolsa, rompa las ampollas y observe el cambio de color. Un…"
variation,"SF - 909",,"Prueba Identificación de Narcóticos - Test 909",-1,,visible,,,taxable,parent,1,0,1,1,0,,,,,,,,32000.00,,,,,,,NT,,,,,,,,Tipos,"Test 909",1,0,,,,,,,,,,,,695834871,,,
variation,"NT - L",,"Prueba Identificación de Narcóticos - Test L",-1,,visible,,,taxable,parent,1,0,1,1,0,,,,,,,,32000.00,,,,,,,NT,,,,,,,,Tipos,"Test L",1,0,,,,,,,,,,,,695834871,,,
variation,"NT - G",,"Prueba Identificación de Narcóticos - Test G",-1,,visible,,,taxable,parent,1,0,1,1,0,,,,,,,,32000.00,,,,,,,NT,,,,,,,,Tipos,"Test G",1,0,,,,,,,,,,,,695834871,,,
variation,"NT - D",,"Prueba Identificación de Narcóticos - Test D",-1,,visible,,,taxable,parent,1,1,1,1,0,,,,,,,,32000.00,,,,,,,NT,,,,,,,,Tipos,"Test D",1,0,,,,,,,,,,,,695834871,,,
variation,"NT - A",,"Prueba Identificación de Narcóticos - Test A",-1,,visible,,,taxable,parent,1,0,1,1,0,,,,,,,,32000.00,,,,,,,NT,,,,,,,,Tipos,"Test A",1,0,,,,,,,,,,,,695834871,,,
variable,EDX300,,"Puntos de Contacto para E-Collar Dogtra",1,0,visible,,"<details><summary>Descripción</summary><section><p>Punto de contacto de acero quirúrgico de 1"" y 3/4"".</p><p>Para todos los modelos Dogtra que utilizan puntos de contacto hembra, excepto YS200 y 150NCP.<br>Vende en par.</p><p>**NO apto para las series YS200, EF-3500 y PATHFINDER**</p></section></details><details><summary>Garantía</summary><section><div>Garantía por defectos de fábrica. Golpes no serán contemplados dentro de la garantía.</div><div><strong>Devoluciones</strong></div><div>Se realiza cambio si el producto presenta defecto de fábrica. </div><div>Muy respetuosamente pedimos que, al momento de solicitarnos un producto, tenga las medidas necesarias.</div><div>No se hacen reembolsos, se hacen cambios por productos disponibles, completando el mismo monto cancelado.</div></section></details>",taxable,,,,,,0,0.0,0.0,0.0,0.0,1,,,,"E-Collars, Todos los Productos",,,"https://d2j6dbq0eux0bg.cloudfront.net/images/104219285/4541497840.jpg, https://d2j6dbq0eux0bg.cloudfront.net/images/104219285/4541489729.jpg",,,,,,,,,,Dogtra,Tamaño,"1"", 3/4""",1,0,,,,,,,,,,,,695834592,https://www.specialk9.com/Puntos-de-Contacto-para-E-Collar-Dogtra-p695834592,"Puntos de Contacto para E-Collar Dogtra","Descripción Punto de contacto de acero quirúrgico de 1"" y 3/4"". Para todos los modelos Dogtra que utilizan puntos de contacto hembra, excepto YS200 y 150NCP. Vende en par. **NO apto para las series YS200, EF-3500 y PATHFINDER** Garantía Garantía por defectos de fábrica. Golpes no serán contemplados…"
variation,"EDX300 34",,"Puntos de Contacto para E-Collar Dogtra - 3/4""",1,,visible,,,taxable,parent,1,1,1,1,0,,,,,,,,11900.00,,,,,,,EDX300,,,,,,,,Tamaño,"3/4""",1,0,,,,,,,,,,,,695834592,,,
variation,"EDX300 10",,"Puntos de Contacto para E-Collar Dogtra - 1""",1,,visible,,,taxable,parent,1,1,1,1,0,,,,,,,,11900.00,,,,,,,EDX300,,,,,,,,Tamaño,"1""",1,0,,,,,,,,,,,,695834592,,,
simple,644622020468,,"Receptor adicional ARC",1,1,visible,,"<p>Receptor de repuesto o adicional para Dogtra ARC, con correa NARANJA. Contenido del paquete: Receptor con correa NARANJA, un cable divisor 5-5.</p>",taxable,,0,0,0,0,0,0.3,0.0,0.0,0.0,1,,,138500.00,,,,https://d2j6dbq0eux0bg.cloudfront.net/images/104219285/5347439195.webp,,,,,,,,,14,,,,,,,,,,,,,,,,,794385592,https://www.specialk9.com/Receptor-adicional-ARC-p794385592,"Receptor adicional ARC","Receptor de repuesto o adicional para Dogtra ARC, con correa NARANJA. Contenido del paquete: Receptor con correa NARANJA, un cable divisor 5-5."
simple,ROK/RODPER-15,,"Red Oak Alto Rendimiento Corey",1,1,visible,,"<p>Este nuevo alimento para perros tiene una proporción de proteína a grasa de 30/25 que ofrece la proporción de energía metabolizada más alta en la categoría de alimentos para perros deportivos. Aporte calórico de 4190kcal/kg, muy por sobre cualquier alimento premium y sobre los alimentos para perros de alta exigencia.</p><p>Esta dieta rica en nutrientes y baja en carbohidratos está diseñada para todas las razas y etapas de la vida para mejorar el rendimiento, mantener el peso adecuado y promover un pelaje saludable.</p><p>La fórmula a base de pollo y pescado tiene una infusión de grasa para proporcionar energía rápida y requiere menos alimentación, lo que significa menos limpieza.</p>",taxable,,1,,,0,0,15.0,0.0,0.0,0.0,1,,,37000.00,"Todos los Productos, Alimentos & Suplementos, Alimentos & Suplementos > Alimentación",,,"https://d2j6dbq0eux0bg.cloudfront.net/images/104219285/products/807115183/5505623294.png, https://d2j6dbq0eux0bg.cloudfront.net/images/104219285/products/807115183/5505623300.jpg, https://d2j6dbq0eux0bg.cloudfront.net/images/104219285/products/807115183/5505622792.jpg",,,,,,,,,29,Corey,,,,,,,,,,,,,,,,807115183,https://www.specialk9.com/Red-Oak-Alto-Rendimiento-Corey-p807115183,"Red Oak Alto Rendimiento Corey","Este nuevo alimento para perros tiene una proporción de proteína a grasa de 30/25 que ofrece la proporción de energía metabolizada más alta en la categoría de alimentos para perros deportivos. Aporte calórico de 4190kcal/kg, muy por sobre cualquier alimento premium y sobre los alimentos para perros…"
simple,SLK006,,"Rejilla de Almacenamiento de Olores",1,0,visible,,"<details><summary>Descripción</summary><section><p>Esta rejilla de almacenamiento se utiliza con las ayudas ScentLogix Scent Imprint. Proporciona un flujo de olor de 360°, al tiempo que evita que los K-9 manipulen la bolsa aromática en la boca.</p></section></details><details><summary>Garantía</summary><section><div>Garantía por defectos de fábrica. Cortes y golpes no serán contemplados dentro de la garantía.</div><div><strong>Devoluciones</strong></div><div>Se realiza cambio si el producto presenta defecto de fábrica. </div><p>No se hacen reembolsos, se hacen cambios por productos disponibles, completando el mismo monto cancelado.</p></section></details><p><br></p>",taxable,,1,0,1,1,0,0.25,0.0,0.0,0.0,1,,,8500.00,"Detección, Todos los Productos",,,"https://d2j6dbq0eux0bg.cloudfront.net/images/104219285/4541198519.jpg, https://d2j6dbq0eux0bg.cloudfront.net/images/104219285/4595037834.jpg",,,,,,,,,,,,,,,,,,,,,,,,,,695798277,https://www.specialk9.com/Rejilla-de-Almacenamiento-de-Olores-p695798277,"Rejilla de Almacenamiento de Olores","Descripción Esta rejilla de almacenamiento se utiliza con las ayudas ScentLogix Scent Imprint. Proporciona un flujo de olor de 360°, al tiempo que evita que los K-9 manipulen la bolsa aromática en la boca. Garantía Garantía por defectos de fábrica. Cortes y golpes no serán contemplados dentro de la…"
variable,BA03,,"Repuesto - Bola de Trabajo",1,0,visible,,"<details><summary>Descripción</summary><section><p>Esta pelota amarilla está especialmente diseñada y construida para perros de trabajo. Esta es una pelota hueca que tiene una superficie protuberante suave y especial para ayudar a su perro a agarrar la pelota. No hay otra pelota en el mercado que se compare con esta y con su buen funcionamiento. La pelota viene sola, sin cuerda ni asa.</p></section></details><details><summary>Garantía</summary><section><div>Garantía por defectos de fábrica. Cortes y mordeduras no serán contemplados dentro de la garantía.</div><div><strong>Devoluciones</strong></div><div>Se realiza cambio si el producto presenta defecto de fábrica. </div><div>Muy respetuosamente pedimos que, al momento de solicitarnos un producto, tenga las medidas necesarias.</div><div>No se hacen reembolsos, se hacen cambios por productos disponibles, completando el mismo monto cancelado.</div></section></details><p><br></p>",taxable,,,,,,0,0.075,0.0,0.0,0.0,1,,,,"Recompensas > Bolas, Todos los Productos",,,https://d2j6dbq0eux0bg.cloudfront.net/images/104219285/4540424352.jpg,,,,,,,,,,"Elite K9",Tamaño,"2"", 2.5"", 3""",1,0,,,,,,,,,,,,695627716,https://www.specialk9.com/Repuesto-Bola-de-Trabajo-p695627716,"Repuesto - Bola de Trabajo","Descripción Esta pelota amarilla está especialmente diseñada y construida para perros de trabajo. Esta es una pelota hueca que tiene una superficie protuberante suave y especial para ayudar a su perro a agarrar la pelota. No hay otra pelota en el mercado que se compare con esta y con su buen…"
variation,"BA03 S",,"Repuesto - Bola de Trabajo - 2""",1,,visible,,,taxable,parent,1,1,1,1,0,,,,,,,,10900.00,,,,,,,BA03,,,,,,,,Tamaño,"2""",1,0,,,,,,,,,,,,695627716,,,
variation,"BA03 M",,"Repuesto - Bola de Trabajo - 2.5""",1,,visible,,,taxable,parent,1,0,1,1,0,,,,,,,,12500.00,,,,,,,BA03,,,,,,,,Tamaño,"2.5""",1,0,,,,,,,,,,,,695627716,,,
variation,"BA03 L",,"Repuesto - Bola de Trabajo - 3""",1,,visible,,,taxable,parent,1,0,1,1,0,,,,,,,,13000.00,,,,,,,BA03,,,,,,,,Tamaño,"3""",1,0,,,,,,,,,,,,695627716,,,
simple,W03,,"Repuesto de chilillo de cuero",-1,1,hidden,,"<p><strong>Repuesto de Cuero con Chasquidor</strong></p><p>El repuesto de cuero mide <strong>55,9 cm (22 pulgadas)</strong> de largo e incorpora un <strong>chasquidor</strong> en la punta.</p><p>Diseñado para utilizarse con nuestros <strong>chilillos de entrenamiento y agitación</strong>.</p>",taxable,,0,0,1,0,0,0.0,0.0,0.0,0.0,1,,,7000.00,,,,https://d2j6dbq0eux0bg.cloudfront.net/images/104219285/products/839791352/5804000184.jpg,,,,,,,,,72,,,,,,,,,,,,,,,,,839791352,https://www.specialk9.com/Repuesto-de-chilillo-de-cuero-p839791352,"Repuesto de chilillo de cuero","Repuesto de Cuero con Chasquidor El repuesto de cuero mide 55,9 cm (22 pulgadas) de largo e incorpora un chasquidor en la punta. Diseñado para utilizarse con nuestros chilillos de entrenamiento y agitación ."
variable,SLK,,"ScentLogix™ K9 Imprint del aroma Biológicos",1,1,visible,,"<details><summary>Descripción</summary><section><p>Los productos ScentLogix™ son los aromas no detonables y no narcóticos número uno del mundo para programas de capacitación y evaluación de olores. Los ScentLogix™ K9 son el primer conjunto de kits de aromas del mundo desarrollado científicamente para el entrenamiento de perros K-9 en la detección de explosivos y narcóticos. Estos aromas multioperativos establecen un nuevo estándar para el entrenamiento de detección de K-9. Los aromas no son polvos como otros pseudo aromas y no requieren transferir el olor a otros materiales. Son aptos para investigación y mantienen sus olores hasta por un año sin disminuir. Los aromas proporcionan firmas olfativas esenciales que, junto con un regimen de entrenamiento integral, mejorarán la eficiencia de los caninos en la detección de explosivos químicos, narcóticos y otros materiales ilícitos. Estos productos permiten ejercicios de entrenamiento de detección realistas en todos los entornos climáticos y dentro de poblaciones civiles reales y otros entornos.<br></p></section></details><details><summary>Devoluciones</summary><section><p>No se hacen reembolsos, se hacen cambios por productos disponibles, completando el mismo monto cancelado. El producto debe estar en su estado original, sellado completamente. Sin cortes ni huecos en su empaque.</p></section></details><details><summary>Preguntas Frecuentes</summary><section><p><strong>¿Cuántos gramos pesa cada Imprint Aid?</strong></p><p>
<span style=""font-size: 12px;"">Cada muestra de impronta (Imprint Aid) pesa aproximadamente </span><span style=""font-size: 12px;"">20 gramos</span></p><p><strong>¿Cuántos gramos pesan los Evaluation Aids?</strong></p><p><span style=""font-size: 12px;"">Cada ayuda de evaluación (Evaluation Aid) pesa aproximadamente 12 gramos.</span></p><p><strong>¿Existen requisitos especiales para el transporte de las ayudas (Aids)?</strong></p><p><span style=""font-size: 12px;"">Estas ayudas son, en esencia, ""fragancias de explosivos, narcóticos, entre otros"", y no ""explosivos, narcóticos, entre otros"" como tal. Por lo tanto, no poseen las propiedades químicas o fisiológicas que hacen peligrosos a los materiales originales, ni necesitan ser transportadas, manipuladas o almacenadas bajo las mismas condiciones o regulaciones que dichos materiales.<br><br></span></p><p><strong>¿El tiempo de exposición se ve afectado por la temperatura?</strong></p><p>
<span style=""font-size: 12px;"">¡Sí! Para generar la misma intensidad de olor, el tiempo de exposición debe ser inversamente proporcional a la temperatura de operación. El cálculo de la temperatura puede implicar varios factores, ya que existen dos tipos diferentes de variables relacionadas con la temperatura que deben considerarse.</span></p><p><span style=""font-size: 12px;"">La primera corresponde al macrosistema, es decir, la temperatura del ambiente, ya sea en interiores o exteriores. La segunda corresponde al microsistema, es decir, la temperatura del microentorno de las ayudas (Aids); por ejemplo, la temperatura de los objetos o superficies que están en contacto con ellas.<br><br></span></p><p><strong>¿Es necesario que el producto se aclimate a la temperatura ambiente antes de usarse si ha sido almacenado en refrigeración?</strong></p><p><span style=""font-size: 12px;"">No. Debido al proceso de fabricación, no es necesario aclimatar el producto si ha sido almacenado en un refrigerador. Si ha sido almacenado en un congelador, se recomienda dejarlo aclimatarse durante aproximadamente 90 segundos antes de utilizarlo.<br><br></span></p><p><strong>¿El olor (Evaluation Aid o Imprint Aid) puede transferirse a otros objetos, dejando residuos o rastros de olor?</strong></p><p><span style=""font-size: 12px;"">Aunque los métodos basados en nanotecnología y el proceso ScentLoc® utilizados durante la fabricación garantizan que las ayudas (Aids) no dejen residuos físicos ni contaminen las superficies sobre las que se colocan, el vapor que generan puede penetrar en materiales porosos.</span></p><p><span style=""font-size: 12px;""><strong><span style=""font-size: 14px;"">¿Como se calcula la vida útil del material de entrenamiento?</span></strong><br></span></p><p>
<span style=""font-size: 12px;"">Su vida útil se determina con base en el estándar de entrenamiento aceptado para cuerpos policiales, fuerzas militares y equipos caninos detectores (SWGDOG), que establece un uso de </span><span style=""font-size: 12px;"">16 horas al mes (4 horas por semana)</span><br></p><p><span style=""font-size: 12px;""><span style=""font-size: 14px;""><strong>¿Cómo afecta la humedad a los materiales de entrenamiento, si es que los afecta?</strong></span><br><br>Los materiales de entrenamiento no se ven afectados por la humedad. Si las bolsas se humedecen, déjelas secar de forma natural durante el proceso de entrenamiento. Si una bolsa queda completamente empapada en agua, deséchela o comuníquese con ScentLogix™ para recibir asesoría técnica</span></p></section></details>",taxable,,,,,,0,0.0,0.0,0.0,0.0,1,,,,,,,"https://d2j6dbq0eux0bg.cloudfront.net/images/104219285/products/805168797/5490502841.png, https://d2j6dbq0eux0bg.cloudfront.net/images/104219285/products/805168797/5490504597.png",,,,,,,,,25,ScentLogix,Olor,"Mohó, Termitas, Chinches",1,0,,,,,,,,,,,,805168797,https://www.specialk9.com/ScentLogix-tm-K9-Imprint-del-aroma-Biologicos-p805168797,"ScentLogix™ K9 Imprint del aroma Biológicos","Descripción Los productos ScentLogix™ son los aromas no detonables y no narcóticos número uno del mundo para programas de capacitación y evaluación de olores. Los ScentLogix™ K9 son el primer conjunto de kits de aromas del mundo desarrollado científicamente para el entrenamiento de perros K-9 en la…"
variation,SIA-BB,,"ScentLogix™ K9 Imprint del aroma Biológicos - Chinches",1,,visible,,,taxable,parent,1,0,1,1,0,,,,,,,,370000.00,,,,,,,SLK,,,,,,,,Olor,Chinches,1,0,,,,,,,,,,,,805168797,,,
variation,SLK-MLD,,"ScentLogix™ K9 Imprint del aroma Biológicos - Mohó",1,,visible,,,taxable,parent,1,0,1,1,0,,,,,,,,370000.00,,,,,,,SLK,,,,,,,,Olor,Mohó,1,0,,,,,,,,,,,,805168797,,,
simple,SLB200,,"ScentLogix™ K9 Imprint del aroma Cadaver",1,1,visible,,"<details><summary>Descripción</summary><section><p>SCENTLOGIX – NUEVO MATERIAL DE REFERENCIA DE AROMA CADAVÉRICO</p><p>Formulado para detectar todas las etapas de la descomposición en diferentes entornos.</p><p>Incluye:</p><ul><li>1 ayuda de entrenamiento para impronta olfativa K9</li><li>Bolsas protectoras para la ayuda de impronta (reutilizables)</li><li>Jaula para aromas</li><li>Toalla scentable (impregnable con aroma)</li><li>Empaque con barrera de olor</li><li>Contenedor hermético</li></ul></section></details><hr><details><summary>Devoluciones</summary><section><p>No se hacen reembolsos, se hacen cambios por productos disponibles, completando el mismo monto cancelado.El producto debe estar en su estado original, sellado completamente. Sin cortes ni huecos en su empaque.</p></section></details><details><summary>Preguntas Frecuentes</summary><section><p><strong>¿Cuántos gramos pesa cada Imprint Aid?</strong></p><p><span style=""font-size: 12px;"">Cada muestra de impronta (Imprint Aid) pesa aproximadamente </span><span style=""font-size: 12px;"">20 gramos</span></p><p><strong>¿Cuántos gramos pesan los Evaluation Aids?</strong></p><p><span style=""font-size: 12px;"">Cada ayuda de evaluación (Evaluation Aid) pesa aproximadamente 12 gramos.</span></p><p><strong>¿Existen requisitos especiales para el transporte de las ayudas (Aids)?</strong></p><p><span style=""font-size: 12px;"">Estas ayudas son, en esencia, ""fragancias de explosivos, narcóticos, entre otros"", y no ""explosivos, narcóticos, entre otros"" como tal. Por lo tanto, no poseen las propiedades químicas o fisiológicas que hacen peligrosos a los materiales originales, ni necesitan ser transportadas, manipuladas o almacenadas bajo las mismas condiciones o regulaciones que dichos materiales.<br><br></span></p><p><strong>¿El tiempo de exposición se ve afectado por la temperatura?</strong></p><p><span style=""font-size: 12px;"">¡Sí! Para generar la misma intensidad de olor, el tiempo de exposición debe ser inversamente proporcional a la temperatura de operación. El cálculo de la temperatura puede implicar varios factores, ya que existen dos tipos diferentes de variables relacionadas con la temperatura que deben considerarse.</span></p><p><span style=""font-size: 12px;"">La primera corresponde al macrosistema, es decir, la temperatura del ambiente, ya sea en interiores o exteriores. La segunda corresponde al microsistema, es decir, la temperatura del microentorno de las ayudas (Aids); por ejemplo, la temperatura de los objetos o superficies que están en contacto con ellas.<br><br></span></p><p><strong>¿Es necesario que el producto se aclimate a la temperatura ambiente antes de usarse si ha sido almacenado en refrigeración?</strong></p><p><span style=""font-size: 12px;"">No. Debido al proceso de fabricación, no es necesario aclimatar el producto si ha sido almacenado en un refrigerador. Si ha sido almacenado en un congelador, se recomienda dejarlo aclimatarse durante aproximadamente 90 segundos antes de utilizarlo.<br><br></span></p><p><strong>¿El olor (Evaluation Aid o Imprint Aid) puede transferirse a otros objetos, dejando residuos o rastros de olor?</strong></p><p><span style=""font-size: 12px;"">Aunque los métodos basados en nanotecnología y el proceso ScentLoc® utilizados durante la fabricación garantizan que las ayudas (Aids) no dejen residuos físicos ni contaminen las superficies sobre las que se colocan, el vapor que generan puede penetrar en materiales porosos.</span></p><p><span style=""font-size: 12px;""><span style=""font-size: 14px;""><strong>¿Como se calcula la vida útil del material de entrenamiento?</strong></span><br></span></p><p><span style=""font-size: 12px;"">Su vida útil se determina con base en el estándar de entrenamiento aceptado para cuerpos policiales, fuerzas militares y equipos caninos detectores (SWGDOG), que establece un uso de </span><span style=""font-size: 12px;"">16 horas al mes (4 horas por semana)</span><br></p><p><span style=""font-size: 12px;""><span style=""font-size: 14px;""><strong>¿Cómo afecta la humedad a los materiales de entrenamiento, si es que los afecta?</strong></span><br><br>Los materiales de entrenamiento no se ven afectados por la humedad. Si las bolsas se humedecen, déjelas secar de forma natural durante el proceso de entrenamiento. Si una bolsa queda completamente empapada en agua, deséchela o comuníquese con ScentLogix™ para recibir asesoría técnica</span></p></section></details><p><br></p>",taxable,,0,0,1,0,0,0.0,0.0,0.0,0.0,1,,,910000.00,Detección,,,https://d2j6dbq0eux0bg.cloudfront.net/images/104219285/products/805122118/5490538295.png,,,,,,,,,26,ScentLogix,,,,,,,,,,,,,,,,805122118,https://www.specialk9.com/ScentLogix-tm-K9-Imprint-del-aroma-Cadaver-p805122118,"ScentLogix™ K9 Imprint del aroma Cadaver","Descripción SCENTLOGIX – NUEVO MATERIAL DE REFERENCIA DE AROMA CADAVÉRICO Formulado para detectar todas las etapas de la descomposición en diferentes entornos. Incluye: 1 ayuda de entrenamiento para impronta olfativa K9 Bolsas protectoras para la ayuda de impronta (reutilizables) Jaula para aromas…"
variable,SLE,,"ScentLogix™ K9 Imprint del aroma Explosivos",1,0,visible,,"<details><summary>Descripción</summary><section><p>Los productos ScentLogix™ son los aromas no detonables y no narcóticos número uno del mundo para programas de capacitación y evaluación de olores. Los ScentLogix™ K9 son el primer conjunto de kits de aromas del mundo desarrollado científicamente para el entrenamiento de perros K-9 en la detección de explosivos y narcóticos. Estos aromas multioperativos establecen un nuevo estándar para el entrenamiento de detección de K-9. Los aromas no son polvos como otros pseudo aromas y no requieren transferir el olor a otros materiales. Son aptos para investigación y mantienen sus olores hasta por un año sin disminuir. Los aromas proporcionan firmas olfativas esenciales que, junto con un regimen de entrenamiento integral, mejorarán la eficiencia de los caninos en la detección de explosivos químicos, narcóticos y otros materiales ilícitos. Estos productos permiten ejercicios de entrenamiento de detección realistas en todos los entornos climáticos y dentro de poblaciones civiles reales y otros entornos.</p></section></details><details><summary>Devoluciones</summary><section><p>No se hacen reembolsos, se hacen cambios por productos disponibles, completando el mismo monto cancelado. El producto debe estar en su estado original, sellado completamente. Sin cortes ni huecos en su empaque. <br></p></section></details><details><summary>Preguntas Frecuentes</summary><section><p><br><strong>¿Cuántos gramos pesa cada Imprint Aid?<br></strong><span style=""font-size: 12px;"">Cada muestra de impronta (Imprint Aid) pesa aproximadamente </span><span style=""font-size: 12px;"">20 gramos</span></p><p><strong>¿Cuántos gramos pesan los Evaluation Aids?</strong></p><p><span style=""font-size: 12px;"">Cada ayuda de evaluación (Evaluation Aid) pesa aproximadamente 12 gramos.</span></p><p><strong>¿Existen requisitos especiales para el transporte de las ayudas (Aids)?</strong></p><p><span style=""font-size: 12px;"">Estas ayudas son, en esencia, ""fragancias de explosivos, narcóticos, entre otros"", y no ""explosivos, narcóticos, entre otros"" como tal. Por lo tanto, no poseen las propiedades químicas o fisiológicas que hacen peligrosos a los materiales originales, ni necesitan ser transportadas, manipuladas o almacenadas bajo las mismas condiciones o regulaciones que dichos materiales.<br><br></span></p><p><strong>¿El tiempo de exposición se ve afectado por la temperatura?</strong></p><p>
<span style=""font-size: 12px;"">¡Sí! Para generar la misma intensidad de olor, el tiempo de exposición debe ser inversamente proporcional a la temperatura de operación. El cálculo de la temperatura puede implicar varios factores, ya que existen dos tipos diferentes de variables relacionadas con la temperatura que deben considerarse.</span></p><p><span style=""font-size: 12px;"">La primera corresponde al macrosistema, es decir, la temperatura del ambiente, ya sea en interiores o exteriores. La segunda corresponde al microsistema, es decir, la temperatura del microentorno de las ayudas (Aids); por ejemplo, la temperatura de los objetos o superficies que están en contacto con ellas.<br><br></span></p><p><strong>¿Es necesario que el producto se aclimate a la temperatura ambiente antes de usarse si ha sido almacenado en refrigeración?</strong></p><p><span style=""font-size: 12px;"">No. Debido al proceso de fabricación, no es necesario aclimatar el producto si ha sido almacenado en un refrigerador. Si ha sido almacenado en un congelador, se recomienda dejarlo aclimatarse durante aproximadamente 90 segundos antes de utilizarlo.<br><br></span></p><p><strong>¿El olor (Evaluation Aid o Imprint Aid) puede transferirse a otros objetos, dejando residuos o rastros de olor?</strong></p><p><span style=""font-size: 12px;"">Aunque los métodos basados en nanotecnología y el proceso ScentLoc® utilizados durante la fabricación garantizan que las ayudas (Aids) no dejen residuos físicos ni contaminen las superficies sobre las que se colocan, el vapor que generan puede penetrar en materiales porosos.</span></p><p><span style=""font-size: 14px;""><strong>¿Como se calcula la vida útil del material de entrenamiento?</strong></span><br></p><p>
<span style=""font-size: 12px;"">Su vida útil se determina con base en el estándar de entrenamiento aceptado para cuerpos policiales, fuerzas militares y equipos caninos detectores (SWGDOG), que establece un uso de </span><span style=""font-size: 12px;"">16 horas al mes (4 horas por semana)</span><br></p><p><span style=""font-size: 12px;""><strong><span style=""font-size: 14px;"">¿Cómo afecta la humedad a los materiales de entrenamiento, si es que los afecta?</span></strong><br><br>Los materiales de entrenamiento no se ven afectados por la humedad. Si las bolsas se humedecen, déjelas secar de forma natural durante el proceso de entrenamiento. Si una bolsa queda completamente empapada en agua, deséchela o comuníquese con ScentLogix™ para recibir asesoría técnica</span></p></section></details>",taxable,,,,,,0,0.1,0.0,0.0,0.0,1,,,,"Detección, Todos los Productos",,,"https://d2j6dbq0eux0bg.cloudfront.net/images/104219285/products/695798265/4541187187.jpg, https://d2j6dbq0eux0bg.cloudfront.net/images/104219285/products/695798265/4541191251.jpg, https://d2j6dbq0eux0bg.cloudfront.net/images/104219285/products/695798265/4541185178.jpg, https://d2j6dbq0eux0bg.cloudfront.net/images/104219285/products/695798265/4541191256.jpg, https://d2j6dbq0eux0bg.cloudfront.net/images/104219285/products/695798265/4541190767.jpg, https://d2j6dbq0eux0bg.cloudfront.net/images/104219285/products/695798265/4541191261.jpg, https://d2j6dbq0eux0bg.cloudfront.net/images/104219285/products/695798265/4541190772.jpg, https://d2j6dbq0eux0bg.cloudfront.net/images/104219285/products/695798265/4541187192.jpg, https://d2j6dbq0eux0bg.cloudfront.net/images/104219285/products/695798265/4541191266.jpg, https://d2j6dbq0eux0bg.cloudfront.net/images/104219285/products/695798265/4541190777.jpg, https://d2j6dbq0eux0bg.cloudfront.net/images/104219285/products/695798265/4541190787.jpg, https://d2j6dbq0eux0bg.cloudfront.net/images/104219285/products/695798265/4541187197.jpg, https://d2j6dbq0eux0bg.cloudfront.net/images/104219285/products/695798265/4541191271.jpg, https://d2j6dbq0eux0bg.cloudfront.net/images/104219285/products/695798265/4541190792.jpg, https://d2j6dbq0eux0bg.cloudfront.net/images/104219285/products/695798265/4541191276.jpg",,,,,,,,,,ScentLogix,Olor,"Pólvora sin humo, RDX Etiquetado, Marcadores Explosivos -ICAO, Dinamita, TNT, Semtex, TATP- Peróxido de Acetona, HMTD-Hexametilentetramina, PETN, Clorato de Potasio, Nitrato de Amonio, Pólvora Negra, Clorato de Sodio, RDX Sin Etiquetas, Armas de Fuego",1,0,,,,,,,,,,,,695798265,https://www.specialk9.com/ScentLogix-tm-K9-Imprint-del-aroma-Explosivos-p695798265,"ScentLogix™ K9 Imprint del aroma Explosivos","Descripción Los productos ScentLogix™ son los aromas no detonables y no narcóticos número uno del mundo para programas de capacitación y evaluación de olores. Los ScentLogix™ K9 son el primer conjunto de kits de aromas del mundo desarrollado científicamente para el entrenamiento de perros K-9 en la…"
variation,SLE018-S,,"ScentLogix™ K9 Imprint del aroma Explosivos - Armas de Fuego",1,,visible,,,taxable,parent,1,1,0,1,0,,,,,,,,230000.00,,,,,,,SLE,,,,,,,,Olor,"Armas de Fuego",1,0,,,,,,,,,,,,695798265,,,
variation,SLE002-S,,"ScentLogix™ K9 Imprint del aroma Explosivos - RDX Sin Etiquetas",1,,visible,,,taxable,parent,1,0,0,1,0,,,,,,,,230000.00,,,,,,,SLE,,,,,,,,Olor,"RDX Sin Etiquetas",1,0,,,,,,,,,,,,695798265,,,
variation,SLE015-S,,"ScentLogix™ K9 Imprint del aroma Explosivos - Clorato de Sodio",1,,visible,,,taxable,parent,1,0,0,1,0,,,,,,,,230000.00,,,,,,,SLE,,,,,,,,Olor,"Clorato de Sodio",1,0,,,,,,,,,,,,695798265,,,
variation,SLE014-S,,"ScentLogix™ K9 Imprint del aroma Explosivos - Pólvora Negra",1,,visible,,,taxable,parent,1,0,0,1,0,,,,,,,,230000.00,,,,,,,SLE,,,,,,,,Olor,"Pólvora Negra",1,0,,,,,,,,,,,,695798265,,,
variation,SLE013-S,,"ScentLogix™ K9 Imprint del aroma Explosivos - Nitrato de Amonio",1,,visible,,,taxable,parent,1,0,0,1,0,,,,,,,,230000.00,,,,,,,SLE,,,,,,,,Olor,"Nitrato de Amonio",1,0,,,,,,,,,,,,695798265,,,
variation,SLE012-S,,"ScentLogix™ K9 Imprint del aroma Explosivos - Clorato de Potasio",1,,visible,,,taxable,parent,1,0,0,1,0,,,,,,,,230000.00,,,,,,,SLE,,,,,,,,Olor,"Clorato de Potasio",1,0,,,,,,,,,,,,695798265,,,
variation,SLE011-S,,"ScentLogix™ K9 Imprint del aroma Explosivos - PETN",1,,visible,,,taxable,parent,1,0,0,1,0,,,,,,,,230000.00,,,,,,,SLE,,,,,,,,Olor,PETN,1,0,,,,,,,,,,,,695798265,,,
variation,SLE010-S,,"ScentLogix™ K9 Imprint del aroma Explosivos - HMTD-Hexametilentetramina",1,,visible,,,taxable,parent,1,0,0,1,0,,,,,,,,575000.00,,,,,,,SLE,,,,,,,,Olor,HMTD-Hexametilentetramina,1,0,,,,,,,,,,,,695798265,,,
variation,SLE009-S,,"ScentLogix™ K9 Imprint del aroma Explosivos - TATP- Peróxido de Acetona",1,,visible,,,taxable,parent,1,0,0,1,0,,,,,,,,575000.00,,,,,,,SLE,,,,,,,,Olor,"TATP- Peróxido de Acetona",1,0,,,,,,,,,,,,695798265,,,
variation,SLE008-S,,"ScentLogix™ K9 Imprint del aroma Explosivos - Semtex",1,,visible,,,taxable,parent,1,0,0,1,0,,,,,,,,230000.00,,,,,,,SLE,,,,,,,,Olor,Semtex,1,0,,,,,,,,,,,,695798265,,,
variation,SLE007-S,,"ScentLogix™ K9 Imprint del aroma Explosivos - TNT",1,,visible,,,taxable,parent,1,0,0,1,0,,,,,,,,230000.00,,,,,,,SLE,,,,,,,,Olor,TNT,1,0,,,,,,,,,,,,695798265,,,
variation,SLE006-S,,"ScentLogix™ K9 Imprint del aroma Explosivos - Dinamita",1,,visible,,,taxable,parent,1,0,0,1,0,,,,,,,,230000.00,,,,,,,SLE,,,,,,,,Olor,Dinamita,1,0,,,,,,,,,,,,695798265,,,
variation,SLE005-S,,"ScentLogix™ K9 Imprint del aroma Explosivos - Marcadores Explosivos -ICAO",1,,visible,,,taxable,parent,1,0,0,1,0,,,,,,,,230000.00,,,,,,,SLE,,,,,,,,Olor,"Marcadores Explosivos -ICAO",1,0,,,,,,,,,,,,695798265,,,
variation,SLE003-S,,"ScentLogix™ K9 Imprint del aroma Explosivos - RDX Etiquetado",1,,visible,,,taxable,parent,1,0,0,1,0,,,,,,,,230000.00,,,,,,,SLE,,,,,,,,Olor,"RDX Etiquetado",1,0,,,,,,,,,,,,695798265,,,
variation,SLE001-S,,"ScentLogix™ K9 Imprint del aroma Explosivos - Pólvora sin humo",1,,visible,,,taxable,parent,1,0,0,1,0,,,,,,,,230000.00,,,,,,,SLE,,,,,,,,Olor,"Pólvora sin humo",1,0,,,,,,,,,,,,695798265,,,
variable,SLN,MDMA-0000207,"ScentLogix™ K9 Imprint del aroma Narcótico",1,0,visible,,"<details><summary>Descripción</summary><section><p>Los productos ScentLogix™ son los aromas no detonables y no narcóticos número uno del mundo para programas de capacitación y evaluación de olores. Los ScentLogix™ K9 son el primer conjunto de kits de aromas del mundo desarrollado científicamente para el entrenamiento de perros K-9 en la detección de explosivos y narcóticos. Estos aromas multioperativos establecen un nuevo estándar para el entrenamiento de detección de K-9. Los aromas no son polvos como otros pseudo aromas y no requieren transferir el olor a otros materiales. Son aptos para investigación y mantienen sus olores hasta por un año sin disminuir. Los aromas proporcionan firmas olfativas esenciales que, junto con un regimen de entrenamiento integral, mejorarán la eficiencia de los caninos en la detección de explosivos químicos, narcóticos y otros materiales ilícitos. Estos productos permiten ejercicios de entrenamiento de detección realistas en todos los entornos climáticos y dentro de poblaciones civiles reales y otros entornos.</p></section></details><details><summary>Devoluciones</summary><section><p>No se hacen reembolsos, se hacen cambios por productos disponibles, completando el mismo monto cancelado.El producto debe estar en su estado original, sellado completamente. Sin cortes ni huecos en su empaque. </p></section></details><details><summary>Preguntas Frecuentes</summary><section><p><strong>¿Cuántos gramos pesa cada Imprint Aid?</strong></p>
<span style=""font-size: 12px;"">Cada muestra de impronta (Imprint Aid) pesa aproximadamente </span><span style=""font-size: 12px;"">20 gramos</span><p><strong>¿Cuántos gramos pesan los Evaluation Aids?</strong></p><span style=""font-size: 12px;"">Cada ayuda de evaluación (Evaluation Aid) pesa aproximadamente 12 gramos.</span><p><strong>¿Existen requisitos especiales para el transporte de las ayudas (Aids)?</strong></p><span style=""font-size: 12px;"">Estas ayudas son, en esencia, ""fragancias de explosivos, narcóticos, entre otros"", y no ""explosivos, narcóticos, entre otros"" como tal. Por lo tanto, no poseen las propiedades químicas o fisiológicas que hacen peligrosos a los materiales originales, ni necesitan ser transportadas, manipuladas o almacenadas bajo las mismas condiciones o regulaciones que dichos materiales.<br><br></span><p><strong><span style=""font-size: 14px;"">¿El tiempo de exposición se ve afectado por la temperatura?</span></strong></p>
<span style=""font-size: 12px;"">¡Sí! Para generar la misma intensidad de olor, el tiempo de exposición debe ser inversamente proporcional a la temperatura de operación. El cálculo de la temperatura puede implicar varios factores, ya que existen dos tipos diferentes de variables relacionadas con la temperatura que deben considerarse.</span><p><span style=""font-size: 12px;"">La primera corresponde al macrosistema, es decir, la temperatura del ambiente, ya sea en interiores o exteriores. La segunda corresponde al microsistema, es decir, la temperatura del microentorno de las ayudas (Aids); por ejemplo, la temperatura de los objetos o superficies que están en contacto con ellas.<br><br></span></p><p><strong>¿Es necesario que el producto se aclimate a la temperatura ambiente antes de usarse si ha sido almacenado en refrigeración?</strong></p><p><span style=""font-size: 12px;"">No. Debido al proceso de fabricación, no es necesario aclimatar el producto si ha sido almacenado en un refrigerador. Si ha sido almacenado en un congelador, se recomienda dejarlo aclimatarse durante aproximadamente 90 segundos antes de utilizarlo.<br><br></span></p><p><strong>¿El olor (Evaluation Aid o Imprint Aid) puede transferirse a otros objetos, dejando residuos o rastros de olor?</strong></p><p><span style=""font-size: 12px;"">Aunque los métodos basados en nanotecnología y el proceso ScentLoc® utilizados durante la fabricación garantizan que las ayudas (Aids) no dejen residuos físicos ni contaminen las superficies sobre las que se colocan, el vapor que generan puede penetrar en materiales porosos.</span></p><p><span style=""font-size: 12px;""><strong><span style=""font-size: 14px;"">¿Como se calcula la vida útil del material de entrenamiento?</span></strong><br></span></p>
<span style=""font-size: 12px;"">Su vida útil se determina con base en el estándar de entrenamiento aceptado para cuerpos policiales, fuerzas militares y equipos caninos detectores (SWGDOG), que establece un uso de </span><span style=""font-size: 12px;"">16 horas al mes (4 horas por semana)</span><br><p><span style=""font-size: 12px;"">¿Cómo afecta la humedad a los materiales de entrenamiento, si es que los afecta?<br><br>Los materiales de entrenamiento no se ven afectados por la humedad. Si las bolsas se humedecen, déjelas secar de forma natural durante el proceso de entrenamiento. Si una bolsa queda completamente empapada en agua, deséchela o comuníquese con ScentLogix™ para recibir asesoría técnica</span></p></section></details>",taxable,,,,,,0,0.1,0.0,0.0,0.0,1,,,,"Detección, Todos los Productos",,,"https://d2j6dbq0eux0bg.cloudfront.net/images/104219285/products/702949250/4595077064.jpg, https://d2j6dbq0eux0bg.cloudfront.net/images/104219285/products/702949250/4595077069.jpg, https://d2j6dbq0eux0bg.cloudfront.net/images/104219285/products/702949250/4595074857.jpg, https://d2j6dbq0eux0bg.cloudfront.net/images/104219285/products/702949250/4595073098.jpg, https://d2j6dbq0eux0bg.cloudfront.net/images/104219285/products/702949250/4595077084.jpg, https://d2j6dbq0eux0bg.cloudfront.net/images/104219285/products/702949250/4595073103.jpg, https://d2j6dbq0eux0bg.cloudfront.net/images/104219285/products/702949250/4595077094.jpg",,,,,,,,,,ScentLogix,Olor,"Cocaína, Metanfetamina, MDMA/Ecstasy, Heroína/Opium, Marihuana, PCP, LSD, Fentanilo",1,0,,,,,,,,,,,,702949250,https://www.specialk9.com/ScentLogix-tm-K9-Imprint-del-aroma-Narcotico-p702949250,"ScentLogix™ K9 Imprint del aroma Narcótico","Descripción Los productos ScentLogix™ son los aromas no detonables y no narcóticos número uno del mundo para programas de capacitación y evaluación de olores. Los ScentLogix™ K9 son el primer conjunto de kits de aromas del mundo desarrollado científicamente para el entrenamiento de perros K-9 en la…"
variation,SLN008-S,,"ScentLogix™ K9 Imprint del aroma Narcótico - Fentanilo",1,,visible,,,taxable,parent,1,0,0,1,0,,,,,,,,230000.00,,,,,,,SLN,,,,,,,,Olor,Fentanilo,1,0,,,,,,,,,,,,702949250,,,
variation,SLN007-S,,"ScentLogix™ K9 Imprint del aroma Narcótico - LSD",1,,visible,,,taxable,parent,1,0,0,1,0,,,,,,,,230000.00,,,,,,,SLN,,,,,,,,Olor,LSD,1,0,,,,,,,,,,,,702949250,,,
variation,SLN006-S,,"ScentLogix™ K9 Imprint del aroma Narcótico - PCP",1,,visible,,,taxable,parent,1,0,0,1,0,,,,,,,,230000.00,,,,,,,SLN,,,,,,,,Olor,PCP,1,0,,,,,,,,,,,,702949250,,,
variation,SLN005-S,,"ScentLogix™ K9 Imprint del aroma Narcótico - Marihuana",1,,visible,,,taxable,parent,1,0,0,1,0,,,,,,,,230000.00,,,,,,,SLN,,,,,,,,Olor,Marihuana,1,0,,,,,,,,,,,,702949250,,,
variation,SLN004-S,,"ScentLogix™ K9 Imprint del aroma Narcótico - Heroína/Opium",1,,visible,,,taxable,parent,1,0,0,1,0,,,,,,,,230000.00,,,,,,,SLN,,,,,,,,Olor,Heroína/Opium,1,0,,,,,,,,,,,,702949250,,,
variation,SLN003-S,,"ScentLogix™ K9 Imprint del aroma Narcótico - MDMA/Ecstasy",1,,visible,,,taxable,parent,1,0,0,1,0,,,,,,,,230000.00,,,,,,,SLN,,,,,,,,Olor,MDMA/Ecstasy,1,0,,,,,,,,,,,,702949250,,,
variation,SLN002-S,,"ScentLogix™ K9 Imprint del aroma Narcótico - Metanfetamina",1,,visible,,,taxable,parent,1,-1,0,1,0,,,,,,,,230000.00,,,,,,,SLN,,,,,,,,Olor,Metanfetamina,1,0,,,,,,,,,,,,702949250,,,
variation,SLN001-S,,"ScentLogix™ K9 Imprint del aroma Narcótico - Cocaína",1,,visible,,,taxable,parent,1,0,0,1,0,,,,,,,,230000.00,,,,,,,SLN,,,,,,,,Olor,Cocaína,1,0,,,,,,,,,,,,702949250,,,
variable,SLC-SLD,,"ScentLogix™ K9 Imprint del aromas",1,0,visible,,"<details><summary>Descripción</summary><section><p>Los productos ScentLogix™ son los aromas no detonables y no narcóticos número uno del mundo para programas de capacitación y evaluación de olores. Los ScentLogix™ K9 son el primer conjunto de kits de aromas del mundo desarrollado científicamente para el entrenamiento de perros K-9 en la detección de explosivos y narcóticos. Estos aromas multioperativos establecen un nuevo estándar para el entrenamiento de detección de K-9. Los aromas no son polvos como otros pseudo aromas y no requieren transferir el olor a otros materiales. Son aptos para investigación y mantienen sus olores hasta por un año sin disminuir. Los aromas proporcionan firmas olfativas esenciales que, junto con un regimen de entrenamiento integral, mejorarán la eficiencia de los caninos en la detección de explosivos químicos, narcóticos y otros materiales ilícitos. Estos productos permiten ejercicios de entrenamiento de detección realistas en todos los entornos climáticos y dentro de poblaciones civiles reales y otros entornos.</p></section></details><details><summary>Devoluciones</summary><section><p>No se hacen reembolsos, se hacen cambios por productos disponibles, completando el mismo monto cancelado.El producto debe estar en su estado original, sellado completamente. Sin cortes ni huecos en su empaque. </p></section></details><details><summary>Preguntas Frecuentes</summary><section><p><strong></strong><strong>¿Cuántos gramos pesa cada Imprint Aid?<br></strong><span style=""font-size: 12px;"">Cada muestra de impronta (Imprint Aid) pesa aproximadamente </span><span style=""font-size: 12px;"">20 gramos</span></p><br><strong>¿Cuántos gramos pesan los Evaluation Aids?<br></strong>
<span style=""font-size: 12px;"">Cada ayuda de evaluación (Evaluation Aid) pesa aproximadamente 12 gramos.</span><strong></strong><br><br><strong>¿Existen requisitos espe<span style=""font-size: 14px;""></span>ciales para el transporte de las ayudas (Aids)?<br></strong>
<span style=""font-size: 12px;"">Estas ayudas son, en esencia, <strong>""fragancias de explosivos, narcóticos, entre otros""</strong>, y no <strong>""explosivos, narcóticos, entre otros"" </strong>como tal. Por lo tanto, no poseen las propiedades químicas o fisiológicas que hacen peligrosos a los materiales originales, ni necesitan ser transportadas, manipuladas o almacenadas bajo las mismas condiciones o regulaciones que dichos materiales.<br><br></span><p><strong><span style=""font-size: 14px;"">¿El tiempo de exposición se ve afectado por la temperatura?</span></strong><br> <span style=""font-size: 12px;"">¡Sí! Para generar la misma intensidad de olor, el tiempo de exposición debe ser inversamente proporcional a la temperatura de operación. El cálculo de la temperatura puede implicar varios factores, ya que existen dos tipos diferentes de variables relacionadas con la temperatura que deben considerarse.</span></p><p><span style=""font-size: 12px;"">La primera corresponde al macrosistema, es decir, la temperatura del ambiente, ya sea en interiores o exteriores. La segunda corresponde al microsistema, es decir, la temperatura del microentorno de las ayudas (Aids); por ejemplo, la temperatura de los objetos o superficies que están en contacto con ellas.<br><br></span></p><p><strong><span style=""font-size: 14px;"">¿Es necesario que el producto se aclimate a la temperatura ambiente antes de usarse si ha sido almacenado en refrigeración?</span></strong></p><p><span style=""font-size: 12px;"">No. Debido al proceso de fabricación, no es necesario aclimatar el producto si ha sido almacenado en un refrigerador. Si ha sido almacenado en un congelador, se recomienda dejarlo aclimatarse durante aproximadamente <strong>90 segundos</strong> antes de utilizarlo.<br><br></span></p><p><strong>¿El olor (Evaluation Aid o Imprint Aid) puede transferirse a otros objetos, dejando residuos o rastros de olor?</strong></p><p><span style=""font-size: 12px;"">Aunque los métodos basados en nanotecnología y el proceso <strong>ScentLoc®</strong> utilizados durante la fabricación garantizan que las ayudas (Aids) no dejen residuos físicos ni contaminen las superficies sobre las que se colocan, el vapor que generan puede penetrar en materiales porosos.</span></p><p><span style=""font-size: 12px;""><strong><span style=""font-size: 14px;"">¿Como se calcula la vida útil del material de entrenamiento?</span><br><br></strong><span style=""font-size: 12px;"">Su vida útil se determina con base en el estándar de entrenamiento aceptado para cuerpos policiales, fuerzas militares y equipos caninos detectores (SWGDOG), que establece un uso de </span><strong><span style=""font-size: 12px;"">16 horas al mes (4 horas por semana)</span></strong><br></span></p><p><span style=""font-size: 12px;""><strong><span style=""font-size: 14px;"">¿Cómo afecta la humedad a los materiales de entrenamiento, si es que los afecta?</span><br><br></strong>Los materiales de entrenamiento <strong>no se ven afectados por la humedad. </strong>Si las bolsas se humedecen, déjelas secar de forma natural durante el proceso de entrenamiento. Si una bolsa queda completamente empapada en agua, deséchela o comuníquese con <strong>ScentLogix™ </strong>para recibir asesoría técnica</span></p><p><br></p></section></details>",taxable,,,,,,0,0.0,0.0,0.0,0.0,1,,,,"Detección, Todos los Productos",,,"https://d2j6dbq0eux0bg.cloudfront.net/images/104219285/products/695798262/4595031806.png, https://d2j6dbq0eux0bg.cloudfront.net/images/104219285/products/695798262/4595033059.jpg, https://d2j6dbq0eux0bg.cloudfront.net/images/104219285/products/695798262/4595030132.png",,,,,,,,,,ScentLogix,Olor,"Papel/Moneda, Medios de Almacenamiento Digital, Dispositivos Móviles",1,0,,,,,,,,,,,,695798262,https://www.specialk9.com/ScentLogix-tm-K9-Imprint-del-aromas-p695798262,"ScentLogix™ K9 Imprint del aromas","Descripción Los productos ScentLogix™ son los aromas no detonables y no narcóticos número uno del mundo para programas de capacitación y evaluación de olores. Los ScentLogix™ K9 son el primer conjunto de kits de aromas del mundo desarrollado científicamente para el entrenamiento de perros K-9 en la…"
variation,SLD002,,"ScentLogix™ K9 Imprint del aromas - Dispositivos Móviles",1,,visible,,,taxable,parent,1,0,0,1,0,,,,,,,,321500.00,,,,,,,SLC-SLD,,,,,,,,Olor,"Dispositivos Móviles",1,0,,,,,,,,,,,,695798262,,,
variation,SLD001,,"ScentLogix™ K9 Imprint del aromas - Medios de Almacenamiento Digital",1,,visible,,,taxable,parent,1,0,0,1,0,,,,,,,,321500.00,,,,,,,SLC-SLD,,,,,,,,Olor,"Medios de Almacenamiento Digital",1,0,,,,,,,,,,,,695798262,,,
variation,SLC100,,"ScentLogix™ K9 Imprint del aromas - Papel/Moneda",1,,visible,,,taxable,parent,1,0,0,1,0,,,,,,,,199000.00,,,,,,,SLC-SLD,,,,,,,,Olor,Papel/Moneda,1,0,,,,,,,,,,,,695798262,,,
variable,SLK-V,,"ScentLogix™ K9 Imprint del aroma Varios",1,1,visible,,"<details><summary>Descripción</summary><section><p>Los productos ScentLogix™ son los aromas no detonables y no narcóticos número uno del mundo para programas de capacitación y evaluación de olores. Los ScentLogix™ K9 son el primer conjunto de kits de aromas del mundo desarrollado científicamente para el entrenamiento de perros K-9 en la detección de explosivos y narcóticos. Estos aromas multioperativos establecen un nuevo estándar para el entrenamiento de detección de K-9. Los aromas no son polvos como otros pseudo aromas y no requieren transferir el olor a otros materiales. Son aptos para investigación y mantienen sus olores hasta por un año sin disminuir. Los aromas proporcionan firmas olfativas esenciales que, junto con un regimen de entrenamiento integral, mejorarán la eficiencia de los caninos en la detección de explosivos químicos, narcóticos y otros materiales ilícitos. Estos productos permiten ejercicios de entrenamiento de detección realistas en todos los entornos climáticos y dentro de poblaciones civiles reales y otros entornos.</p></section></details><details><summary>Devoluciones</summary><section><p>No se hacen reembolsos, se hacen cambios por productos disponibles, completando el mismo monto cancelado.El producto debe estar en su estado original, sellado completamente. Sin cortes ni huecos en su empaque.</p></section></details><details><summary>Preguntas Frecuentes</summary><section><p><strong>¿Cuántos gramos pesa cada Imprint Aid?</strong></p><p><span style=""font-size: 12px;"">Cada muestra de impronta (Imprint Aid) pesa aproximadamente </span><span style=""font-size: 12px;"">20 gramos</span></p><p><strong>¿Cuántos gramos pesan los Evaluation Aids?</strong></p><p><span style=""font-size: 12px;"">Cada ayuda de evaluación (Evaluation Aid) pesa aproximadamente 12 gramos.</span></p><p><strong>¿Existen requisitos especiales para el transporte de las ayudas (Aids)?</strong></p><p><span style=""font-size: 12px;"">Estas ayudas son, en esencia, ""fragancias de explosivos, narcóticos, entre otros"", y no ""explosivos, narcóticos, entre otros"" como tal. Por lo tanto, no poseen las propiedades químicas o fisiológicas que hacen peligrosos a los materiales originales, ni necesitan ser transportadas, manipuladas o almacenadas bajo las mismas condiciones o regulaciones que dichos materiales.<br><br></span></p><p><strong>¿El tiempo de exposición se ve afectado por la temperatura?</strong></p><p><span style=""font-size: 12px;"">¡Sí! Para generar la misma intensidad de olor, el tiempo de exposición debe ser inversamente proporcional a la temperatura de operación. El cálculo de la temperatura puede implicar varios factores, ya que existen dos tipos diferentes de variables relacionadas con la temperatura que deben considerarse.</span></p><p><span style=""font-size: 12px;"">La primera corresponde al macrosistema, es decir, la temperatura del ambiente, ya sea en interiores o exteriores. La segunda corresponde al microsistema, es decir, la temperatura del microentorno de las ayudas (Aids); por ejemplo, la temperatura de los objetos o superficies que están en contacto con ellas.<br><br></span></p><p><strong>¿Es necesario que el producto se aclimate a la temperatura ambiente antes de usarse si ha sido almacenado en refrigeración?</strong></p><p><span style=""font-size: 12px;"">No. Debido al proceso de fabricación, no es necesario aclimatar el producto si ha sido almacenado en un refrigerador. Si ha sido almacenado en un congelador, se recomienda dejarlo aclimatarse durante aproximadamente 90 segundos antes de utilizarlo.<br><br></span></p><p><strong>¿El olor (Evaluation Aid o Imprint Aid) puede transferirse a otros objetos, dejando residuos o rastros de olor?</strong></p><p><span style=""font-size: 12px;"">Aunque los métodos basados en nanotecnología y el proceso ScentLoc® utilizados durante la fabricación garantizan que las ayudas (Aids) no dejen residuos físicos ni contaminen las superficies sobre las que se colocan, el vapor que generan puede penetrar en materiales porosos.</span></p><p><span style=""font-size: 12px;""><span style=""font-size: 14px;""><strong>¿Como se calcula la vida útil del material de entrenamiento?</strong></span><br></span></p><p><span style=""font-size: 12px;"">Su vida útil se determina con base en el estándar de entrenamiento aceptado para cuerpos policiales, fuerzas militares y equipos caninos detectores (SWGDOG), que establece un uso de </span><span style=""font-size: 12px;"">16 horas al mes (4 horas por semana)</span><br></p><p><span style=""font-size: 12px;""><span style=""font-size: 14px;""><strong>¿Cómo afecta la humedad a los materiales de entrenamiento, si es que los afecta?</strong></span><br><br>Los materiales de entrenamiento no se ven afectados por la humedad. Si las bolsas se humedecen, déjelas secar de forma natural durante el proceso de entrenamiento. Si una bolsa queda completamente empapada en agua, deséchela o comuníquese con ScentLogix™ para recibir asesoría técnica</span></p></section></details>",taxable,,,,,,0,0.0,0.0,0.0,0.0,1,,,,Detección,,,"https://d2j6dbq0eux0bg.cloudfront.net/images/104219285/products/805179777/5490580750.png, https://d2j6dbq0eux0bg.cloudfront.net/images/104219285/products/805179777/5490579081.png, https://d2j6dbq0eux0bg.cloudfront.net/images/104219285/products/805179777/5490579087.png",,,,,,,,,27,ScentLogix,Olor,"Comportamiento de Busqueda, Inholoro, Sin Componentes",1,0,,,,,,,,,,,,805179777,https://www.specialk9.com/ScentLogix-tm-K9-Imprint-del-aroma-Varios-p805179777,"ScentLogix™ K9 Imprint del aroma Varios","Descripción Los productos ScentLogix™ son los aromas no detonables y no narcóticos número uno del mundo para programas de capacitación y evaluación de olores. Los ScentLogix™ K9 son el primer conjunto de kits de aromas del mundo desarrollado científicamente para el entrenamiento de perros K-9 en la…"
variation,SLK-BLANK2,,"ScentLogix™ K9 Imprint del aroma Varios - Sin Componentes",1,,visible,,,taxable,parent,1,0,1,1,0,,,,,,,,110000.00,,,,,,,SLK-V,,,,,,,,Olor,"Sin Componentes",1,0,,,,,,,,,,,,805179777,,,
variation,SLK-BLANK1,,"ScentLogix™ K9 Imprint del aroma Varios - Inholoro",1,,visible,,,taxable,parent,1,0,1,1,0,,,,,,,,81500.00,,,,,,,SLK-V,,,,,,,,Olor,Inholoro,1,0,,,,,,,,,,,,805179777,,,
variation,SLK-NS,,"ScentLogix™ K9 Imprint del aroma Varios - Comportamiento de Busqueda",1,,visible,,,taxable,parent,1,0,1,1,0,,,,,,,,168000.00,,,,,,,SLK-V,,,,,,,,Olor,"Comportamiento de Busqueda",1,0,,,,,,,,,,,,805179777,,,
simple,NRD-DD,,"Secador de Perros con Reducción de Ruido para Grooming y Baño",1,1,visible,,"<p>Secado y grooming sin esfuerzo gracias a sus <strong>4 boquillas intercambiables</strong>, ideales para secar rápido, trabajar el subpelo, dar estilo y eliminar pelo suelto, suciedad y caspa. Su <strong>motor de alta potencia</strong> reduce el tiempo de secado hasta en un <strong>50%</strong>, evitando que tu mascota se impaciente, mientras el diseño de flujo de aire mejorado deja el pelaje suave y brillante.</p><p>El sistema <strong>silencioso</strong> incorpora cuerpo extendido, carcasa reforzada, filtro trasero grueso y múltiples capas de aislamiento para disminuir el ruido en un <strong>20%</strong>, perfecto para mascotas sensibles.</p><p>Permite ajustar <strong>velocidad del aire (25–65 m/s)</strong> y elegir entre <strong>2 temperaturas</strong> (85°F tibio / 140°F caliente). Incluye <strong>protección contra sobrecalentamiento</strong>.</p><p>Su diseño ergonómico ofrece agarre cómodo, base antideslizante, tamaño portátil y una <strong>manguera resistente al calor</strong> que se extiende hasta <strong>73”</strong>, ideal para perros inquietos durante el grooming.</p>",taxable,,0,0,1,0,0,0.0,0.0,0.0,0.0,1,,,123750.00,"Grooming, Todos los Productos",,,"https://d2j6dbq0eux0bg.cloudfront.net/images/104219285/products/826940170/5686160917.webp, https://d2j6dbq0eux0bg.cloudfront.net/images/104219285/products/826940170/5686160851.webp, https://d2j6dbq0eux0bg.cloudfront.net/images/104219285/products/826940170/5686161311.webp, https://d2j6dbq0eux0bg.cloudfront.net/images/104219285/products/826940170/5686161072.webp, https://d2j6dbq0eux0bg.cloudfront.net/images/104219285/products/826940170/5686160888.webp, https://d2j6dbq0eux0bg.cloudfront.net/images/104219285/products/826940170/5686160636.webp, https://d2j6dbq0eux0bg.cloudfront.net/images/104219285/products/826940170/5686160905.webp, https://d2j6dbq0eux0bg.cloudfront.net/images/104219285/products/826940170/5686161317.webp, https://d2j6dbq0eux0bg.cloudfront.net/images/104219285/products/826940170/5686160911.webp",,,,,,,,,53,"Pet NF",,,,,,,,,,,,,,,,826940170,https://www.specialk9.com/Secador-de-Perros-con-Reduccion-de-Ruido-para-Grooming-y-Bano-p826940170,"Secador de Perros con Reducción de Ruido para Grooming y Baño","Secado y grooming sin esfuerzo gracias a sus 4 boquillas intercambiables , ideales para secar rápido, trabajar el subpelo, dar estilo y eliminar pelo suelto, suciedad y caspa. Su motor de alta potencia reduce el tiempo de secado hasta en un 50% , evitando que tu mascota se impaciente, mientras el…"
variable,30MP,,"Services - 30 Meals Plan",1,1,visible,,,taxable,,,,,,0,0.0,0.0,0.0,0.0,1,,,,"Alimentos & Suplementos, Specials, Alimentos & Suplementos > Alimentación",,,https://d2j6dbq0eux0bg.cloudfront.net/images/104219285/products/797678564/5391114989.png,,,,,,,,,20,,Dog,"Asia, Koda",1,0,,,,,,,,,,,,797678564,https://www.specialk9.com/Services-30-Meals-Plan-p797678564,"Services - 30 Meals Plan",
variation,30MP-asia,,"Services - 30 Meals Plan - Asia",1,,visible,,,taxable,parent,0,,,0,0,,,,,,,,83000.00,,,,,,,30MP,,,,,,,,Dog,Asia,1,0,,,,,,,,,,,,797678564,,,
variation,30MP-koda,,"Services - 30 Meals Plan - Koda",1,,visible,,,taxable,parent,0,,,0,0,,,,,,,,156000.00,,,,,,,30MP,,,,,,,,Dog,Koda,1,0,,,,,,,,,,,,797678564,,,
simple,G06,076484513022,"Shedding Blade",1,0,visible,,"<details><summary>Descripción</summary><section><p>Para razas medianas y grandes</p><p>La hoja de dos caras con bordes gruesos y finos se puede usar recta o en bucle para eliminar el vello suelto de forma segura.</p></section></details><details><summary>Garantía</summary><section><div>Garantía por defectos de fábrica. Cortes y golpes no serán contemplados dentro de la garantía.</div><div><strong>Devoluciones</strong></div><div>Se realiza cambio si el producto presenta defecto de fábrica. </div><p>No se hacen reembolsos, se hacen cambios por productos disponibles, completando el mismo monto cancelado.</p><p><br></p></section></details><p><br></p>",taxable,,1,1,1,1,0,0.11,0.0,0.0,0.0,1,,,13000.00,"Grooming, Todos los Productos",,,https://d2j6dbq0eux0bg.cloudfront.net/images/104219285/4553297845.jpg,,,,,,,,,,Safari,,,,,,,,,,,,,,,,697534974,https://www.specialk9.com/Shedding-Blade-p697534974,"Shedding Blade","Descripción Para razas medianas y grandes La hoja de dos caras con bordes gruesos y finos se puede usar recta o en bucle para eliminar el vello suelto de forma segura. Garantía Garantía por defectos de fábrica. Cortes y golpes no serán contemplados dentro de la garantía. Devoluciones Se realiza…"
simple,G11,076484961274,"Shed Magic Brush",1,0,visible,,"<details><summary>Descripción</summary><section><p>Elimina eficazmente el pelo suelto y deja un pelaje limpio y saludable. Cuenta con un borde de acero inoxidable con púas pequeñas que peinan el pelo suelto y la capa interna del pelaje superior de su mascota. Ideal para todas las texturas y longitudes de cabello. La cabeza en ángulo y el mango ergonómico garantizan su comodidad.<br></p></section></details><details><summary>Garantía</summary><section><div>Garantía por defectos de fábrica. Golpes no serán contemplados dentro de la garantía.</div><div><strong>Devoluciones</strong></div><div>Se realiza cambio si el producto presenta defecto de fábrica. </div><p>No se hacen reembolsos, se hacen cambios por productos disponibles, completando el mismo monto cancelado.</p></section></details><p><br></p>",taxable,,1,2,1,0,0,0.14,0.0,0.0,0.0,1,,,22000.00,"Grooming, Todos los Productos",,,https://d2j6dbq0eux0bg.cloudfront.net/images/104219285/4555465987.jpg,,,,,,,,,,Safari,,,,,,,,,,,,,,,,697978454,https://www.specialk9.com/Shed-Magic-Brush-p697978454,"Shed Magic Brush","Descripción Elimina eficazmente el pelo suelto y deja un pelaje limpio y saludable. Cuenta con un borde de acero inoxidable con púas pequeñas que peinan el pelo suelto y la capa interna del pelaje superior de su mascota. Ideal para todas las texturas y longitudes de cabello. La cabeza en ángulo y el…"
variable,SD3,,"Sigma Pseudo™ Fórmula de Aroma Cadaver",1,0,visible,,"<details><summary>Descripción</summary><section><p>Fórmulas aromáticas para el entrenamiento canino en detección de cadaveres. Sustancia en forma de polvo. Una vez abierto el producto debe ser almacenado a -20C. La fragancia imita el aroma al narcótico seleccionado. Marca Sigma 3.5oz.</p></section></details><details><summary>Devoluciones</summary><section><p>No se hacen reembolsos, se hacen cambios por productos disponibles, completando el mismo monto cancelado.El producto debe estar en su estado original, sellado completamente. Sin cortes ni huecos en su empaque. </p></section></details><p><br></p>",taxable,,,,,,0,0.0,0.0,0.0,0.0,1,,,,"Detección, Todos los Productos",,,"https://d2j6dbq0eux0bg.cloudfront.net/images/104219285/products/694922439/5572256239.jpg, https://d2j6dbq0eux0bg.cloudfront.net/images/104219285/products/694922439/5572256245.jpg, https://d2j6dbq0eux0bg.cloudfront.net/images/104219285/products/694922439/5572269349.jpg",,,,,,,,,,Sigma,Niveles,"Cadaver 1, Cadaver 2, Kit de Detección - Cadaver",1,0,,,,,,,,,,,,694922439,https://www.specialk9.com/Sigma-Pseudo-tm-Formula-de-Aroma-Cadaver-p694922439,"Sigma Pseudo™ Fórmula de Aroma Narcótico","Descripción Fórmulas aromáticas para el entrenamiento canino en detección de cadaveres. Sustancia en forma de polvo. Una vez abierto el producto debe ser almacenado a -20C. La fragancia imita el aroma al narcótico seleccionado. Marca Sigma 3.5oz. Devoluciones No se hacen reembolsos, se hacen cambios…"
variation,SD32,,"Sigma Pseudo™ Fórmula de Aroma Cadaver - Kit de Detección - Cadaver",1,,visible,,,taxable,parent,1,0,0,1,0,,,,,,,,150000.00,,,,,,,SD3,,,,,,,,Niveles,"Kit de Detección - Cadaver",1,0,,,,,,,,,,,,694922439,,,
variation,SD31,,"Sigma Pseudo™ Fórmula de Aroma Cadaver - Cadaver 2",1,,visible,,,taxable,parent,1,0,0,1,0,,,,,,,,120000.00,,,,,,,SD3,,,,,,,,Niveles,"Cadaver 2",1,0,,,,,,,,,,,,694922439,,,
variation,SD30,,"Sigma Pseudo™ Fórmula de Aroma Cadaver - Cadaver 1",1,,visible,,,taxable,parent,1,0,0,1,0,,,,,,,,120000.00,,,,,,,SD3,,,,,,,,Niveles,"Cadaver 1",1,0,,,,,,,,,,,,694922439,,,
variable,SD,,"Sigma Pseudo™ Fórmula de Aroma Narcótico",1,0,visible,,"<details><summary>Descripción</summary><section><p>Fórmulas aromáticas para el entrenamiento canino en narcóticos. Sustancia en forma de polvo. Una vez abierto el producto debe ser almacenado a -20C. La fragancia imita el aroma al narcótico seleccionado. Marca Sigma 3.5oz.</p></section></details><details><summary>Devoluciones</summary><section><p>No se hacen reembolsos, se hacen cambios por productos disponibles, completando el mismo monto cancelado.El producto debe estar en su estado original, sellado completamente. Sin cortes ni huecos en su empaque. </p></section></details><p><br></p>",taxable,,,,,,0,0.0,0.0,0.0,0.0,1,,,,"Detección, Todos los Productos",,,"https://d2j6dbq0eux0bg.cloudfront.net/images/104219285/products/814826287/4540211413.jpg, https://d2j6dbq0eux0bg.cloudfront.net/images/104219285/products/814826287/4540211418.jpg, https://d2j6dbq0eux0bg.cloudfront.net/images/104219285/products/814826287/4540211567.jpg, https://d2j6dbq0eux0bg.cloudfront.net/images/104219285/products/814826287/4540212305.jpg",,,,,,,,,,Sigma,Olores,"Marihuana, Heroína, LSD, Cocaína",1,0,,,,,,,,,,,,814826287,https://www.specialk9.com/Sigma-Pseudo-tm-Formula-de-Aroma-Narcotico-p814826287,"Sigma Pseudo™ Fórmula de Aroma Narcótico","Descripción Fórmulas aromáticas para el entrenamiento canino en narcóticos. Sustancia en forma de polvo. Una vez abierto el producto debe ser almacenado a -20C. La fragancia imita el aroma al narcótico seleccionado. Marca Sigma 3.5oz. Devoluciones No se hacen reembolsos, se hacen cambios por…"
variation,SD20,,"Sigma Pseudo™ Fórmula de Aroma Narcótico - Cocaína",1,,visible,,,taxable,parent,1,-1,0,1,0,,,,,,,,129000.00,,,,,,,SD,,,,,,,,Olores,Cocaína,1,0,,,,,,,,,,,,814826287,,,
variation,SD22,,"Sigma Pseudo™ Fórmula de Aroma Narcótico - LSD",1,,visible,,,taxable,parent,1,0,0,1,0,,,,,,,,135000.00,,,,,,,SD,,,,,,,,Olores,LSD,1,0,,,,,,,,,,,,814826287,,,
variation,SD21,,"Sigma Pseudo™ Fórmula de Aroma Narcótico - Heroína",1,,visible,,,taxable,parent,1,0,0,1,0,,,,,,,,129000.00,,,,,,,SD,,,,,,,,Olores,Heroína,1,0,,,,,,,,,,,,814826287,,,
variation,SD23,,"Sigma Pseudo™ Fórmula de Aroma Narcótico - Marihuana",1,,visible,,,taxable,parent,1,-2,0,1,0,,,,,,,,129000.00,,,,,,,SD,,,,,,,,Olores,Marihuana,1,0,,,,,,,,,,,,814826287,,,
simple,A24,,"Silbato silencioso Remington",1,0,visible,,"<p>Silbato silencioso Remington®</p><p>El silbato de latón niquelado tiene un tono ajustable y es casi inaudible para el oído humano. La frecuencia transporta una larga distancia.</p>",taxable,,1,0,1,1,0,0.0,0.0,0.0,0.0,1,,,11500.00,"Todos los Productos",,,https://d2j6dbq0eux0bg.cloudfront.net/images/104219285/4547405309.webp,,,,,,,,,,,,,,,,,,,,,,,,,,696671270,https://www.specialk9.com/Silbato-silencioso-Remington-p696671270,"Silbato silencioso Remington","Silbato silencioso Remington® El silbato de latón niquelado tiene un tono ajustable y es casi inaudible para el oído humano. La frecuencia transporta una larga distancia."
variable,PM500,,"Sky Kennel 40"" x 27"" x 30""",-1,1,hidden,,"<ul><li><span class=""a-list-item"">Comodidad de primera clase para mascotas: la perrera Petmate Sky cumple con los requisitos de la IATA para el transporte de animales vivos y cumple con la mayoría de las especificaciones de carga de aerolíneas, proporcionando un viaje aéreo seguro para mascotas; incluye ventilación de 360 grados y orificios de correa de amarre</span></li><li><span class=""a-list-item"">Fácil preparación para viajes: la perrera Sky es una jaula de viaje para perros que viene con elementos esenciales que incluyen dos calcomanías ""LIVE ANIMAL"", una taza de comida y agua, calcomanías de identificación y una almohadilla absorbente para proporcionar una gran experiencia de viaje para ti y tu mascota</span></li><li><span class=""a-list-item"">Interior espacioso para perros grandes: ideal para labrador retriever o similar, esta gran perrera para perros tiene capacidad para mascotas de 70 a 90 libras, ofreciendo suficiente espacio para caminar y descansar cómodamente durante el viaje, con dimensiones interiores de 36.25 pulgadas de largo x 24.75 pulgadas de ancho x 28.8 pulgadas de alto</span></li><li><span class=""a-list-item"">Calidad de construcción duradera: fabricada en los Estados Unidos con plástico EcoTEC con un mínimo de 90% de material reciclado preconsumo, esta jaula grande para perros cuenta con una puerta de cierre fácil de apretar con enclavamientos y un asa superior plegable para mayor seguridad</span></li><li><span class=""a-list-item"">BIENESTAR DE MASCOTAS: Con más de 60 años de experiencia, Petmate diseña productos confiables para mascotas para mejorar la vida de las mascotas y sus dueños creando productos de alta calidad</span></li></ul>",taxable,,,,,,0,13.6,0.0,0.0,0.0,1,,,,,,,"https://d2j6dbq0eux0bg.cloudfront.net/images/104219285/products/795699856/5530519392.png, https://d2j6dbq0eux0bg.cloudfront.net/images/104219285/products/795699856/5368878995.jpg, https://d2j6dbq0eux0bg.cloudfront.net/images/104219285/products/795699856/5368914527.jpg, https://d2j6dbq0eux0bg.cloudfront.net/images/104219285/products/795699856/5368914521.jpg, https://d2j6dbq0eux0bg.cloudfront.net/images/104219285/products/795699856/5686027124.webp, https://d2j6dbq0eux0bg.cloudfront.net/images/104219285/products/795699856/5686027136.webp",,,,,,,,,19,"Pet Mate",Tamaño,"48"" x 32"" x 35"", 40"" x 27"" x 30"", 36"" x 25"" x 27""",1,0,,,,,,,,,,,,795699856,https://www.specialk9.com/Sky-Kennel-40-x-27-x-30-p795699856,"Sky Kennel 40"" x 27"" x 30""","Comodidad de primera clase para mascotas: la perrera Petmate Sky cumple con los requisitos de la IATA para el transporte de animales vivos y cumple con la mayoría de las especificaciones de carga de aerolíneas, proporcionando un viaje aéreo seguro para mascotas; incluye ventilación de 360 grados y…"
variation,PM600,,"Sky Kennel 40"" x 27"" x 30"" - 48"" x 32"" x 35""",-1,,visible,,,taxable,parent,1,0,1,1,0,,,,,,,,0.00,,,,,,,PM500,,,,,,,,Tamaño,"48"" x 32"" x 35""",1,0,,,,,,,,,,,,795699856,,,
variation,PM500-40-x-27-x-30,,"Sky Kennel 40"" x 27"" x 30"" - 40"" x 27"" x 30""",-1,,visible,,,taxable,parent,1,-1,1,1,0,,,,,,,,353000.00,,,,,,,PM500,,,,,,,,Tamaño,"40"" x 27"" x 30""",1,0,,,,,,,,,,,,795699856,,,
variation,PM400,,"Sky Kennel 40"" x 27"" x 30"" - 36"" x 25"" x 27""",-1,,visible,,,taxable,parent,1,0,1,1,0,,,,,,,,0.00,,,,,,,PM500,,,,,,,,Tamaño,"36"" x 25"" x 27""",1,0,,,,,,,,,,,,795699856,,,
simple,"SLG JLSK9",5999053601195,"Slinga Julius K9",1,0,visible,,"<details><summary>Descripción</summary><section><div>Con la correa de contacto, puede controlar a tu perro con movimientos pequeños y suaves de la muñeca.</div><div>No causa dolor ni sensación de ahogo prolongada en el perro.</div><div>Recomendada para perros agresivos o con ansiedad.</div><div>La función de ahorque ahora está limitada por un tope doble.</div><div>Longitud: 1,1 m</div></section></details><details><summary>Garantía</summary><section><div>Garantía por defectos de fábrica. Cortes y mordeduras no serán contemplados dentro de la garantía.</div><div><strong>Devoluciones</strong></div><div>Se realiza cambio si el producto presenta defecto de fábrica. </div><div>No se hacen reembolsos, se hacen cambios por productos disponibles, completando el mismo monto cancelado.</div><p><br></p></section></details><p><br></p>",taxable,,1,6,1,0,0,0.05,0.0,0.0,0.0,1,,,21000.00,"Correas, Correas > Nylon, Todos los Productos",,,"https://d2j6dbq0eux0bg.cloudfront.net/images/104219285/products/695604554/4540211667.jpg, https://d2j6dbq0eux0bg.cloudfront.net/images/104219285/products/695604554/4591836864.jpg, https://d2j6dbq0eux0bg.cloudfront.net/images/104219285/products/695604554/4591841008.jpg, https://d2j6dbq0eux0bg.cloudfront.net/images/104219285/products/695604554/4591836869.jpg",,,,,"L13 L14,L15 L18,5923050171,BL001-002,LL06",,,,,"Julius K9",,,,,,,,,,,,,,,,695604554,https://www.specialk9.com/Slinga-Julius-K9-p695604554,"Slinga Julius K9","Descripción Con la correa de contacto, puede controlar a tu perro con movimientos pequeños y suaves de la muñeca. No causa dolor ni sensación de ahogo prolongada en el perro. Recomendada para perros agresivos o con ansiedad. La función de ahorque ahora está limitada por un tope doble. Longitud: 1,1…"
simple,TE4001073,,"Soporte para Mancuernas para Adiestramiento",1,1,visible,,"<details><summary>Descripción</summary><section><div>Hecho de aluminio ligero.<br>Fácil de transportar. <br>Impermeable.<br>Capacidad para 4 mancuernas. <br>Accesorio (bolsa de transporte de poliéster)</div><div><br></div><div>Dimensiones</div><div><p>Peso: 2 kg<br>Altura total: 89 cm<br>Ancho: 43 cm<br>Longitud de pata a pata: 65 cm (26 pulgadas)</p></div></section></details><details><summary>Garantía</summary><section><div>Garantía por defectos de fábrica. Cortes y mordeduras no serán contemplados dentro de la garantía.</div><div><strong>Devoluciones</strong></div><div>Se realiza cambio si el producto presenta defecto de fábrica.</div></section></details>",taxable,,1,0,1,1,0,2.0,0.0,0.0,0.0,1,,,112000.00,"Todos los Productos, Disciplinas",,,"https://d2j6dbq0eux0bg.cloudfront.net/images/104219285/4934265688.jpg, https://d2j6dbq0eux0bg.cloudfront.net/images/104219285/4934265693.jpg, https://d2j6dbq0eux0bg.cloudfront.net/images/104219285/4934280820.jpg",,,,,,,,,11,"For Dog Trainers",,,,,,,,,,,,,,,,752779369,https://www.specialk9.com/Soporte-para-Mancuernas-para-Adiestramiento-p752779369,"Soporte para Mancuernas para Adiestramiento","Descripción Hecho de aluminio ligero. Fácil de transportar. Impermeable. Capacidad para 4 mancuernas. Accesorio (bolsa de transporte de poliéster) Dimensiones Peso: 2 kg Altura total: 89 cm Ancho: 43 cm Longitud de pata a pata: 65 cm (26 pulgadas) Garantía Garantía por defectos de fábrica. Cortes y…"
simple,MJS,,"Sticker Malinois con Jacket",1,0,visible,,,taxable,,1,16,1,0,0,0.01,0.0,0.0,0.0,1,,,1500.00,"Stickers, Todos los Productos, Specials",,,https://d2j6dbq0eux0bg.cloudfront.net/images/104219285/4540371216.png,,,,,,,,,,,,,,,,,,,,,,,,,,695627635,https://www.specialk9.com/Sticker-Malinois-con-Jacket-p695627635,"Sticker Malinois con Jacket",
simple,MHB,,"Sticker Malinois Heartbeat",1,0,visible,,,taxable,,1,11,1,0,0,0.01,0.0,0.0,0.0,1,,,2000.00,"Stickers, Todos los Productos, Specials",,,https://d2j6dbq0eux0bg.cloudfront.net/images/104219285/products/695633386/4540372145.jpg,,,,,,,,,,,,,,,,,,,,,,,,,,695633386,https://www.specialk9.com/Sticker-Malinois-Heartbeat-p695633386,"Sticker Malinois Heartbeat",
simple,MLSS,,"Sticker Malinois Live",1,0,visible,,,taxable,,1,17,1,1,0,0.01,0.0,0.0,0.0,1,,,1500.00,"Stickers, Todos los Productos, Specials",,,https://d2j6dbq0eux0bg.cloudfront.net/images/104219285/4540224670.jpg,,,,,,,,,,,,,,,,,,,,,,,,,,695577698,https://www.specialk9.com/Sticker-Malinois-Live-p695577698,"Sticker Malinois Live",
simple,MOB,,"Sticker Malinois on Board",1,0,visible,,,taxable,,1,3,1,0,0,0.01,0.0,0.0,0.0,1,,,1500.00,"Stickers, Todos los Productos, Specials",,,https://d2j6dbq0eux0bg.cloudfront.net/images/104219285/products/695604556/4540212484.png,,,,,,,,,,,,,,,,,,,,,,,,,,695604556,https://www.specialk9.com/Sticker-Malinois-on-Board-p695604556,"Sticker Malinois on Board",
simple,MPS,,"Sticker Malinois Perfil",1,0,visible,,,taxable,,1,17,1,0,0,0.01,0.0,0.0,0.0,1,,,1500.00,"Stickers, Todos los Productos, Specials",,,https://d2j6dbq0eux0bg.cloudfront.net/images/104219285/4540212447.png,,,,,,,,,,,,,,,,,,,,,,,,,,695604555,https://www.specialk9.com/Sticker-Malinois-Perfil-p695604555,"Sticker Malinois Perfil",
simple,GSWD,,"Sticker Pastor Alemán",1,0,visible,,,taxable,,0,0,1,0,0,0.01,0.0,0.0,0.0,1,,,1500.00,"Stickers, Todos los Productos, Specials",,,https://d2j6dbq0eux0bg.cloudfront.net/images/104219285/products/695627636/4540372152.jpg,,,,,,,,,,,,,,,,,,,,,,,,,,695627636,https://www.specialk9.com/Sticker-Pastor-Aleman-p695627636,"Sticker Pastor Alemán",
simple,NUP01,,"Suplemento para Soporte Articular e Inmunológico",1,1,visible,,"<p>Suplemento nutricional premium para perros formulado para apoyar la salud articular, el sistema inmunológico y la condición física general. Su mezcla avanzada de glucosamina, condroitina, MSM y vitamina Ester-C® ayuda a mantener articulaciones fuertes, mejorar la movilidad y apoyar la recuperación muscular, siendo ideal para perros activos, deportivos, de trabajo, senior o con desgaste articular.</p><div><section><div><p>La fórmula incluye ingredientes naturales de alta calidad como kelp noruego, linaza molida en frío, hígado deshidratado, aminoácidos, enzimas digestivas, probióticos y cultivos de levadura, que contribuyen al mantenimiento de una piel saludable, pelaje brillante, mejor digestión y mayor absorción de nutrientes.</p><p>Gracias a su contenido de ácidos grasos esenciales, vitaminas y minerales, ayuda a fortalecer el sistema inmune y favorecer el bienestar integral del perro. Además, no contiene trigo, maíz, gluten, rellenos ni conservantes artificiales.</p><p>Puede administrarse seco o mezclado con agua para crear una salsa con sabor a hígado que mejora la palatabilidad y facilita su consumo diario. Recomendado para complementar dietas BARF, alimentación natural o alimento concentrado tradicional.</p></div><div></div><div><div></div></div></section></div><div></div>",taxable,,0,-1,1,0,0,2.27,0.0,0.0,0.0,1,,,94000.00,"Todos los Productos, Alimentos & Suplementos > Suplementos, Alimentos & Suplementos",,,"https://d2j6dbq0eux0bg.cloudfront.net/images/104219285/products/837705079/5786645419.png, https://d2j6dbq0eux0bg.cloudfront.net/images/104219285/products/837705079/5786686002.png, https://d2j6dbq0eux0bg.cloudfront.net/images/104219285/products/837705079/5786679277.png",,,,,,,,,69,NUPRO®,,,,,,,,,,,,,,,,837705079,https://www.specialk9.com/Suplemento-para-Soporte-Articular-e-Inmunologico-p837705079,"Suplemento para Soporte Articular e Inmunológico","Suplemento nutricional premium para perros formulado para apoyar la salud articular, el sistema inmunológico y la condición física general. Su mezcla avanzada de glucosamina, condroitina, MSM y vitamina Ester-C® ayuda a mantener articulaciones fuertes, mejorar la movilidad y apoyar la recuperación…"
simple,K01,,"Taza de agua antiderrame - Grande",1,0,visible,,"<details><summary>Descripción</summary><section><p>El recipiente de agua a prueba de derrames/salpicaduras, incluso cuando está boca abajo.</p><p>Ideal para usar en vehículos.</p><p>Capacidad de 64 onzas (1.8 Litros)</p></section></details>",taxable,,0,0,1,0,0,0.8,0.0,0.0,0.0,1,,,29500.00,"Todos los Productos, Alimentos & Suplementos, Alimentos & Suplementos > Hidratación",,,"https://d2j6dbq0eux0bg.cloudfront.net/images/104219285/products/697664915/4562550767.jpg, https://d2j6dbq0eux0bg.cloudfront.net/images/104219285/products/697664915/4553932404.jpg",,,,,"3547,SS0129,K05,BT 25I,OZG150",,,,,"Elite K9",,,,,,,,,,,,,,,,697664915,https://www.specialk9.com/Taza-de-agua-antiderrame-Grande-p697664915,"Taza de agua antiderrame - Grande","Descripción El recipiente de agua a prueba de derrames/salpicaduras, incluso cuando está boca abajo. Ideal para usar en vehículos. Capacidad de 64 onzas (1.8 Litros)"
simple,SK9-BBS,,"Taza de Agua Antiderrame - Pequeña",1,0,visible,,"<details><summary>Descripción</summary><section><p>Capacidad de 32 onzas (946 ml)</p><p>El recipiente de agua a prueba de derrames/salpicaduras, incluso cuando está boca abajo.<br>Ideal para usar en vehículos.</p></section></details><p><br></p>",taxable,,1,11,1,0,0,0.42,0.0,0.0,0.0,1,,,21000.00,"Todos los Productos, Alimentos & Suplementos, Alimentos & Suplementos > Hidratación",,,"https://d2j6dbq0eux0bg.cloudfront.net/images/104219285/products/697593406/4553437811.jpg, https://d2j6dbq0eux0bg.cloudfront.net/images/104219285/products/697593406/4562541588.jpg",,,,,"K01,3547,SS0129,K05,BT 25I",,,,,,,,,,,,,,,,,,,,,697593406,https://www.specialk9.com/Taza-de-Agua-Antiderrame-Pequena-p697593406,"Taza de Agua Antiderrame - Pequeña","Descripción Capacidad de 32 onzas (946 ml) El recipiente de agua a prueba de derrames/salpicaduras, incluso cuando está boca abajo. Ideal para usar en vehículos."
variable,BS200,,"Traje Bicolor de Mordida Semi Competencia",1,1,visible,,"<details><summary>Descripción</summary><section><div>El modelo Semi Competition, de estilo belga, ofrece el equilibrio perfecto entre movilidad y protección. Es la opción preferida por decoys experimentados que buscan máxima flexibilidad, ya que permite movimientos ágiles sin comprometer la seguridad. Este traje ayuda a que el perro aprenda a morder al figurante y no solo el material, siendo ideal para entrenamientos de escenario, competencias, trabajo de patrulla y técnicas de combate en el suelo.</div><div>Incluye bolso de almacenamiento y dos mangas internas de neopreno gratuitas para reducir moretones y pellizcos al trabajar con perros de mordida fuerte.<br><br><div>Tipo de producto: Traje de Mordida</div><div>Material: Lino Francés</div><div>Colores disponibles: Azul/Negro, Camuflaje Verde/Negro, Verde Claro/Negro, Verde Olive Drab/Negro, Naranja/Negro, Rosa/Negro, Rojo/Negro, Azul Cielo/Negro, Camuflaje Safari Tan (STC)/Negro, Amarillo/Negro</div></div></section></details><details><summary>Tallas disponibles</summary><section><ul><li>XS</li><li>S</li><li>M</li><li>L</li><li>XL</li><li>XXL</li></ul></section></details>",taxable,,,,,,0,0.0,0.0,0.0,0.0,1,,,,"Todos los Productos, Traje de Mordida",,,https://d2j6dbq0eux0bg.cloudfront.net/images/104219285/products/826423406/5682042035.jpg,,,,,,,,,40,"Elite K9",Talla,"XS, S, M, L, XL, XXL",1,0,,,,,,,,,,,,826423406,https://www.specialk9.com/Traje-Bicolor-de-Mordida-Semi-Competencia-p826423406,"Traje Bicolor de Mordida Semi Competencia","Descripción El modelo Semi Competition, de estilo belga, ofrece el equilibrio perfecto entre movilidad y protección. Es la opción preferida por decoys experimentados que buscan máxima flexibilidad, ya que permite movimientos ágiles sin comprometer la seguridad. Este traje ayuda a que el perro…"
variation,"BS200 XXL",,"Traje Bicolor de Mordida Semi Competencia - XXL",1,,visible,,,taxable,parent,1,0,1,1,0,,,,,,,,1305111.00,,,,,,,BS200,,,,,,,,Talla,XXL,1,0,,,,,,,,,,,,826423406,,,
variation,"BS200 XL",,"Traje Bicolor de Mordida Semi Competencia - XL",1,,visible,,,taxable,parent,1,0,1,1,0,,,,,,,,1305111.00,,,,,,,BS200,,,,,,,,Talla,XL,1,0,,,,,,,,,,,,826423406,,,
variation,"BS200 L",,"Traje Bicolor de Mordida Semi Competencia - L",1,,visible,,,taxable,parent,1,0,1,1,0,,,,,,,,1305111.00,,,,,,,BS200,,,,,,,,Talla,L,1,0,,,,,,,,,,,,826423406,,,
variation,"BS200 M",,"Traje Bicolor de Mordida Semi Competencia - M",1,,visible,,,taxable,parent,1,0,1,1,0,,,,,,,,1305111.00,,,,,,,BS200,,,,,,,,Talla,M,1,0,,,,,,,,,,,,826423406,,,
variation,"BS200 S",,"Traje Bicolor de Mordida Semi Competencia - S",1,,visible,,,taxable,parent,1,0,1,1,0,,,,,,,,1305111.00,,,,,,,BS200,,,,,,,,Talla,S,1,0,,,,,,,,,,,,826423406,,,
variation,"BS200 XS",,"Traje Bicolor de Mordida Semi Competencia - XS",1,,visible,,,taxable,parent,1,0,1,1,0,,,,,,,,1305111.00,,,,,,,BS200,,,,,,,,Talla,XS,1,0,,,,,,,,,,,,826423406,,,
simple,CL35,,"Traje de entrenamiento",1,0,visible,,"<details><summary>Descripción</summary><section><p>Pantalón de entrenamiento hecho de nailon, se pueden lavar a máquina y son muy resistentes a pinchazos, abrasión y desgarros. Cuenta con cremalleras en las pierneras y acolchado resistente en la parte delantera y trasera.<br>La altura y la cintura son ajustables.</p><p>Medidas:<br>Large: 29"" de entrepierna, 19"" de pantorrilla y hasta 40"" de cintura</p></section></details><details><summary>Garantía</summary><section><div>Garantía por defectos de fábrica. Cortes y mordeduras no serán contemplados dentro de la garantía.</div><div><strong>Devoluciones</strong></div><div>Se realiza cambio si el producto presenta defecto de fábrica. </div><div>Muy respetuosamente pedimos que, al momento de solicitarnos un producto, tenga las medidas necesarias.</div><div>No se hacen reembolsos, se hacen cambios por productos disponibles, completando el mismo monto cancelado.</div></section></details>",taxable,,0,0,1,0,0,2.5,0.0,0.0,0.0,1,,,175000.00,"Entrenamiento, Todos los Productos, Indumentaria, Indumentaria > Entrenamiento",,,"https://d2j6dbq0eux0bg.cloudfront.net/images/104219285/products/697593293/4553268693.jpg, https://d2j6dbq0eux0bg.cloudfront.net/images/104219285/products/697593293/4596436171.png",,,,,,,,,,"Elite K9",,,,,,,,,,,,,,,,697593293,https://www.specialk9.com/Traje-de-entrenamiento-p697593293,"Pantalón de entrenamiento","Descripción Pantalón de entrenamiento hecho de nailon, se pueden lavar a máquina y son muy resistentes a pinchazos, abrasión y desgarros. Cuenta con cremalleras en las pierneras y acolchado resistente en la parte delantera y trasera. La altura y la cintura son ajustables. Medidas: Large: 29"" de…"
variable,BS100,,"Traje de Mordida para Semi Competencia",1,1,visible,,"<details><summary>Descripción</summary><section><p>El traje Semi Competition ofrece un equilibrio ideal entre movilidad y protección, siendo la elección principal de decoys que necesitan máxima flexibilidad. Es perfecto para entrenamientos avanzados, escenarios tácticos y mejorar la técnica de mordida del perro.<br></p><p>Incluye bolso de almacenamiento y dos mangas internas de neopreno para mayor protección al trabajar con perros de mordida fuerte.<br></p><div>Modelo: BS100</div><div>Tipo de producto: Traje de Mordida</div><div>Material: Lino Francés</div><div>Colores disponibles: Negro, Azul Real, Camuflaje Woodland Verde, Verde Olive Drab, Naranja, Rosa, Rojo, Camuflaje Safari Tan, Celeste/Azul Cielo y Amarillo<span></span></div></section></details><details><summary>Tallas disponibles</summary><section><ul><li>XS</li><li>S</li><li>M</li><li>L</li><li>XL</li><li>XXL</li></ul></section></details><p><br></p>",taxable,,,,,,0,0.0,0.0,0.0,0.0,1,,,,"Todos los Productos, Traje de Mordida",,,"https://d2j6dbq0eux0bg.cloudfront.net/images/104219285/products/826426108/5682013922.jpg, https://d2j6dbq0eux0bg.cloudfront.net/images/104219285/products/826426108/5682020626.jpg, https://d2j6dbq0eux0bg.cloudfront.net/images/104219285/products/826426108/5682015456.jpg, https://d2j6dbq0eux0bg.cloudfront.net/images/104219285/products/826426108/5682013928.jpg, https://d2j6dbq0eux0bg.cloudfront.net/images/104219285/products/826426108/5682015462.jpg, https://d2j6dbq0eux0bg.cloudfront.net/images/104219285/products/826426108/5682020632.jpg, https://d2j6dbq0eux0bg.cloudfront.net/images/104219285/products/826426108/5682006918.jpg, https://d2j6dbq0eux0bg.cloudfront.net/images/104219285/products/826426108/5682006924.jpg",,,,,,,,,39,"Elite K9",Talla,"XS, S, M, L, XL, XXL",1,0,,,,,,,,,,,,826426108,https://www.specialk9.com/Traje-de-Mordida-para-Semi-Competencia-p826426108,"Traje de Mordida para Semi Competencia","Descripción El traje Semi Competition ofrece un equilibrio ideal entre movilidad y protección, siendo la elección principal de decoys que necesitan máxima flexibilidad. Es perfecto para entrenamientos avanzados, escenarios tácticos y mejorar la técnica de mordida del perro. Incluye bolso de…"
variation,"BS100 XXL",,"Traje de Mordida para Semi Competencia - XXL",1,,visible,,,taxable,parent,1,0,1,1,0,,,,,,,,1305111.00,,,,,,,BS100,,,,,,,,Talla,XXL,1,0,,,,,,,,,,,,826426108,,,
variation,"BS100 XL",,"Traje de Mordida para Semi Competencia - XL",1,,visible,,,taxable,parent,1,0,1,1,0,,,,,,,,1305111.00,,,,,,,BS100,,,,,,,,Talla,XL,1,0,,,,,,,,,,,,826426108,,,
variation,"BS100 L",,"Traje de Mordida para Semi Competencia - L",1,,visible,,,taxable,parent,1,0,1,1,0,,,,,,,,1305111.00,,,,,,,BS100,,,,,,,,Talla,L,1,0,,,,,,,,,,,,826426108,,,
variation,"BS100 M",,"Traje de Mordida para Semi Competencia - M",1,,visible,,,taxable,parent,1,0,1,1,0,,,,,,,,1305111.00,,,,,,,BS100,,,,,,,,Talla,M,1,0,,,,,,,,,,,,826426108,,,
variation,"BS100 S",,"Traje de Mordida para Semi Competencia - S",1,,visible,,,taxable,parent,1,0,1,1,0,,,,,,,,1305111.00,,,,,,,BS100,,,,,,,,Talla,S,1,0,,,,,,,,,,,,826426108,,,
variation,"BS100 XS",,"Traje de Mordida para Semi Competencia - XS",1,,visible,,,taxable,parent,1,0,1,1,0,,,,,,,,1305111.00,,,,,,,BS100,,,,,,,,Talla,XS,1,0,,,,,,,,,,,,826426108,,,
variable,BS025,,"Traje de Protección de Mordida Camuflaje Woodland",1,1,visible,,"<div></div><details><summary>Descripción</summary><section><p>Traje de mordida de alta calidad, fabricado de forma artesanal para ofrecer flexibilidad y facilidad de movimiento. Brinda un nivel de protección comparable al de trajes más robustos, sin resultar restrictivo para el figurante.</p><p>Material: Lino Francés</p><p>Color: Camuflado</p></section></details><details><summary>Tallas</summary><section><strong>M: </strong><p><br></p>
<ul><li><strong> </strong>1.11 mts Pecho</li><li>1.01 mts Cintura</li><li> 69 cm Entrepierna</li><li> 61 cm Largo de Brazos</li></ul><br><strong>L:</strong><p><br></p>
<ul><li> 1.19 mts Pecho</li><li>1.12 mts Cintura</li><li> 71 cm Entrepierna</li><li> 64 cm Largo de Brazos</li></ul><strong>XL:</strong><p><br></p>
<ul><li> 1.35 mts Pecho</li><li>1.22 mts Cintura</li><li> 71 cm Entrepierna</li><li> 64 cm Largo de Brazos</li></ul><strong>XXL:<br></strong><ul><li> 1.37 mts Pecho</li><li>1.37 mts Cintura</li><li> 71 cm Entrepierna</li><li> 66 cm Largo de Brazos</li></ul></section></details><details><summary>Garantía</summary><section><div>Garantía por defectos de fábrica. Cortes y mordeduras no serán contemplados dentro de la garantía.</div><div><strong>Devoluciones</strong></div><div>Se realiza cambio si el producto presenta defecto de fábrica.</div><div>Muy respetuosamente pedimos que, al momento de solicitarnos un producto, tenga las medidas necesarias.</div><div>No se hacen reembolsos, se hacen cambios por productos disponibles, completando el mismo monto cancelado.</div></section></details>",taxable,,,,,,0,0.0,0.0,0.0,0.0,1,,,,"Traje de Mordida, Todos los Productos",,,"https://d2j6dbq0eux0bg.cloudfront.net/images/104219285/products/825331635/5672793662.jpg, https://d2j6dbq0eux0bg.cloudfront.net/images/104219285/products/825331635/5672791936.jpg, https://d2j6dbq0eux0bg.cloudfront.net/images/104219285/products/825331635/5672779245.png",,,,,,,,,37,"Elite K9",Talla,"M, L, XL, XXL",1,0,,,,,,,,,,,,825331635,https://www.specialk9.com/Traje-de-Proteccion-de-Mordida-Camuflaje-Woodland-p825331635,"Traje de Protección de Mordida Camuflaje Woodland","Descripción Traje de mordida de alta calidad, fabricado de forma artesanal para ofrecer flexibilidad y facilidad de movimiento. Brinda un nivel de protección comparable al de trajes más robustos, sin resultar restrictivo para el figurante. Material: Lino Francés Color: Camuflado Tallas M: 
 1.11 mts…"
variation,"BS025 XXL",,"Traje de Protección de Mordida Camuflaje Woodland - XXL",1,,visible,,,taxable,parent,1,0,1,1,0,,,,,,,,1305111.00,,,,,,,BS025,,,,,,,,Talla,XXL,1,0,,,,,,,,,,,,825331635,,,
variation,"BS025 XL",,"Traje de Protección de Mordida Camuflaje Woodland - XL",1,,visible,,,taxable,parent,1,0,1,1,0,,,,,,,,1305111.00,,,,,,,BS025,,,,,,,,Talla,XL,1,0,,,,,,,,,,,,825331635,,,
variation,"BS025 L",,"Traje de Protección de Mordida Camuflaje Woodland - L",1,,visible,,,taxable,parent,1,0,1,1,0,,,,,,,,1305111.00,,,,,,,BS025,,,,,,,,Talla,L,1,0,,,,,,,,,,,,825331635,,,
variation,"BS025 M",,"Traje de Protección de Mordida Camuflaje Woodland - M",1,,visible,,,taxable,parent,1,0,1,1,0,,,,,,,,1305111.00,,,,,,,BS025,,,,,,,,Talla,M,1,0,,,,,,,,,,,,825331635,,,
variable,BS01,,"Traje de Protección de Mordida Sintético",1,1,visible,,"<details><summary>Descripción</summary><section><p>Traje de mordida de alta calidad, fabricado artesanalmente para ofrecer máxima flexibilidad y libertad de movimiento. Proporciona un nivel de protección comparable al de trajes más voluminosos, sin limitar el desempeño del figurante durante el entrenamiento.<br><br>Colores disponible:<br>  Azul <br> Rojo <br> Verde Oliva <br> Gris <br> Negro<br></p></section></details><details><summary>Tallas</summary><section><p><strong>M:</strong></p><ul><li>1.11 mts Pecho</li><li>1.01 mts Cintura</li><li>69 cm Entrepierna</li><li>61 cm Largo de Brazos</li></ul><p><strong>L:</strong></p><ul><li>1.19 mts Pecho</li><li>1.12 mts Cintura</li><li>71 cm Entrepierna</li><li>64 cm Largo de Brazos</li></ul><p><strong>XL:</strong></p><ul><li>1.35 mts Pecho</li><li>1.22 mts Cintura</li><li>71 cm Entrepierna</li><li>64 cm Largo de Brazos</li></ul><p><strong>XXL:</strong></p><ul><li>1.37 mts Pecho</li><li>1.37 mts Cintura</li><li>71 cm Entrepierna</li><li>66 cm Largo de Brazos</li></ul></section></details><details><summary>Garantía</summary><section><div>Garantía por defectos de fábrica. Cortes y mordeduras no serán contemplados dentro de la garantía.</div><div><strong>Devoluciones</strong></div><div>Se realiza cambio si el producto presenta defecto de fábrica.</div><div>Muy respetuosamente pedimos que, al momento de solicitarnos un producto, tenga las medidas necesarias.</div><div>No se hacen reembolsos, se hacen cambios por productos disponibles, completando el mismo monto cancelado.</div></section></details>",taxable,,,,,,0,0.0,0.0,0.0,0.0,1,,,,"Todos los Productos, Traje de Mordida",,,"https://d2j6dbq0eux0bg.cloudfront.net/images/104219285/products/825355773/5672876002.jpg, https://d2j6dbq0eux0bg.cloudfront.net/images/104219285/products/825355773/5672855933.jpg, https://d2j6dbq0eux0bg.cloudfront.net/images/104219285/products/825355773/5672876008.jpg, https://d2j6dbq0eux0bg.cloudfront.net/images/104219285/products/825355773/5672876014.jpg, https://d2j6dbq0eux0bg.cloudfront.net/images/104219285/products/825355773/5672855939.jpg, https://d2j6dbq0eux0bg.cloudfront.net/images/104219285/products/825355773/5672861380.jpg",,,,,,,,,38,"Elite K9",Talla,"M, L, XL, XXL",1,0,,,,,,,,,,,,825355773,https://www.specialk9.com/Traje-de-Proteccion-de-Mordida-Sintetico-p825355773,"Traje de Protección de Mordida Sintético","Descripción Traje de mordida de alta calidad, fabricado artesanalmente para ofrecer máxima flexibilidad y libertad de movimiento. Proporciona un nivel de protección comparable al de trajes más voluminosos, sin limitar el desempeño del figurante durante el entrenamiento. Colores disponible: Azul Rojo…"
variation,"BS01 XXL",,"Traje de Protección de Mordida Sintético - XXL",1,,visible,,,taxable,parent,1,0,1,1,0,,,,,,,,1305111.00,,,,,,,BS01,,,,,,,,Talla,XXL,1,0,,,,,,,,,,,,825355773,,,
variation,"BS01 XL",,"Traje de Protección de Mordida Sintético - XL",1,,visible,,,taxable,parent,1,0,1,1,0,,,,,,,,1305111.00,,,,,,,BS01,,,,,,,,Talla,XL,1,0,,,,,,,,,,,,825355773,,,
variation,"BS01 L",,"Traje de Protección de Mordida Sintético - L",1,,visible,,,taxable,parent,1,0,1,1,0,,,,,,,,1305111.00,,,,,,,BS01,,,,,,,,Talla,L,1,0,,,,,,,,,,,,825355773,,,
variation,"BS01 M",,"Traje de Protección de Mordida Sintético - M",1,,visible,,,taxable,parent,1,0,1,1,0,,,,,,,,1305111.00,,,,,,,BS01,,,,,,,,Talla,M,1,0,,,,,,,,,,,,825355773,,,
variable,SDC,,"Transportadora de aromas",1,0,visible,,"<details><summary>Descripción</summary><section><p>El estuche está hecho de un material de nailon reforzado de alto impacto y cuenta con pasadores de bisagra de acero inoxidable, una junta tórica de caucho de silicona para que el estuche sea hermético e impermeable y una disposición que le permite colocar dos candados en el estuche si lo desea.</p><p>El estuche viene con:<br>Seis (6) o doce (12) frascos aromáticos herméticos<br>Juego completo de etiquetas de ayuda para la formación.</p></section></details><details><summary>Tamaños</summary><section><p>Dimensiones:<br>6 frascos: 14.1"" de largo x 10.6"" de ancho x 6.1"" de profundidad</p><p>12 frascos: 18.6"" de largo x 14.5"" de ancho x 5.9"" de profundidad</p></section></details><details><summary>Garantía</summary><section><div>Garantía por defectos de fábrica. Cortes, golpes o quebraduras no serán contemplados dentro de la garantía.</div><div><strong>Devoluciones</strong></div><div>Se realiza cambio si el producto presenta defecto de fábrica. </div><div>No se hacen reembolsos, se hacen cambios por productos disponibles, completando el mismo monto cancelado.</div></section></details><p><br><br></p>",taxable,,,,,,0,0.0,0.0,0.0,0.0,1,,,,"Detección, Todos los Productos",,,"https://d2j6dbq0eux0bg.cloudfront.net/images/104219285/products/695799520/4541172214.png, https://d2j6dbq0eux0bg.cloudfront.net/images/104219285/products/695799520/4594940806.jpg, https://d2j6dbq0eux0bg.cloudfront.net/images/104219285/products/695799520/4541177800.jpg, https://d2j6dbq0eux0bg.cloudfront.net/images/104219285/products/695799520/4594937728.jpg",,,,,,,,,,"Elite K9",Dimensiones,"6 Frascos, 12 Frascos",1,0,,,,,,,,,,,,695799520,https://www.specialk9.com/Transportadora-de-aromas-p695799520,"Transportadora de aromas","Descripción El estuche está hecho de un material de nailon reforzado de alto impacto y cuenta con pasadores de bisagra de acero inoxidable, una junta tórica de caucho de silicona para que el estuche sea hermético e impermeable y una disposición que le permite colocar dos candados en el estuche si lo…"
variation,SDC12,,"Transportadora de aromas - 12 Frascos",1,,visible,,,taxable,parent,1,0,1,1,0,,,,,,,,216000.00,,,,,,,SDC,,,,,,,,Dimensiones,"12 Frascos",1,0,,,,,,,,,,,,695799520,,,
variation,SDC6,,"Transportadora de aromas - 6 Frascos",1,,visible,,,taxable,parent,1,-1,1,1,0,,,,,,,,146000.00,,,,,,,SDC,,,,,,,,Dimensiones,"6 Frascos",1,0,,,,,,,,,,,,695799520,,,
variable,CSDC,,"Transportadora de Aromas Coyote",1,0,visible,,"<details><summary>Descripción</summary><section><div>Transportadora de Aromas Coyte</div><div>El Estuche Ultra para Aromas Color Coyote Tan está fabricado con nylon reforzado de alta resistencia a impactos. Cuenta con pasadores de bisagra de acero inoxidable, un sello de goma de silicona tipo O-ring que proporciona un cierre hermético e impermeable, y espacios para colocar hasta dos candados para mayor seguridad.</div><div>Incluye:</div><div>Seis (6) o doce (12) frascos herméticos para aromas.</div><div>Juego completo de etiquetas para ayudas de entrenamiento.</div></section></details>",taxable,,,,,,0,4.3,0.0,0.0,0.0,1,,,,"Detección, Todos los Productos",,,"https://d2j6dbq0eux0bg.cloudfront.net/images/104219285/products/839564986/5801914166.jpg, https://d2j6dbq0eux0bg.cloudfront.net/images/104219285/products/839564986/5801934511.jpg, https://d2j6dbq0eux0bg.cloudfront.net/images/104219285/products/839564986/5801919105.jpg, https://d2j6dbq0eux0bg.cloudfront.net/images/104219285/products/839564986/5801912678.jpg",,,,,,,,,,"Elite K9",Tamaño,"6 jarras, 12 jarras",1,0,,,,,,,,,,,,839564986,https://www.specialk9.com/Transportadora-de-Aromas-Coyote-p839564986,"Transportadora de Aromas Coyote","Descripción Transportadora de Aromas Coyte El Estuche Ultra para Aromas Color Coyote Tan está fabricado con nylon reforzado de alta resistencia a impactos. Cuenta con pasadores de bisagra de acero inoxidable, un sello de goma de silicona tipo O-ring que proporciona un cierre hermético e impermeable,…"
variation,CSDC-12,,"Transportadora de Aromas Coyote - 12 jarras",1,,visible,,,taxable,parent,1,0,1,1,0,,,,,,,,305000.00,,,,,,,CSDC,,,,,,,,Tamaño,"12 jarras",1,0,,,,,,,,,,,,839564986,,,
variation,CSDC-6,,"Transportadora de Aromas Coyote - 6 jarras",1,,visible,,,taxable,parent,1,-1,1,1,0,,,,,,,,202000.00,,,,,,,CSDC,,,,,,,,Tamaño,"6 jarras",1,0,,,,,,,,,,,,839564986,,,
variable,"UL VARI",,"Transportadora Ultra Vari Kennel",1,1,visible,,"<details><summary>Descripción</summary><section><ul><li>Altamente resistente.</li><li>Fabricado con un 90 % de contenido de plástico reciclado preconsumo.</li><li>Ideal para viajes en carro o en avión.</li><li>Satisface el instinto natural de los perros de buscar refugio.</li><li>Herrajes duraderos.</li><li>Fácil de montar.</li></ul></section></details><details><summary>Garantía</summary><section><div>Garantía por defectos de fábrica. Cortes y golpes no serán contemplados dentro de la garantía.</div><div><strong>Devoluciones</strong></div><div>Se realiza cambio si el producto presenta defecto de fábrica.</div><div>Muy respetuosamente pedimos que, al momento de solicitarnos un producto, tenga las medidas necesarias.</div><div>No se hacen reembolsos, se hacen cambios por productos disponibles, completando el mismo monto cancelado.</div></section></details>",taxable,,,,,,0,1.0,0.0,0.0,0.0,1,,,,"Seguridad y Protección Canina, Todos los Productos",,,"https://d2j6dbq0eux0bg.cloudfront.net/images/104219285/products/727287625/4775415858.jpg, https://d2j6dbq0eux0bg.cloudfront.net/images/104219285/products/727287625/4775415853.jpg, https://d2j6dbq0eux0bg.cloudfront.net/images/104219285/products/727287625/4775415863.jpg, https://d2j6dbq0eux0bg.cloudfront.net/images/104219285/products/727287625/4775423755.jpg",,,,,,,,,5,"Pet Mate",Tamaño,"36"", 40""",1,0,,,,,,,,,,,,727287625,https://www.specialk9.com/Transportadora-Ultra-Vari-Kennel-p727287625,"Transportadora Ultra Vari Kennel","Descripción Altamente resistente. Fabricado con un 90 % de contenido de plástico reciclado preconsumo. Ideal para viajes en carro o en avión. Satisface el instinto natural de los perros de buscar refugio. Herrajes duraderos. Fácil de montar. Garantía Garantía por defectos de fábrica. Cortes y golpes…"
variation,PM21564,,"Transportadora Ultra Vari Kennel - 40""",1,,visible,,,taxable,parent,1,1,0,1,0,,,,,,,,185000.00,,,,,,,"UL VARI",,,,,,,,Tamaño,"40""",1,0,,,,,,,,,,,,727287625,,,
variation,PM21563,,"Transportadora Ultra Vari Kennel - 36""",1,,visible,,,taxable,parent,1,0,0,1,0,,,,,,,,170000.00,,,,,,,"UL VARI",,,,,,,,Tamaño,"36""",1,0,,,,,,,,,,,,727287625,,,
simple,029695219504,029695219504,"Transportadora Vari Kennel 40""",1,1,visible,,"<details><summary>Descripción</summary><section><p>Transportadora rígida de alto rendimiento diseñada para entrenamiento, transporte y viajes terrestres o aéreos con perros de tamaño mediano a grande. Su construcción de dos piezas proporciona una estructura resistente y segura, mientras que el sistema de ventilación de 360° favorece una adecuada circulación del aire durante el transporte.</p><p>Cuenta con una puerta frontal metálica con mecanismo de cierre de presión, un piso interior elevado que ayuda a mantener al perro alejado de líquidos y orificios de anclaje para asegurar la transportadora mediante correas o bridas durante el transporte y viajes aéreos.</p></section></details><details><summary>Especificaciones</summary><section><li>Modelo: Vari Kennel 40""</li><li>Material principal: Plástico reciclado de alta resistencia</li><li>Material de la puerta: Acero con acabado resistente a la corrosión</li><li>Dimensiones exteriores: 40"" x 27"" x 30"" (101,6 x 68,6 x 76,2 cm)</li><li>Dimensiones interiores: 36,25"" x 24,75"" x 28,8"" (92,1 x 62,9 x 73,2 cm)</li><li>Peso del producto: 31 lb (14,1 kg)</li><li>Capacidad recomendada: Perros de 70 a 90 lb (31,7 a 40,8 kg)</li><li>Sistema de ventilación: Ventilación de 360°</li><li>Sistema de cierre: Pestillo frontal de presión</li><li>Herrajes de ensamblaje incluidos</li><li>Orificios para correas o bridas de seguridad</li><li>Compatible con la mayoría de requisitos para transporte aéreo</li><li>Fabricado en Estados Unidos</li></section></details><details><summary>Garantía</summary><section><div>Garantía por defectos de fábrica. Cortes y golpes no serán contemplados dentro de la garantía.</div><div><strong>Devoluciones</strong></div><div>Se realiza cambio si el producto presenta defecto de fábrica.</div><div>Muy respetuosamente pedimos que, al momento de solicitarnos un producto, tenga las medidas necesarias.</div><div>No se hacen reembolsos, se hacen cambios por productos disponibles, completando el mismo monto cancelado.</div></section></details>",taxable,,1,4,0,0,0,14.1,40.0,27.0,30.0,1,,,175000.00,"Seguridad y Protección Canina, Todos los Productos",,,"https://d2j6dbq0eux0bg.cloudfront.net/images/104219285/products/794814084/5354455983.jpg, https://d2j6dbq0eux0bg.cloudfront.net/images/104219285/products/794814084/5354475514.jpg, https://d2j6dbq0eux0bg.cloudfront.net/images/104219285/products/794814084/5354475526.jpg, https://d2j6dbq0eux0bg.cloudfront.net/images/104219285/products/794814084/5354475520.jpg, https://d2j6dbq0eux0bg.cloudfront.net/images/104219285/products/794814084/5354455977.jpg, https://d2j6dbq0eux0bg.cloudfront.net/images/104219285/products/794814084/5354449899.jpg",,,,,,,,,3,"Pet Mate",,,,,,,,,,,,,,,,794814084,https://www.specialk9.com/Transportadora-Vari-Kennel-40-p794814084,"Transportadora Vari Kennel 40""","Descripción Transportadora rígida de alto rendimiento diseñada para entrenamiento, transporte y viajes terrestres o aéreos con perros de tamaño mediano a grande. Su construcción de dos piezas proporciona una estructura resistente y segura, mientras que el sistema de ventilación de 360° favorece una…"
variable,SD55,,"Tubo para Entrenamiento de Aromas",1,0,visible,,"<details><summary>Descripción</summary><section><p>El tubo con roscada está hecha de PVC gris cédula 80 de alta resistencia y cuenta con orificios para distribuir uniformemente el aroma de la ayuda de entrenamiento y tapas de extremo roscadas para mayor seguridad.</p><p>Tamaños disponibles:<br>6"" x 3/4""<br>9"" x 1""</p></section></details><details><summary>Devoluciones</summary><section><p>Se realiza cambio si el producto presenta defecto de fábrica. </p><p>No se hacen reembolsos, se hacen cambios por productos disponibles, completando el mismo monto cancelado.<br></p><div>Cortes, mordeduras y golpes no serán contemplados dentro de la garantía.</div><div></div></section></details><p><br></p>",taxable,,,,,,0,0.0,0.0,0.0,0.0,1,,,,"Detección, Todos los Productos",,,https://d2j6dbq0eux0bg.cloudfront.net/images/104219285/4541163027.png,,,,,,,,,,"Elite K9",Tamaño,"6"" x 3/4"", 9"" x 1""",1,0,,,,,,,,,,,,695798251,https://www.specialk9.com/Tubo-para-Entrenamiento-de-Aromas-p695798251,"Tubo para Entrenamiento de Aromas","Descripción El tubo con roscada está hecha de PVC gris cédula 80 de alta resistencia y cuenta con orificios para distribuir uniformemente el aroma de la ayuda de entrenamiento y tapas de extremo roscadas para mayor seguridad. Tamaños disponibles: 6"" x 3/4"" 9"" x 1"" Devoluciones Se realiza cambio si…"
variation,"SD55 9",,"Tubo para Entrenamiento de Aromas - 9"" x 1""",1,,visible,,,taxable,parent,1,0,1,1,0,,,,,,,,12500.00,,,,,,,SD55,,,,,,,,Tamaño,"9"" x 1""",1,0,,,,,,,,,,,,695798251,,,
variation,"SD55 6",,"Tubo para Entrenamiento de Aromas - 6"" x 3/4""",1,,visible,,,taxable,parent,1,0,1,1,0,,,,,,,,10500.00,,,,,,,SD55,,,,,,,,Tamaño,"6"" x 3/4""",1,0,,,,,,,,,,,,695798251,,,
simple,1061239,,"Tubo PVC 12"" x 1 1/2""",1,1,visible,,"<p>Fabricado en PVC de alta resistencia, ofrece una solución ligera, durable.</p> <h3>Características</h3> <ul> <li> Tubo de PVC t</li> <li> Diámetro: 1.5"" (38 mm) </li> <li> Longitud: 12""</li> <li> Diseño liviano y fácil de manipular </li> <li> Resistente a la corrosión y humedad</li> <li> Superficie interna lisa</li></ul>",taxable,,0,0,1,0,0,0.0,0.0,0.0,0.0,1,,,2200.00,,,,https://d2j6dbq0eux0bg.cloudfront.net/images/104219285/products/837202362/5780689847.png,,,,,,,,,68,"El Lagar",,,,,,,,,,,,,,,,837202362,https://www.specialk9.com/Tubo-PVC-12-x-1-1-2-p837202362,"Tubo PVC 12"" x 1 1/2""","Fabricado en PVC de alta resistencia, ofrece una solución ligera, durable. Características Tubo de PVC t Diámetro: 1.5"" (38 mm) Longitud: 12"" Diseño liviano y fácil de manipular Resistente a la corrosión y humedad Superficie interna lisa"
simple,G10,076484612305,"Undercoat Rake",1,0,visible,,"<details><summary>Descripción</summary><section><p>Diseñado para razas con subpelo medio. Las horquillas largas y redondeadas ayudan a eliminar el pelo que se cae de la capa interna sin tocar la capa superior. Esta herramienta evita que se enreden cuando se usa con regularidad. Las cómodas patillas redondeadas favorecen una piel sana estimulando la circulación. El mango ergonómico y antideslizante facilita el trabajo de aseo.</p><p>Las clavijas cónicas de precisión de este rastrillo para la capa interna penetrarán profundamente en el pelaje de su mascota y eliminarán la capa interna suelta sin quitar el resto del pelo. Especialmente indicado para razas con pelaje grueso y pesado y razas con subpelo. El diseño del rastrillo permite sacar los dientes a través del pelaje con poco esfuerzo.</p></section></details><details><summary>Garantía</summary><section><div>Garantía por defectos de fábrica. Golpes no serán contemplados dentro de la garantía.</div><div><strong>Devoluciones</strong></div><div>Se realiza cambio si el producto presenta defecto de fábrica. </div><p>No se hacen reembolsos, se hacen cambios por productos disponibles, completando el mismo monto cancelado.</p></section></details><p><br></p>",taxable,,1,1,1,1,0,0.1,0.0,0.0,0.0,1,,,18000.00,"Grooming, Todos los Productos",,,https://d2j6dbq0eux0bg.cloudfront.net/images/104219285/4553362931.jpg,,,,,,,,,,Safari,,,,,,,,,,,,,,,,697593349,https://www.specialk9.com/Undercoat-Rake-p697593349,"Undercoat Rake","Descripción Diseñado para razas con subpelo medio. Las horquillas largas y redondeadas ayudan a eliminar el pelo que se cae de la capa interna sin tocar la capa superior. Esta herramienta evita que se enreden cuando se usa con regularidad. Las cómodas patillas redondeadas favorecen una piel sana…"
simple,K20,,"Ventilador para caja transportadora",-1,0,hidden,,"<p><br></p><details><summary>Descripción</summary><section><p>Ventilador para jaula/caja transportadora.</p><p>Medidas: 9 x 17 x 19 cm</p><p>Características</p><li>Se acopla a cualquier jaula, cajón o transportador para mascotas• Dos velocidades silenciosas• Mantiene a las mascotas más frescas• Funciona con 2 baterías tamaño ""D"" (no incluidas)</li></section></details><details><summary>Garantía</summary><section><div>Garantía por defectos de fábrica. Cortes, golpes y mordeduras no serán contemplados dentro de la garantía.</div><div><strong>Devoluciones</strong></div><div>Se realiza cambio si el producto presenta defecto de fábrica. </div><div>Muy respetuosamente pedimos que, al momento de solicitarnos un producto, tenga las medidas necesarias.</div><div>No se hacen reembolsos, se hacen cambios por productos disponibles, completando el mismo monto cancelado.</div></section></details><p><br></p>",taxable,,0,0,1,0,0,0.4,0.0,0.0,0.0,1,,,10000.00,"Seguridad y Protección Canina, Todos los Productos",,,https://d2j6dbq0eux0bg.cloudfront.net/images/104219285/4597560528.jpg,,,,,,,,,,,,,,,,,,,,,,,,,,696660333,https://www.specialk9.com/Ventilador-para-caja-transportadora-p696660333,"Ventilador para caja transportadora","Descripción Ventilador para jaula/caja transportadora. Medidas: 9 x 17 x 19 cm Características Se acopla a cualquier jaula, cajón o transportador para mascotas• Dos velocidades silenciosas• Mantiene a las mascotas más frescas• Funciona con 2 baterías tamaño ""D"" (no incluidas) Garantía Garantía por…"
simple,VPad,,"Vinyl Pad para Caja Transportadora 40""",1,0,visible,,"<details><summary>Descripción</summary><section><p>Impact Vinyl Pad proporciona una amortiguación suave y un ajuste firme en cualquier jaula para perros Impact.</p><p>Su revestimiento de poliéster y vinilo protege la almohadilla para un uso prolongado. ¡Mantenga a su cachorro cómodo y descansando pacíficamente!</p></section></details><details><summary>Garantía</summary><section><div>Garantía por defectos de fábrica. Cortes y mordeduras no serán contemplados dentro de la garantía.</div><div><strong>Devoluciones</strong></div><div>Se realiza cambio si el producto presenta defecto de fábrica. </div><div>Muy respetuosamente pedimos que, al momento de solicitarnos un producto, tenga las medidas necesarias.</div><div>No se hacen reembolsos, se hacen cambios por productos disponibles, completando el mismo monto cancelado.</div></section></details>",taxable,,1,1,1,1,0,1.0,0.0,0.0,0.0,1,,,70000.00,"Seguridad y Protección Canina, Todos los Productos",,,"https://d2j6dbq0eux0bg.cloudfront.net/images/104219285/4541552309.jpg, https://d2j6dbq0eux0bg.cloudfront.net/images/104219285/4541552314.jpg",,,,,,,,,,,,,,,,,,,,,,,,,,695816959,https://www.specialk9.com/Vinyl-Pad-para-Caja-Transportadora-40-p695816959,"Vinyl Pad para Caja Transportadora 40""","Descripción Impact Vinyl Pad proporciona una amortiguación suave y un ajuste firme en cualquier jaula para perros Impact. Su revestimiento de poliéster y vinilo protege la almohadilla para un uso prolongado. ¡Mantenga a su cachorro cómodo y descansando pacíficamente! Garantía Garantía por defectos…"
